country,region,income_level,subsidy_level,date,petrol_usd_liter,predicted_price,brent_crude_usd
Algeria,Africa,Middle,Very High,2025-01-20,0.182,0.16693376452761055,122.38
Algeria,Africa,Middle,Very High,2025-01-27,0.117,0.18122139286833927,120.18
Algeria,Africa,Middle,Very High,2025-02-03,0.147,0.1047747818003605,119.05
Algeria,Africa,Middle,Very High,2025-02-10,0.165,0.15495556485302836,120.85
Algeria,Africa,Middle,Very High,2025-02-17,0.185,0.15705852435019674,120.24
Algeria,Africa,Middle,Very High,2025-02-24,0.123,0.17872969795652216,119.66
Algeria,Africa,Middle,Very High,2025-03-03,0.156,0.12494642411138067,119.84
Algeria,Africa,Middle,Very High,2025-03-10,0.137,0.15209188138019095,117.71
Algeria,Africa,Middle,Very High,2025-03-17,0.176,0.14217233373887148,118.64
Algeria,Africa,Middle,Very High,2025-03-24,0.156,0.180818010336497,119.96
Algeria,Africa,Middle,Very High,2025-03-31,0.145,0.1584549812139501,120.22
Algeria,Africa,Middle,Very High,2025-04-07,0.164,0.1521737677589329,122.0
Algeria,Africa,Middle,Very High,2025-04-14,0.171,0.15729903811630586,120.21
Algeria,Africa,Middle,Very High,2025-04-21,0.177,0.18016050185515636,122.22
Algeria,Africa,Middle,Very High,2025-04-28,0.206,0.1665430162242374,121.14
Algeria,Africa,Middle,Very High,2025-05-05,0.141,0.19554526695104918,119.41
Algeria,Africa,Middle,Very High,2025-05-12,0.144,0.14008338750042232,118.92
Algeria,Africa,Middle,Very High,2025-05-19,0.155,0.15338371386220648,120.97
Algeria,Africa,Middle,Very High,2025-05-26,0.194,0.1549682658390092,120.74
Algeria,Africa,Middle,Very High,2025-06-02,0.168,0.17805025414210365,119.42
Algeria,Africa,Middle,Very High,2025-06-09,0.098,0.15975401569947908,117.67
Algeria,Africa,Middle,Very High,2025-06-16,0.147,0.09765142034522549,117.34
Algeria,Africa,Middle,Very High,2025-06-23,0.136,0.14276109313415472,114.75
Algeria,Africa,Middle,Very High,2025-06-30,0.136,0.12760715340213646,112.99
Algeria,Africa,Middle,Very High,2025-07-07,0.161,0.14295387528478526,114.64
Algeria,Africa,Middle,Very High,2025-07-14,0.156,0.16570555066997747,116.03
Algeria,Africa,Middle,Very High,2025-07-21,0.135,0.1552990520058764,115.68
Algeria,Africa,Middle,Very High,2025-07-28,0.15,0.12821831249282414,114.92
Algeria,Africa,Middle,Very High,2025-08-04,0.149,0.15202677861129546,114.79
Algeria,Africa,Middle,Very High,2025-08-11,0.153,0.1550615842714834,117.41
Algeria,Africa,Middle,Very High,2025-08-18,0.162,0.15556573355448072,117.69
Algeria,Africa,Middle,Very High,2025-08-25,0.145,0.16726069426681597,118.58
Algeria,Africa,Middle,Very High,2025-09-01,0.164,0.1439365252030797,118.14
Algeria,Africa,Middle,Very High,2025-09-08,0.15,0.16633650269846684,118.01
Algeria,Africa,Middle,Very High,2025-09-15,0.151,0.15415949347189295,118.59
Algeria,Africa,Middle,Very High,2025-09-22,0.192,0.15348699463003598,118.54
Algeria,Africa,Middle,Very High,2025-09-29,0.173,0.19085700582454299,116.06
Algeria,Africa,Middle,Very High,2025-10-06,0.149,0.177818010336497,117.4
Algeria,Africa,Middle,Very High,2025-10-13,0.155,0.13709330113194543,116.46
Algeria,Africa,Middle,Very High,2025-10-20,0.145,0.16083798952701478,118.8
Algeria,Africa,Middle,Very High,2025-10-27,0.137,0.14915949347189295,119.42
Algeria,Africa,Middle,Very High,2025-11-03,0.138,0.13933650269846684,119.31
Algeria,Africa,Middle,Very High,2025-11-10,0.134,0.1408250555183429,119.63
Algeria,Africa,Middle,Very High,2025-11-17,0.157,0.13328134604083272,119.3
Algeria,Africa,Middle,Very High,2025-11-24,0.156,0.14607072655543996,118.52
Algeria,Africa,Middle,Very High,2025-12-01,0.157,0.1587028203675269,118.57
Algeria,Africa,Middle,Very High,2025-12-08,0.181,0.16201524801966397,119.43
Algeria,Africa,Middle,Very High,2025-12-15,0.162,0.17379060617428727,118.67
Algeria,Africa,Middle,Very High,2025-12-22,0.172,0.15024016342928806,117.73
Algeria,Africa,Middle,Very High,2025-12-29,0.181,0.1658060476662297,117.1
Algeria,Africa,Middle,Very High,2026-01-05,0.129,0.18602547144152884,118.04
Algeria,Africa,Middle,Very High,2026-01-12,0.158,0.13397806880129862,119.58
Algeria,Africa,Middle,Very High,2026-01-19,0.196,0.1604549812139501,119.82
Algeria,Africa,Middle,Very High,2026-01-26,0.152,0.19997910522695334,120.32
Algeria,Africa,Middle,Very High,2026-02-02,0.152,0.14001695142223788,119.36
Algeria,Africa,Middle,Very High,2026-02-09,0.154,0.15716211031700658,120.21
Algeria,Africa,Middle,Very High,2026-02-16,0.119,0.1578322429296107,120.67
Algeria,Africa,Middle,Very High,2026-02-23,0.18,0.10582601542819525,119.62
Algeria,Africa,Middle,Very High,2026-03-02,0.161,0.17713611314674288,124.85
Algeria,Africa,Middle,Very High,2026-03-09,0.151,0.1575660180024756,130.0
Algeria,Africa,Middle,Very High,2026-03-16,0.169,0.1535009275250363,130.0
Algeria,Africa,Middle,Very High,2026-03-23,0.185,0.17164385304823065,130.0
Algeria,Africa,Middle,Very High,2026-03-30,0.173,0.18764385304823064,130.0
Algeria,Africa,Middle,Very High,2026-04-06,0.2,0.17564385304823063,130.0
Angola,Africa,Low,High,2025-01-20,0.586,0.5843253864210897,122.38
Angola,Africa,Low,High,2025-01-27,0.587,0.5708446072138872,120.18
Angola,Africa,Low,High,2025-02-03,0.54,0.5756526265975511,119.05
Angola,Africa,Low,High,2025-02-10,0.587,0.55379522878003,120.85
Angola,Africa,Low,High,2025-02-17,0.592,0.5798769126941692,120.24
Angola,Africa,Low,High,2025-02-24,0.581,0.5865480863004947,119.66
Angola,Africa,Low,High,2025-03-03,0.583,0.581634829795205,119.84
Angola,Africa,Low,High,2025-03-10,0.591,0.5670251536864805,117.71
Angola,Africa,Low,High,2025-03-17,0.577,0.5964186517496529,118.64
Angola,Africa,Low,High,2025-03-24,0.595,0.5866625624799006,119.96
Angola,Africa,Low,High,2025-03-31,0.559,0.5966023495193133,120.22
Angola,Africa,Low,High,2025-04-07,0.582,0.5720134316859344,122.0
Angola,Africa,Low,High,2025-04-14,0.597,0.5685568633865002,120.21
Angola,Africa,Low,High,2025-04-21,0.594,0.6127773948551222,122.22
Angola,Africa,Low,High,2025-04-28,0.575,0.5833080435849262,121.14
Angola,Africa,Low,High,2025-05-05,0.596,0.5592302727927998,119.41
Angola,Africa,Low,High,2025-05-12,0.563,0.5959017758443949,118.92
Angola,Africa,Low,High,2025-05-19,0.56,0.5790006068621723,120.97
Angola,Africa,Low,High,2025-05-26,0.578,0.5560730949263294,120.74
Angola,Africa,Low,High,2025-06-02,0.562,0.562805936003287,119.42
Angola,Africa,Low,High,2025-06-09,0.54,0.5481246584061754,117.67
Angola,Africa,Low,High,2025-06-16,0.552,0.5399017758443949,117.34
Angola,Africa,Low,High,2025-06-23,0.559,0.5290436007391913,114.75
Angola,Africa,Low,High,2025-06-30,0.528,0.5449777961088328,112.99
Angola,Africa,Low,High,2025-07-07,0.601,0.5407935392117867,114.64
Angola,Africa,Low,High,2025-07-14,0.569,0.6106235287651539,116.03
Angola,Africa,Low,High,2025-07-21,0.567,0.5686228334568186,115.68
Angola,Africa,Low,High,2025-07-28,0.585,0.561763983827163,114.92
Angola,Africa,Low,High,2025-08-04,0.555,0.5830369457273071,114.79
Angola,Africa,Low,High,2025-08-11,0.539,0.5710448387005708,117.41
Angola,Africa,Low,High,2025-08-18,0.596,0.540786527811617,117.69
Angola,Africa,Low,High,2025-08-25,0.586,0.6021748388147456,118.58
Angola,Africa,Low,High,2025-09-01,0.57,0.5857549135470522,118.14
Angola,Africa,Low,High,2025-09-08,0.553,0.5695346897427666,118.01
Angola,Africa,Low,High,2025-09-15,0.591,0.5574059193880905,118.59
Angola,Africa,Low,High,2025-09-22,0.591,0.5912554101397338,118.54
Angola,Africa,Low,High,2025-09-29,0.608,0.5752663243817068,116.06
Angola,Africa,Low,High,2025-10-06,0.59,0.6176625624799006,117.4
Angola,Africa,Low,High,2025-10-13,0.598,0.578971145929136,116.46
Angola,Africa,Low,High,2025-10-20,0.581,0.6140275364044383,118.8
Angola,Africa,Low,High,2025-10-27,0.576,0.5854059193880904,119.42
Angola,Africa,Low,High,2025-11-03,0.599,0.5755346897427666,119.31
Angola,Africa,Low,High,2025-11-10,0.557,0.6009724238237061,119.63
Angola,Africa,Low,High,2025-11-17,0.608,0.5565317015400022,119.3
Angola,Africa,Low,High,2025-11-24,0.588,0.5979485713526306,118.52
Angola,Africa,Low,High,2025-12-01,0.594,0.5890169311592227,118.57
Angola,Africa,Low,High,2025-12-08,0.602,0.5987502958753337,119.43
Angola,Africa,Low,High,2025-12-15,0.574,0.5956684509714779,118.67
Angola,Africa,Low,High,2025-12-22,0.603,0.5631180082264786,117.73
Angola,Africa,Low,High,2025-12-29,0.587,0.5976244360102022,117.1
Angola,Africa,Low,High,2026-01-05,0.614,0.5922717894523103,118.04
Angola,Africa,Low,High,2026-01-12,0.58,0.6249312281377106,119.58
Angola,Africa,Low,High,2026-01-19,0.55,0.5816023495193133,119.82
Angola,Africa,Low,High,2026-01-26,0.525,0.5535593584033565,120.32
Angola,Africa,Low,High,2026-02-02,0.61,0.5138947962194286,119.36
Angola,Africa,Low,High,2026-02-09,0.583,0.6148971581726762,120.21
Angola,Africa,Low,High,2026-02-16,0.594,0.5864124961060138,120.67
Angola,Africa,Low,High,2026-02-23,0.563,0.5817038602253859,119.62
Angola,Africa,Low,High,2026-03-02,0.621,0.5962573947841371,124.85
Angola,Africa,Low,High,2026-03-09,0.627,0.654416592529411,130.0
Angola,Africa,Low,High,2026-03-16,0.657,0.6285904891171069,130.0
Angola,Africa,Low,High,2026-03-23,0.659,0.6578178601223377,130.0
Angola,Africa,Low,High,2026-03-30,0.645,0.6598178601223377,130.0
Angola,Africa,Low,High,2026-04-06,0.668,0.6458178601223377,130.0
Argentina,South America,Middle,High,2025-01-20,0.734,0.6799017151058343,122.38
Argentina,South America,Middle,High,2025-01-27,0.693,0.7182557034510847,120.18
Argentina,South America,Middle,High,2025-02-03,0.695,0.6817427323785842,119.05
Argentina,South America,Middle,High,2025-02-10,0.721,0.7088853345610628,120.85
Argentina,South America,Middle,High,2025-02-17,0.681,0.7139670184752023,120.24
Argentina,South America,Middle,High,2025-02-24,0.709,0.6756381920815278,119.66
Argentina,South America,Middle,High,2025-03-03,0.683,0.7097249355762381,119.84
Argentina,South America,Middle,High,2025-03-10,0.643,0.6659500270199664,117.71
Argentina,South America,Middle,High,2025-03-17,0.698,0.648508757530686,118.64
Argentina,South America,Middle,High,2025-03-24,0.706,0.7077526682609336,119.96
Argentina,South America,Middle,High,2025-03-31,0.689,0.7076924553003463,120.22
Argentina,South America,Middle,High,2025-04-07,0.707,0.7021035374669674,122.0
Argentina,South America,Middle,High,2025-04-14,0.694,0.6946696808230021,120.21
Argentina,South America,Middle,High,2025-04-21,0.712,0.7098675006361552,122.22
Argentina,South America,Middle,High,2025-04-28,0.716,0.7025109668024611,121.14
Argentina,South America,Middle,High,2025-05-05,0.713,0.7002302727927998,119.41
Argentina,South America,Middle,High,2025-05-12,0.707,0.7129918816254279,118.92
Argentina,South America,Middle,High,2025-05-19,0.72,0.7230907126432053,120.97
Argentina,South America,Middle,High,2025-05-26,0.7,0.7161632007073624,120.74
Argentina,South America,Middle,High,2025-06-02,0.683,0.684805936003287,119.42
Argentina,South America,Middle,High,2025-06-09,0.673,0.6691246584061754,117.67
Argentina,South America,Middle,High,2025-06-16,0.688,0.672991881625428,117.34
Argentina,South America,Middle,High,2025-06-23,0.656,0.6639684740726771,114.75
Argentina,South America,Middle,High,2025-06-30,0.701,0.6419777961088328,112.99
Argentina,South America,Middle,High,2025-07-07,0.648,0.7138836449928198,114.64
Argentina,South America,Middle,High,2025-07-14,0.677,0.657713634546187,116.03
Argentina,South America,Middle,High,2025-07-21,0.685,0.6767129392378518,115.68
Argentina,South America,Middle,High,2025-07-28,0.674,0.6798540896081962,114.92
Argentina,South America,Middle,High,2025-08-04,0.693,0.6730152080714423,114.79
Argentina,South America,Middle,High,2025-08-11,0.68,0.7095766785433472,117.41
Argentina,South America,Middle,High,2025-08-18,0.706,0.68187663359265,117.69
Argentina,South America,Middle,High,2025-08-25,0.712,0.7122649445957787,118.58
Argentina,South America,Middle,High,2025-09-01,0.669,0.7118450193280853,118.14
Argentina,South America,Middle,High,2025-09-08,0.689,0.6686247955237997,118.01
Argentina,South America,Middle,High,2025-09-15,0.653,0.6934960251691235,118.59
Argentina,South America,Middle,High,2025-09-22,0.71,0.653345515920767,118.54
Argentina,South America,Middle,High,2025-09-29,0.649,0.6931911977151926,116.06
Argentina,South America,Middle,High,2025-10-06,0.678,0.6587526682609337,117.4
Argentina,South America,Middle,High,2025-10-13,0.666,0.6670612517101692,116.46
Argentina,South America,Middle,High,2025-10-20,0.694,0.6836963088573412,118.8
Argentina,South America,Middle,High,2025-10-27,0.67,0.6984960251691235,119.42
Argentina,South America,Middle,High,2025-11-03,0.671,0.6696247955237997,119.31
Argentina,South America,Middle,High,2025-11-10,0.698,0.6730625296047392,119.63
Argentina,South America,Middle,High,2025-11-17,0.677,0.6976218073210351,119.3
Argentina,South America,Middle,High,2025-11-24,0.673,0.6670386771336637,118.52
Argentina,South America,Middle,High,2025-12-01,0.675,0.6741070369402559,118.57
Argentina,South America,Middle,High,2025-12-08,0.716,0.6798404016563667,119.43
Argentina,South America,Middle,High,2025-12-15,0.7,0.709758556752511,118.67
Argentina,South America,Middle,High,2025-12-22,0.667,0.6892081140075117,117.73
Argentina,South America,Middle,High,2025-12-29,0.671,0.6617145417912353,117.1
Argentina,South America,Middle,High,2026-01-05,0.716,0.6763618952333434,118.04
Argentina,South America,Middle,High,2026-01-12,0.703,0.7270213339187437,119.58
Argentina,South America,Middle,High,2026-01-19,0.682,0.7046924553003463,119.82
Argentina,South America,Middle,High,2026-01-26,0.698,0.6856494641843895,120.32
Argentina,South America,Middle,High,2026-02-02,0.69,0.6869849020004616,119.36
Argentina,South America,Middle,High,2026-02-09,0.712,0.6949872639537092,120.21
Argentina,South America,Middle,High,2026-02-16,0.733,0.7155026018870468,120.67
Argentina,South America,Middle,High,2026-02-23,0.69,0.720793966006419,119.62
Argentina,South America,Middle,High,2026-03-02,0.744,0.7245371136277403,124.85
Argentina,South America,Middle,High,2026-03-09,0.749,0.7782263032662481,130.0
Argentina,South America,Middle,High,2026-03-16,0.735,0.7496375250044948,130.0
Argentina,South America,Middle,High,2026-03-23,0.772,0.7354003140619187,130.0
Argentina,South America,Middle,High,2026-03-30,0.736,0.7724003140619187,130.0
Argentina,South America,Middle,High,2026-04-06,0.718,0.7364003140619186,130.0
Australia,Oceania,High,Low,2025-01-20,3.922,3.9519956716582523,122.38
Australia,Oceania,High,Low,2025-01-27,3.869,3.8510599892049986,120.18
Australia,Oceania,High,Low,2025-02-03,3.827,3.83545180031555,119.05
Australia,Oceania,High,Low,2025-02-10,3.874,3.883489947585569,120.85
Australia,Oceania,High,Low,2025-02-17,3.899,3.85460665438455,120.24
Australia,Oceania,High,Low,2025-02-24,3.847,3.8812778279908753,119.66
Australia,Oceania,High,Low,2025-03-03,3.857,3.8502324057305435,119.84
Australia,Oceania,High,Low,2025-03-10,3.819,3.7886810798012083,117.71
Australia,Oceania,High,Low,2025-03-17,3.812,3.8460569419760198,118.64
Australia,Oceania,High,Low,2025-03-24,3.906,3.8572821685916825,119.96
Australia,Oceania,High,Low,2025-03-31,3.861,3.9125687131492635,120.22
Australia,Oceania,High,Low,2025-04-07,3.947,3.917266735578519,122.0
Australia,Oceania,High,Low,2025-04-14,3.858,3.8892241732435173,120.21
Australia,Oceania,High,Low,2025-04-21,3.958,3.924286361610639,122.22
Australia,Oceania,High,Low,2025-04-28,3.868,3.9251072173029256,121.14
Australia,Oceania,High,Low,2025-05-05,3.814,3.8078975826498165,119.41
Australia,Oceania,High,Low,2025-05-12,3.852,3.8016315175347755,118.92
Australia,Oceania,High,Low,2025-05-19,3.887,3.9185095736176887,120.97
Australia,Oceania,High,Low,2025-05-26,3.865,3.877727586079376,120.74
Australia,Oceania,High,Low,2025-06-02,3.846,3.819193551463483,119.42
Australia,Oceania,High,Low,2025-06-09,3.796,3.787791968263192,117.67
Australia,Oceania,High,Low,2025-06-16,3.748,3.7845294134679173,117.34
Australia,Oceania,High,Low,2025-06-23,3.69,3.65546025335108,114.75
Australia,Oceania,High,Low,2025-06-30,3.642,3.6316451059658497,112.99
Australia,Oceania,High,Low,2025-07-07,3.718,3.697189749540673,114.64
Australia,Oceania,High,Low,2025-07-14,3.727,3.7634019263556717,116.03
Australia,Oceania,High,Low,2025-07-21,3.711,3.7154092625590773,115.68
Australia,Oceania,High,Low,2025-07-28,3.674,3.692998659957686,114.92
Australia,Oceania,High,Low,2025-08-04,3.692,3.668963467025348,114.79
Australia,Oceania,High,Low,2025-08-11,3.775,3.778699154395546,117.41
Australia,Oceania,High,Low,2025-08-18,3.777,3.7819116829203026,117.69
Australia,Oceania,High,Low,2025-08-25,3.819,3.8043775199344734,118.58
Australia,Oceania,High,Low,2025-09-01,3.779,3.806484655237433,118.14
Australia,Oceania,High,Low,2025-09-08,3.803,3.7746231340833716,118.01
Australia,Oceania,High,Low,2025-09-15,3.83,3.821725860314947,118.59
Australia,Oceania,High,Low,2025-09-22,3.824,3.829211982958923,118.54
Australia,Oceania,High,Low,2025-09-29,3.729,3.752161860861956,116.06
Australia,Oceania,High,Low,2025-10-06,3.789,3.7742821685916828,117.4
Australia,Oceania,High,Low,2025-10-13,3.757,3.7590219783164893,116.46
Australia,Oceania,High,Low,2025-10-20,3.82,3.828362565494813,118.8
Australia,Oceania,High,Low,2025-10-27,3.809,3.838725860314947,119.42
Australia,Oceania,High,Low,2025-11-03,3.858,3.804623134083372,119.31
Australia,Oceania,High,Low,2025-11-10,3.866,3.864938787453656,119.63
Australia,Oceania,High,Low,2025-11-17,3.854,3.854159339163525,119.3
Australia,Oceania,High,Low,2025-11-24,3.83,3.8290029848883016,118.52
Australia,Oceania,High,Low,2025-12-01,3.812,3.8305499385473127,118.57
Australia,Oceania,High,Low,2025-12-08,3.839,3.835242864055364,119.43
Australia,Oceania,High,Low,2025-12-15,3.817,3.8203387362086403,118.67
Australia,Oceania,High,Low,2025-12-22,3.761,3.787168840613832,117.73
Australia,Oceania,High,Low,2025-12-29,3.754,3.743354177700583,117.1
Australia,Oceania,High,Low,2026-01-05,3.8,3.780910079678677,118.04
Australia,Oceania,High,Low,2026-01-12,3.85,3.8543320529012686,119.58
Australia,Oceania,High,Low,2026-01-19,3.862,3.8565687131492634,119.82
Australia,Oceania,High,Low,2026-01-26,3.885,3.876832818513673,120.32
Australia,Oceania,High,Low,2026-02-02,3.865,3.8549456286067816,119.36
Australia,Oceania,High,Low,2026-02-09,3.882,3.888389726352707,120.21
Australia,Oceania,High,Low,2026-02-16,3.861,3.8966859562163307,120.67
Australia,Oceania,High,Low,2026-02-23,3.844,3.826503033943385,119.62
Australia,Oceania,High,Low,2026-03-02,4.057,3.9769978636657823,124.85
Australia,Oceania,High,Low,2026-03-09,4.194,4.189346445296891,130.0
Australia,Oceania,High,Low,2026-03-16,4.172,4.19357672356399,130.0
Australia,Oceania,High,Low,2026-03-23,4.174,4.1712667811000745,130.0
Australia,Oceania,High,Low,2026-03-30,4.153,4.173266781100075,130.0
Australia,Oceania,High,Low,2026-04-06,4.164,4.152266781100074,130.0
Austria,Europe,High,Low,2025-01-20,4.374,4.376948187727159,122.38
Austria,Europe,High,Low,2025-01-27,4.309,4.291953921335731,120.18
Austria,Europe,High,Low,2025-02-03,4.256,4.273404316384457,119.05
Austria,Europe,High,Low,2025-02-10,4.288,4.317942688671605,120.85
Austria,Europe,High,Low,2025-02-17,4.283,4.2672335824409995,120.24
Austria,Europe,High,Low,2025-02-24,4.275,4.263904756047325,119.66
Austria,Europe,High,Low,2025-03-03,4.284,4.279508317651164,119.84
Austria,Europe,High,Low,2025-03-10,4.221,4.20457501193194,117.71
Austria,Europe,High,Low,2025-03-17,4.277,4.250791284331213,118.64
Austria,Europe,High,Low,2025-03-24,4.286,4.326122336982257,119.96
Austria,Europe,High,Low,2025-03-31,4.265,4.294003675180783,120.22
Austria,Europe,High,Low,2025-04-07,4.384,4.326719476664555,122.0
Austria,Europe,High,Low,2025-04-14,4.273,4.317818968671803,120.21
Austria,Europe,High,Low,2025-04-21,4.377,4.348439272932409,122.22
Austria,Europe,High,Low,2025-04-28,4.354,4.342059733371831,121.14
Austria,Europe,High,Low,2025-05-05,4.254,4.285492378078102,119.41
Austria,Europe,High,Low,2025-05-12,4.276,4.240258445591224,118.92
Austria,Europe,High,Low,2025-05-19,4.273,4.351662484939459,120.97
Austria,Europe,High,Low,2025-05-26,4.316,4.263183363694212,120.74
Austria,Europe,High,Low,2025-06-02,4.255,4.266887532128729,119.42
Austria,Europe,High,Low,2025-06-09,4.17,4.1883867636914776,117.67
Austria,Europe,High,Low,2025-06-16,4.191,4.157985191082754,117.34
Austria,Europe,High,Low,2025-06-23,4.142,4.0850332643787475,114.75
Austria,Europe,High,Low,2025-06-30,4.054,4.075239901394135,112.99
Austria,Europe,High,Low,2025-07-07,4.071,4.114642490626709,114.64
Austria,Europe,High,Low,2025-07-14,4.13,4.120242094746246,116.03
Austria,Europe,High,Low,2025-07-21,4.133,4.117865040173914,115.68
Austria,Europe,High,Low,2025-07-28,4.122,4.112951176026592,114.92
Austria,Europe,High,Low,2025-08-04,4.101,4.116419244640185,114.79
Austria,Europe,High,Low,2025-08-11,4.247,4.201027083347279,117.41
Austria,Europe,High,Low,2025-08-18,4.207,4.255346644951824,117.69
Austria,Europe,High,Low,2025-08-25,4.203,4.237111862289667,118.58
Austria,Europe,High,Low,2025-09-01,4.215,4.189111583293883,118.14
Austria,Europe,High,Low,2025-09-08,4.238,4.210078911698209,118.01
Austria,Europe,High,Low,2025-09-15,4.223,4.2586602649325265,118.59
Austria,Europe,High,Low,2025-09-22,4.22,4.222308990098431,118.54
Austria,Europe,High,Low,2025-09-29,4.111,4.136252296047288,116.06
Austria,Europe,High,Low,2025-10-06,4.173,4.160122336982257,117.4
Austria,Europe,High,Low,2025-10-13,4.176,4.140974494385396,116.46
Austria,Europe,High,Low,2025-10-20,4.272,4.258414150525116,118.8
Austria,Europe,High,Low,2025-10-27,4.259,4.292660264932526,119.42
Austria,Europe,High,Low,2025-11-03,4.295,4.254078911698209,119.31
Austria,Europe,High,Low,2025-11-10,4.248,4.303373749485177,119.63
Austria,Europe,High,Low,2025-11-17,4.259,4.235615116778361,119.3
Austria,Europe,High,Low,2025-11-24,4.208,4.231955500957208,118.52
Austria,Europe,High,Low,2025-12-01,4.243,4.209418077868761,118.57
Austria,Europe,High,Low,2025-12-08,4.27,4.268586119034929,119.43
Austria,Europe,High,Low,2025-12-15,4.232,4.249291252277546,118.67
Austria,Europe,High,Low,2025-12-22,4.212,4.200121356682738,117.73
Austria,Europe,High,Low,2025-12-29,4.202,4.192981105757032,117.1
Austria,Europe,High,Low,2026-01-05,4.197,4.231644422033871,118.04
Austria,Europe,High,Low,2026-01-12,4.273,4.255529444140517,119.58
Austria,Europe,High,Low,2026-01-19,4.293,4.281003675180783,119.82
Austria,Europe,High,Low,2026-01-26,4.301,4.309528959050677,120.32
Austria,Europe,High,Low,2026-02-02,4.237,4.2688981446756875,119.36
Austria,Europe,High,Low,2026-02-09,4.295,4.262732981332271,120.21
Austria,Europe,High,Low,2026-02-16,4.331,4.311382096753334,120.67
Austria,Europe,High,Low,2026-02-23,4.294,4.294455550012291,119.62
Austria,Europe,High,Low,2026-03-02,4.438,4.452135702820751,124.85
Austria,Europe,High,Low,2026-03-09,4.639,4.59548428445186,130.0
Austria,Europe,High,Low,2026-03-16,4.641,4.638673730703498,130.0
Austria,Europe,High,Low,2026-03-23,4.622,4.640206533898233,130.0
Austria,Europe,High,Low,2026-03-30,4.662,4.621206533898233,130.0
Austria,Europe,High,Low,2026-04-06,4.653,4.661206533898233,130.0
Bangladesh,Asia,Low,Medium,2025-01-20,1.521,1.546461163692906,122.38
Bangladesh,Asia,Low,Medium,2025-01-27,1.51,1.4905397030981478,120.18
Bangladesh,Asia,Low,Medium,2025-02-03,1.507,1.4923479920642901,119.05
Bangladesh,Asia,Low,Medium,2025-02-10,1.554,1.5339924949456993,120.85
Bangladesh,Asia,Low,Medium,2025-02-17,1.495,1.54200251247922,120.24
Bangladesh,Asia,Low,Medium,2025-02-24,1.479,1.4837433200255292,119.66
Bangladesh,Asia,Low,Medium,2025-03-03,1.496,1.4806917611672756,119.84
Bangladesh,Asia,Low,Medium,2025-03-10,1.491,1.4677070286336753,117.71
Bangladesh,Asia,Low,Medium,2025-03-17,1.514,1.505938392778811,118.64
Bangladesh,Asia,Low,Medium,2025-03-24,1.537,1.5341219331338978,119.96
Bangladesh,Asia,Low,Medium,2025-03-31,1.504,1.5407314660954254,120.22
Bangladesh,Asia,Low,Medium,2025-04-07,1.529,1.530210697851604,122.0
Bangladesh,Asia,Low,Medium,2025-04-14,1.511,1.5054652484711377,120.21
Bangladesh,Asia,Low,Medium,2025-04-21,1.524,1.5409564558376958,122.22
Bangladesh,Asia,Low,Medium,2025-04-28,1.467,1.507003409051665,121.14
Bangladesh,Asia,Low,Medium,2025-05-05,1.488,1.4420690239374536,119.41
Bangladesh,Asia,Low,Medium,2025-05-12,1.465,1.4820970095694292,118.92
Bangladesh,Asia,Low,Medium,2025-05-19,1.559,1.495179667844746,120.97
Bangladesh,Asia,Low,Medium,2025-05-26,1.529,1.5552541866126202,120.74
Bangladesh,Asia,Low,Medium,2025-06-02,1.5,1.5079543405835445,119.42
Bangladesh,Asia,Low,Medium,2025-06-09,1.44,1.4760330434908129,117.67
Bangladesh,Asia,Low,Medium,2025-06-16,1.478,1.4346650424142324,117.34
Bangladesh,Asia,Low,Medium,2025-06-23,1.41,1.4372090608418582,114.75
Bangladesh,Asia,Low,Medium,2025-06-30,1.421,1.3858861811934702,112.99
Bangladesh,Asia,Low,Medium,2025-07-07,1.455,1.4469908053774563,114.64
Bangladesh,Asia,Low,Medium,2025-07-14,1.484,1.4750828994191514,116.03
Bangladesh,Asia,Low,Medium,2025-07-21,1.467,1.4783861000266563,115.68
Bangladesh,Asia,Low,Medium,2025-07-28,1.433,1.4553053605136042,114.92
Bangladesh,Asia,Low,Medium,2025-08-04,1.446,1.4310298216255715,114.79
Bangladesh,Asia,Low,Medium,2025-08-11,1.475,1.4798776685194928,117.41
Bangladesh,Asia,Low,Medium,2025-08-18,1.496,1.4789156443877292,117.69
Bangladesh,Asia,Low,Medium,2025-08-25,1.489,1.5111001792585284,118.58
Bangladesh,Asia,Low,Medium,2025-09-01,1.509,1.4829501472720867,118.14
Bangladesh,Asia,Low,Medium,2025-09-08,1.511,1.5081542763240718,118.01
Bangladesh,Asia,Low,Medium,2025-09-15,1.476,1.5222192123730451,118.59
Bangladesh,Asia,Low,Medium,2025-09-22,1.491,1.4766447855561737,118.54
Bangladesh,Asia,Low,Medium,2025-09-29,1.466,1.4599614202659676,116.06
Bangladesh,Asia,Low,Medium,2025-10-06,1.492,1.4861219331338977,117.4
Bangladesh,Asia,Low,Medium,2025-10-13,1.469,1.474666511395875,116.46
Bangladesh,Asia,Low,Medium,2025-10-20,1.519,1.5004859200515934,118.8
Bangladesh,Asia,Low,Medium,2025-10-27,1.495,1.5302192123730451,119.42
Bangladesh,Asia,Low,Medium,2025-11-03,1.484,1.494154276324072,119.31
Bangladesh,Asia,Low,Medium,2025-11-10,1.509,1.4881015403998183,119.63
Bangladesh,Asia,Low,Medium,2025-11-17,1.483,1.5032949681098395,119.3
Bangladesh,Asia,Low,Medium,2025-11-24,1.472,1.4670843486244471,118.52
Bangladesh,Asia,Low,Medium,2025-12-01,1.493,1.4734063065756624,118.57
Bangladesh,Asia,Low,Medium,2025-12-08,1.478,1.5066847195529203,119.43
Bangladesh,Asia,Low,Medium,2025-12-15,1.491,1.4658042282432944,118.67
Bangladesh,Asia,Low,Medium,2025-12-22,1.477,1.4738133736932177,117.73
Bangladesh,Asia,Low,Medium,2025-12-29,1.422,1.4658196697352368,117.1
Bangladesh,Asia,Low,Medium,2026-01-05,1.479,1.4367915304814682,118.04
Bangladesh,Asia,Low,Medium,2026-01-12,1.482,1.502696792449169,119.58
Bangladesh,Asia,Low,Medium,2026-01-19,1.509,1.4857314660954255,119.82
Bangladesh,Asia,Low,Medium,2026-01-26,1.534,1.5181822940661616,120.32
Bangladesh,Asia,Low,Medium,2026-02-02,1.516,1.5165901616861674,119.36
Bangladesh,Asia,Low,Medium,2026-02-09,1.541,1.5298315818502628,120.21
Bangladesh,Asia,Low,Medium,2026-02-16,1.552,1.550035431768819,120.67
Bangladesh,Asia,Low,Medium,2026-02-23,1.51,1.5337612224536636,119.62
Bangladesh,Asia,Low,Medium,2026-03-02,1.55,1.5653211816993036,124.85
Bangladesh,Asia,Low,Medium,2026-03-09,1.613,1.6046697633304128,130.0
Bangladesh,Asia,Low,Medium,2026-03-16,1.619,1.6140935966414394,130.0
Bangladesh,Asia,Low,Medium,2026-03-23,1.657,1.619733810393045,130.0
Bangladesh,Asia,Low,Medium,2026-03-30,1.594,1.657733810393045,130.0
Bangladesh,Asia,Low,Medium,2026-04-06,1.683,1.594733810393045,130.0
Belgium,Europe,High,Low,2025-01-20,4.945,4.990948187727159,122.38
Belgium,Europe,High,Low,2025-01-27,4.848,4.862953921335731,120.18
Belgium,Europe,High,Low,2025-02-03,4.822,4.812404316384456,119.05
Belgium,Europe,High,Low,2025-02-10,4.872,4.883942688671604,120.85
Belgium,Europe,High,Low,2025-02-17,4.863,4.851233582440999,120.24
Belgium,Europe,High,Low,2025-02-24,4.841,4.843904756047325,119.66
Belgium,Europe,High,Low,2025-03-03,4.838,4.845508317651164,119.84
Belgium,Europe,High,Low,2025-03-10,4.791,4.75857501193194,117.71
Belgium,Europe,High,Low,2025-03-17,4.828,4.8207912843312135,118.64
Belgium,Europe,High,Low,2025-03-24,4.869,4.877122336982257,119.96
Belgium,Europe,High,Low,2025-03-31,4.854,4.8770036751807835,120.22
Belgium,Europe,High,Low,2025-04-07,4.975,4.915719476664555,122.0
Belgium,Europe,High,Low,2025-04-14,4.891,4.9088189686718025,120.21
Belgium,Europe,High,Low,2025-04-21,4.926,4.966439272932409,122.22
Belgium,Europe,High,Low,2025-04-28,4.954,4.891059733371831,121.14
Belgium,Europe,High,Low,2025-05-05,4.829,4.885492378078101,119.41
Belgium,Europe,High,Low,2025-05-12,4.84,4.815258445591224,118.92
Belgium,Europe,High,Low,2025-05-19,4.862,4.9156624849394595,120.97
Belgium,Europe,High,Low,2025-05-26,4.909,4.852183363694213,120.74
Belgium,Europe,High,Low,2025-06-02,4.852,4.859887532128729,119.42
Belgium,Europe,High,Low,2025-06-09,4.795,4.785386763691478,117.67
Belgium,Europe,High,Low,2025-06-16,4.74,4.782985191082754,117.34
Belgium,Europe,High,Low,2025-06-23,4.61,4.634033264378748,114.75
Belgium,Europe,High,Low,2025-06-30,4.591,4.543239901394135,112.99
Belgium,Europe,High,Low,2025-07-07,4.635,4.651642490626709,114.64
Belgium,Europe,High,Low,2025-07-14,4.697,4.684242094746246,116.03
Belgium,Europe,High,Low,2025-07-21,4.689,4.684865040173914,115.68
Belgium,Europe,High,Low,2025-07-28,4.662,4.668951176026592,114.92
Belgium,Europe,High,Low,2025-08-04,4.685,4.656419244640185,114.79
Belgium,Europe,High,Low,2025-08-11,4.746,4.785027083347279,117.41
Belgium,Europe,High,Low,2025-08-18,4.77,4.754346644951824,117.69
Belgium,Europe,High,Low,2025-08-25,4.798,4.800111862289667,118.58
Belgium,Europe,High,Low,2025-09-01,4.771,4.784111583293883,118.14
Belgium,Europe,High,Low,2025-09-08,4.8,4.766078911698209,118.01
Belgium,Europe,High,Low,2025-09-15,4.808,4.820660264932526,118.59
Belgium,Europe,High,Low,2025-09-22,4.809,4.807308990098431,118.54
Belgium,Europe,High,Low,2025-09-29,4.718,4.725252296047288,116.06
Belgium,Europe,High,Low,2025-10-06,4.75,4.767122336982257,117.4
Belgium,Europe,High,Low,2025-10-13,4.728,4.717974494385396,116.46
Belgium,Europe,High,Low,2025-10-20,4.816,4.810414150525116,118.8
Belgium,Europe,High,Low,2025-10-27,4.848,4.836660264932526,119.42
Belgium,Europe,High,Low,2025-11-03,4.862,4.843078911698209,119.31
Belgium,Europe,High,Low,2025-11-10,4.866,4.870373749485177,119.63
Belgium,Europe,High,Low,2025-11-17,4.853,4.853615116778361,119.3
Belgium,Europe,High,Low,2025-11-24,4.787,4.825955500957208,118.52
Belgium,Europe,High,Low,2025-12-01,4.788,4.78841807786876,118.57
Belgium,Europe,High,Low,2025-12-08,4.808,4.8135861190349285,119.43
Belgium,Europe,High,Low,2025-12-15,4.833,4.787291252277546,118.67
Belgium,Europe,High,Low,2025-12-22,4.785,4.801121356682738,117.73
Belgium,Europe,High,Low,2025-12-29,4.721,4.7659811057570325,117.1
Belgium,Europe,High,Low,2026-01-05,4.733,4.750644422033871,118.04
Belgium,Europe,High,Low,2026-01-12,4.867,4.791529444140517,119.58
Belgium,Europe,High,Low,2026-01-19,4.851,4.875003675180784,119.82
Belgium,Europe,High,Low,2026-01-26,4.851,4.867528959050677,120.32
Belgium,Europe,High,Low,2026-02-02,4.806,4.818898144675687,119.36
Belgium,Europe,High,Low,2026-02-09,4.861,4.831732981332271,120.21
Belgium,Europe,High,Low,2026-02-16,4.887,4.877382096753334,120.67
Belgium,Europe,High,Low,2026-02-23,4.854,4.85045555001229,119.62
Belgium,Europe,High,Low,2026-03-02,5.063,5.012135702820752,124.85
Belgium,Europe,High,Low,2026-03-09,5.251,5.22048428445186,130.0
Belgium,Europe,High,Low,2026-03-16,5.25,5.2506737307034985,130.0
Belgium,Europe,High,Low,2026-03-23,5.29,5.249206533898233,130.0
Belgium,Europe,High,Low,2026-03-30,5.267,5.289206533898233,130.0
Belgium,Europe,High,Low,2026-04-06,5.258,5.266206533898234,130.0
Botswana,Africa,Middle,Low,2025-01-20,2.592,2.61905933858532,122.38
Botswana,Africa,Middle,Low,2025-01-27,2.532,2.541797658869662,120.18
Botswana,Africa,Middle,Low,2025-02-03,2.488,2.505392378979958,119.05
Botswana,Africa,Middle,Low,2025-02-10,2.556,2.525899736114119,120.85
Botswana,Africa,Middle,Low,2025-02-17,2.578,2.543184098407906,120.24
Botswana,Africa,Middle,Low,2025-02-24,2.498,2.5668552720142315,119.66
Botswana,Africa,Middle,Low,2025-03-03,2.514,2.500098666270807,119.84
Botswana,Africa,Middle,Low,2025-03-10,2.502,2.464158784692176,117.71
Botswana,Africa,Middle,Low,2025-03-17,2.551,2.524697139317387,118.64
Botswana,Africa,Middle,Low,2025-03-24,2.59,2.5843696948341264,119.96
Botswana,Africa,Middle,Low,2025-03-31,2.532,2.594964540212077,120.22
Botswana,Africa,Middle,Low,2025-04-07,2.575,2.5691179390200234,122.0
Botswana,Africa,Middle,Low,2025-04-14,2.542,2.530466188331998,120.21
Botswana,Africa,Middle,Low,2025-04-21,2.603,2.589297897668767,122.22
Botswana,Africa,Middle,Low,2025-04-28,2.54,2.5781606134038353,121.14
Botswana,Africa,Middle,Low,2025-05-05,2.545,2.4920267803017953,119.41
Botswana,Africa,Middle,Low,2025-05-12,2.497,2.5392089615581317,118.92
Botswana,Africa,Middle,Low,2025-05-19,2.562,2.5445211096758173,120.97
Botswana,Africa,Middle,Low,2025-05-26,2.562,2.5570938398967185,120.74
Botswana,Africa,Middle,Low,2025-06-02,2.542,2.523496708699297,119.42
Botswana,Africa,Middle,Low,2025-06-09,2.471,2.495921165915171,117.67
Botswana,Africa,Middle,Low,2025-06-16,2.5,2.465776994402935,117.34
Botswana,Africa,Middle,Low,2025-06-23,2.453,2.4365463710128745,114.75
Botswana,Africa,Middle,Low,2025-06-30,2.403,2.406774303617828,112.99
Botswana,Africa,Middle,Low,2025-07-07,2.435,2.4398980465458755,114.64
Botswana,Africa,Middle,Low,2025-07-14,2.483,2.46833066111938,116.03
Botswana,Africa,Middle,Low,2025-07-21,2.461,2.477498052015359,115.68
Botswana,Africa,Middle,Low,2025-07-28,2.453,2.449417312502306,114.92
Botswana,Africa,Middle,Low,2025-08-04,2.439,2.451319136577757,114.79
Botswana,Africa,Middle,Low,2025-08-11,2.484,2.501622547708598,117.41
Botswana,Africa,Middle,Low,2025-08-18,2.522,2.4891487185043806,117.69
Botswana,Africa,Middle,Low,2025-08-25,2.506,2.544858925797105,118.58
Botswana,Africa,Middle,Low,2025-09-01,2.488,2.5000620992607887,118.14
Botswana,Africa,Middle,Low,2025-09-08,2.537,2.4865554347131558,118.01
Botswana,Africa,Middle,Low,2025-09-15,2.518,2.552992757616562,118.59
Botswana,Africa,Middle,Low,2025-09-22,2.566,2.517276155110123,118.54
Botswana,Africa,Middle,Low,2025-09-29,2.49,2.5147331531337693,116.06
Botswana,Africa,Middle,Low,2025-10-06,2.52,2.5233696948341264,117.4
Botswana,Africa,Middle,Low,2025-10-13,2.428,2.4969625569808973,116.46
Botswana,Africa,Middle,Low,2025-10-20,2.545,2.480686835119198,118.8
Botswana,Africa,Middle,Low,2025-10-27,2.51,2.560992757616562,119.42
Botswana,Africa,Middle,Low,2025-11-03,2.537,2.5085554347131556,119.31
Botswana,Africa,Middle,Low,2025-11-10,2.562,2.5423346145164696,119.63
Botswana,Africa,Middle,Low,2025-11-17,2.568,2.5564069200985418,119.3
Botswana,Africa,Middle,Low,2025-11-24,2.53,2.549580428911658,118.52
Botswana,Africa,Middle,Low,2025-12-01,2.529,2.5300376761296115,118.57
Botswana,Africa,Middle,Low,2025-12-08,2.501,2.5495097613569793,119.43
Botswana,Africa,Middle,Low,2025-12-15,2.513,2.4889161802319966,118.67
Botswana,Africa,Middle,Low,2025-12-22,2.497,2.4901094192782396,117.73
Botswana,Africa,Middle,Low,2025-12-29,2.472,2.485931621723939,117.1
Botswana,Africa,Middle,Low,2026-01-05,2.518,2.494550277020045,118.04
Botswana,Africa,Middle,Low,2026-01-12,2.57,2.554025093329364,119.58
Botswana,Africa,Middle,Low,2026-01-19,2.535,2.574964540212077,119.82
Botswana,Africa,Middle,Low,2026-01-26,2.569,2.547818977878989,120.32
Botswana,Africa,Middle,Low,2026-02-02,2.533,2.5458862072711894,119.36
Botswana,Africa,Middle,Low,2026-02-09,2.564,2.5536566236543217,120.21
Botswana,Africa,Middle,Low,2026-02-16,2.583,2.576672115581646,120.67
Botswana,Africa,Middle,Low,2026-02-23,2.521,2.555443612607793,119.62
Botswana,Africa,Middle,Low,2026-03-02,2.624,2.6240493339982986,124.85
Botswana,Africa,Middle,Low,2026-03-09,2.765,2.7264792388540315,130.0
Botswana,Africa,Middle,Low,2026-03-16,2.767,2.7643845311890187,130.0
Botswana,Africa,Middle,Low,2026-03-23,2.75,2.766682270694912,130.0
Botswana,Africa,Middle,Low,2026-03-30,2.767,2.7496822706949122,130.0
Botswana,Africa,Middle,Low,2026-04-06,2.723,2.766682270694912,130.0
Brazil,South America,Middle,Medium,2025-01-20,2.35,2.319037492377651,122.38
Brazil,South America,Middle,Medium,2025-01-27,2.295,2.3199602285031578,120.18
Brazil,South America,Middle,Medium,2025-02-03,2.294,2.277438097845323,119.05
Brazil,South America,Middle,Medium,2025-02-10,2.328,2.3209128303293345,120.85
Brazil,South America,Middle,Medium,2025-02-17,2.312,2.3151622522002366,120.24
Brazil,South America,Middle,Medium,2025-02-24,2.314,2.300833425806562,119.66
Brazil,South America,Middle,Medium,2025-03-03,2.306,2.3156120965509106,119.84
Brazil,South America,Middle,Medium,2025-03-10,2.27,2.2776413311349732,117.71
Brazil,South America,Middle,Medium,2025-03-17,2.292,2.284858728162446,118.64
Brazil,South America,Middle,Medium,2025-03-24,2.337,2.3120422685175326,119.96
Brazil,South America,Middle,Medium,2025-03-31,2.327,2.3406518014790607,120.22
Brazil,South America,Middle,Medium,2025-04-07,2.358,2.353131033235239,122.0
Brazil,South America,Middle,Medium,2025-04-14,2.305,2.3355780659076397,120.21
Brazil,South America,Middle,Medium,2025-04-21,2.364,2.334876791221331,122.22
Brazil,South America,Middle,Medium,2025-04-28,2.34,2.3482063322692,121.14
Brazil,South America,Middle,Medium,2025-05-05,2.269,2.314138657877437,119.41
Brazil,South America,Middle,Medium,2025-05-12,2.291,2.2631871153504624,118.92
Brazil,South America,Middle,Medium,2025-05-19,2.297,2.321100003228381,120.97
Brazil,South America,Middle,Medium,2025-05-26,2.307,2.292413926333637,120.74
Brazil,South America,Middle,Medium,2025-06-02,2.282,2.2850239745235283,119.42
Brazil,South America,Middle,Medium,2025-06-09,2.26,2.258033043490813,117.67
Brazil,South America,Middle,Medium,2025-06-16,2.234,2.2547551481952652,117.34
Brazil,South America,Middle,Medium,2025-06-23,2.248,2.193143363343156,114.75
Brazil,South America,Middle,Medium,2025-06-30,2.224,2.2238861811934707,112.99
Brazil,South America,Middle,Medium,2025-07-07,2.217,2.2499111407610917,114.64
Brazil,South America,Middle,Medium,2025-07-14,2.243,2.2370032348027866,116.03
Brazil,South America,Middle,Medium,2025-07-21,2.247,2.237476205807689,115.68
Brazil,South America,Middle,Medium,2025-07-28,2.196,2.235395466294637,114.92
Brazil,South America,Middle,Medium,2025-08-04,2.224,2.195008083969707,114.79
Brazil,South America,Middle,Medium,2025-08-11,2.256,2.259121487965519,117.41
Brazil,South America,Middle,Medium,2025-08-18,2.288,2.259835979771364,117.69
Brazil,South America,Middle,Medium,2025-08-25,2.312,2.303020514642163,118.58
Brazil,South America,Middle,Medium,2025-09-01,2.284,2.3060402530531197,118.14
Brazil,South America,Middle,Medium,2025-09-08,2.26,2.2832443821051047,118.01
Brazil,South America,Middle,Medium,2025-09-15,2.266,2.2711395477566803,118.59
Brazil,South America,Middle,Medium,2025-09-22,2.321,2.2667348913372067,118.54
Brazil,South America,Middle,Medium,2025-09-29,2.236,2.2898957227672656,116.06
Brazil,South America,Middle,Medium,2025-10-06,2.28,2.256042268517533,117.4
Brazil,South America,Middle,Medium,2025-10-13,2.262,2.262756617176908,116.46
Brazil,South America,Middle,Medium,2025-10-20,2.298,2.2942944119983304,118.8
Brazil,South America,Middle,Medium,2025-10-27,2.319,2.3091395477566805,119.42
Brazil,South America,Middle,Medium,2025-11-03,2.294,2.318244382105105,119.31
Brazil,South America,Middle,Medium,2025-11-10,2.303,2.2980218757834536,119.63
Brazil,South America,Middle,Medium,2025-11-17,2.329,2.2973850738908728,119.3
Brazil,South America,Middle,Medium,2025-11-24,2.288,2.31317445440548,118.52
Brazil,South America,Middle,Medium,2025-12-01,2.299,2.289496412356695,118.57
Brazil,South America,Middle,Medium,2025-12-08,2.284,2.3126050549365553,119.43
Brazil,South America,Middle,Medium,2025-12-15,2.279,2.271894334024327,118.67
Brazil,South America,Middle,Medium,2025-12-22,2.257,2.2619034794742507,117.73
Brazil,South America,Middle,Medium,2025-12-29,2.251,2.24590977551627,117.1
Brazil,South America,Middle,Medium,2026-01-05,2.239,2.265711865865103,118.04
Brazil,South America,Middle,Medium,2026-01-12,2.27,2.262617127832804,119.58
Brazil,South America,Middle,Medium,2026-01-19,2.299,2.2736518014790605,119.82
Brazil,South America,Middle,Medium,2026-01-26,2.328,2.3081026294497966,120.32
Brazil,South America,Middle,Medium,2026-02-02,2.29,2.3106802674672005,119.36
Brazil,South America,Middle,Medium,2026-02-09,2.351,2.303751917233898,120.21
Brazil,South America,Middle,Medium,2026-02-16,2.32,2.3599557671524543,120.67
Brazil,South America,Middle,Medium,2026-02-23,2.308,2.301489331473158,119.62
Brazil,South America,Middle,Medium,2026-03-02,2.414,2.3693689438537655,124.85
Brazil,South America,Middle,Medium,2026-03-09,2.513,2.4745231830438037,130.0
Brazil,South America,Middle,Medium,2026-03-16,2.495,2.5134919499724644,130.0
Brazil,South America,Middle,Medium,2026-03-23,2.465,2.4956675817762637,130.0
Brazil,South America,Middle,Medium,2026-03-30,2.538,2.4656675817762634,130.0
Brazil,South America,Middle,Medium,2026-04-06,2.502,2.5386675817762634,130.0
Cameroon,Africa,Low,Medium,2025-01-20,1.55,1.510461163692906,122.38
Cameroon,Africa,Low,Medium,2025-01-27,1.541,1.5195397030981481,120.18
Cameroon,Africa,Low,Medium,2025-02-03,1.499,1.52334799206429,119.05
Cameroon,Africa,Low,Medium,2025-02-10,1.549,1.5258227245483016,120.85
Cameroon,Africa,Low,Medium,2025-02-17,1.517,1.5360721464192038,120.24
Cameroon,Africa,Low,Medium,2025-02-24,1.541,1.505743320025529,119.66
Cameroon,Africa,Low,Medium,2025-03-03,1.503,1.5425219907698775,119.84
Cameroon,Africa,Low,Medium,2025-03-10,1.483,1.4747070286336752,117.71
Cameroon,Africa,Low,Medium,2025-03-17,1.511,1.497768622381413,118.64
Cameroon,Africa,Low,Medium,2025-03-24,1.497,1.5309521627365,119.96
Cameroon,Africa,Low,Medium,2025-03-31,1.475,1.5005616956980277,120.22
Cameroon,Africa,Low,Medium,2025-04-07,1.543,1.5010409274542063,122.0
Cameroon,Africa,Low,Medium,2025-04-14,1.538,1.5194652484711377,120.21
Cameroon,Africa,Low,Medium,2025-04-21,1.546,1.567786685440298,122.22
Cameroon,Africa,Low,Medium,2025-04-28,1.544,1.529003409051665,121.14
Cameroon,Africa,Low,Medium,2025-05-05,1.522,1.5181386578774374,119.41
Cameroon,Africa,Low,Medium,2025-05-12,1.494,1.5160970095694293,118.92
Cameroon,Africa,Low,Medium,2025-05-19,1.549,1.5240098974473482,120.97
Cameroon,Africa,Low,Medium,2025-05-26,1.525,1.544323820552604,120.74
Cameroon,Africa,Low,Medium,2025-06-02,1.484,1.5030239745235283,119.42
Cameroon,Africa,Low,Medium,2025-06-09,1.469,1.4600330434908129,117.67
Cameroon,Africa,Low,Medium,2025-06-16,1.499,1.4636650424142326,117.34
Cameroon,Africa,Low,Medium,2025-06-23,1.477,1.4582090608418583,114.75
Cameroon,Africa,Low,Medium,2025-06-30,1.435,1.4528861811934703,112.99
Cameroon,Africa,Low,Medium,2025-07-07,1.457,1.4608210349800586,114.64
Cameroon,Africa,Low,Medium,2025-07-14,1.477,1.4769131290217534,116.03
Cameroon,Africa,Low,Medium,2025-07-21,1.464,1.4713861000266564,115.68
Cameroon,Africa,Low,Medium,2025-07-28,1.47,1.452305360513604,114.92
Cameroon,Africa,Low,Medium,2025-08-04,1.458,1.4680298216255714,114.79
Cameroon,Africa,Low,Medium,2025-08-11,1.514,1.491347140202453,117.41
Cameroon,Africa,Low,Medium,2025-08-18,1.455,1.5177458739903311,117.69
Cameroon,Africa,Low,Medium,2025-08-25,1.515,1.4699304088611305,118.58
Cameroon,Africa,Low,Medium,2025-09-01,1.507,1.5089501472720865,118.14
Cameroon,Africa,Low,Medium,2025-09-08,1.499,1.5061542763240718,118.01
Cameroon,Africa,Low,Medium,2025-09-15,1.491,1.5100494419756474,118.59
Cameroon,Africa,Low,Medium,2025-09-22,1.52,1.4916447855561739,118.54
Cameroon,Africa,Low,Medium,2025-09-29,1.448,1.4889614202659676,116.06
Cameroon,Africa,Low,Medium,2025-10-06,1.469,1.4679521627365,117.4
Cameroon,Africa,Low,Medium,2025-10-13,1.455,1.451666511395875,116.46
Cameroon,Africa,Low,Medium,2025-10-20,1.506,1.4859553917345536,118.8
Cameroon,Africa,Low,Medium,2025-10-27,1.507,1.5170494419756473,119.42
Cameroon,Africa,Low,Medium,2025-11-03,1.5,1.5061542763240718,119.31
Cameroon,Africa,Low,Medium,2025-11-10,1.477,1.5039317700024204,119.63
Cameroon,Africa,Low,Medium,2025-11-17,1.509,1.4712949681098397,119.3
Cameroon,Africa,Low,Medium,2025-11-24,1.494,1.493084348624447,118.52
Cameroon,Africa,Low,Medium,2025-12-01,1.519,1.4954063065756624,118.57
Cameroon,Africa,Low,Medium,2025-12-08,1.477,1.532514949155522,119.43
Cameroon,Africa,Low,Medium,2025-12-15,1.491,1.4648042282432945,118.67
Cameroon,Africa,Low,Medium,2025-12-22,1.472,1.4738133736932177,117.73
Cameroon,Africa,Low,Medium,2025-12-29,1.48,1.4608196697352367,117.1
Cameroon,Africa,Low,Medium,2026-01-05,1.484,1.4946217600840703,118.04
Cameroon,Africa,Low,Medium,2026-01-12,1.517,1.507527022051771,119.58
Cameroon,Africa,Low,Medium,2026-01-19,1.501,1.5205616956980275,119.82
Cameroon,Africa,Low,Medium,2026-01-26,1.491,1.5100125236687636,120.32
Cameroon,Africa,Low,Medium,2026-02-02,1.52,1.4735901616861675,119.36
Cameroon,Africa,Low,Medium,2026-02-09,1.549,1.5336618114528648,120.21
Cameroon,Africa,Low,Medium,2026-02-16,1.522,1.5578656613714212,120.67
Cameroon,Africa,Low,Medium,2026-02-23,1.528,1.503399225692125,119.62
Cameroon,Africa,Low,Medium,2026-03-02,1.542,1.5831695933429015,124.85
Cameroon,Africa,Low,Medium,2026-03-09,1.642,1.5967938406397053,130.0
Cameroon,Africa,Low,Medium,2026-03-16,1.653,1.6434449140850766,130.0
Cameroon,Africa,Low,Medium,2026-03-23,1.616,1.6540851278366824,130.0
Cameroon,Africa,Low,Medium,2026-03-30,1.656,1.6170851278366825,130.0
Cameroon,Africa,Low,Medium,2026-04-06,1.615,1.6570851278366823,130.0
Canada,North America,High,Low,2025-01-20,3.295,3.288252641200233,122.38
Canada,North America,High,Low,2025-01-27,3.248,3.2266254863606427,120.18
Canada,North America,High,Low,2025-02-03,3.213,3.214708769857531,119.05
Canada,North America,High,Low,2025-02-10,3.282,3.2668739575225088,120.85
Canada,North America,High,Low,2025-02-17,3.254,3.2628636239265307,120.24
Canada,North America,High,Low,2025-02-24,3.227,3.236534797532856,119.66
Canada,North America,High,Low,2025-03-03,3.234,3.2292852372284746,119.84
Canada,North America,High,Low,2025-03-10,3.164,3.165681079801208,117.71
Canada,North America,High,Low,2025-03-17,3.198,3.189561180106708,118.64
Canada,North America,High,Low,2025-03-24,3.24,3.2417329465765667,119.96
Canada,North America,High,Low,2025-03-31,3.24,3.2456215446471948,120.22
Canada,North America,High,Low,2025-04-07,3.28,3.2936507455154587,122.0
Canada,North America,High,Low,2025-04-14,3.281,3.222224173243517,120.21
Canada,North America,High,Low,2025-04-21,3.319,3.3446703715475787,122.22
Canada,North America,High,Low,2025-04-28,3.276,3.2863641868449056,121.14
Canada,North America,High,Low,2025-05-05,3.232,3.2158975826498164,119.41
Canada,North America,High,Low,2025-05-12,3.232,3.2198884870767563,118.92
Canada,North America,High,Low,2025-05-19,3.277,3.295893583554629,120.97
Canada,North America,High,Low,2025-05-26,3.271,3.2679845556213567,120.74
Canada,North America,High,Low,2025-06-02,3.231,3.2254505210054636,119.42
Canada,North America,High,Low,2025-06-09,3.157,3.172791968263192,117.67
Canada,North America,High,Low,2025-06-16,3.148,3.145786383009898,117.34
Canada,North America,High,Low,2025-06-23,3.071,3.0632548957856294,114.75
Canada,North America,High,Low,2025-06-30,3.041,3.01264510596585,112.99
Canada,North America,High,Low,2025-07-07,3.114,3.093573759477613,114.64
Canada,North America,High,Low,2025-07-14,3.132,3.1578527043405558,116.03
Canada,North America,High,Low,2025-07-21,3.103,3.120666232101058,115.68
Canada,North America,High,Low,2025-07-28,3.115,3.085255629499667,114.92
Canada,North America,High,Low,2025-08-04,3.08,3.110220436567329,114.79
Canada,North America,High,Low,2025-08-11,3.169,3.160152590549051,117.41
Canada,North America,High,Low,2025-08-18,3.153,3.1749645144182344,117.69
Canada,North America,High,Low,2025-08-25,3.196,3.1788817580651614,118.58
Canada,North America,High,Low,2025-09-01,3.176,3.183741624779414,118.14
Canada,North America,High,Low,2025-09-08,3.17,3.1718801036253526,118.01
Canada,North America,High,Low,2025-09-15,3.226,3.1872300984456357,118.59
Canada,North America,High,Low,2025-09-22,3.213,3.2254689525009033,118.54
Canada,North America,High,Low,2025-09-29,3.155,3.14509516473505,116.06
Canada,North America,High,Low,2025-10-06,3.176,3.1987329465765666,117.4
Canada,North America,High,Low,2025-10-13,3.18,3.14627894785847,116.46
Canada,North America,High,Low,2025-10-20,3.197,3.2487465754317526,118.8
Canada,North America,High,Low,2025-10-27,3.247,3.214230098445636,119.42
Canada,North America,High,Low,2025-11-03,3.253,3.2428801036253523,119.31
Canada,North America,High,Low,2025-11-10,3.241,3.2589916189515877,119.63
Canada,North America,High,Low,2025-11-17,3.196,3.2294163087055052,119.3
Canada,North America,High,Low,2025-11-24,3.208,3.1712599544302824,118.52
Canada,North America,High,Low,2025-12-01,3.209,3.2088069080892936,118.57
Canada,North America,High,Low,2025-12-08,3.235,3.2307471021860525,119.43
Canada,North America,High,Low,2025-12-15,3.214,3.216595705750621,118.67
Canada,North America,High,Low,2025-12-22,3.157,3.1844258101558127,117.73
Canada,North America,High,Low,2025-12-29,3.172,3.1396111472425634,117.1
Canada,North America,High,Low,2026-01-05,3.171,3.1974143178093657,118.04
Canada,North America,High,Low,2026-01-12,3.234,3.2237346330006047,119.58
Canada,North America,High,Low,2026-01-19,3.232,3.2396215446471945,119.82
Canada,North America,High,Low,2026-01-26,3.269,3.2453370566443613,120.32
Canada,North America,High,Low,2026-02-02,3.247,3.2392025981487627,119.36
Canada,North America,High,Low,2026-02-09,3.236,3.268893964483395,120.21
Canada,North America,High,Low,2026-02-16,3.245,3.249190194347019,120.67
Canada,North America,High,Low,2026-02-23,3.225,3.2107600034853654,119.62
Canada,North America,High,Low,2026-03-02,3.337,3.3469155238947526,124.85
Canada,North America,High,Low,2026-03-09,3.531,3.4582641055258616,130.0
Canada,North America,High,Low,2026-03-16,3.537,3.5308336931059707,130.0
Canada,North America,High,Low,2026-03-23,3.517,3.536523750642055,130.0
Canada,North America,High,Low,2026-03-30,3.537,3.516523750642055,130.0
Canada,North America,High,Low,2026-04-06,3.489,3.536523750642055,130.0
Chile,South America,High,Low,2025-01-20,3.778,3.799995671658252,122.38
Chile,South America,High,Low,2025-01-27,3.766,3.7070599892049985,120.18
Chile,South America,High,Low,2025-02-03,3.725,3.73245180031555,119.05
Chile,South America,High,Low,2025-02-10,3.767,3.7814899475855692,120.85
Chile,South America,High,Low,2025-02-17,3.751,3.74760665438455,120.24
Chile,South America,High,Low,2025-02-24,3.679,3.733277827990875,119.66
Chile,South America,High,Low,2025-03-03,3.726,3.6822324057305433,119.84
Chile,South America,High,Low,2025-03-10,3.683,3.657681079801208,117.71
Chile,South America,High,Low,2025-03-17,3.738,3.7100569419760197,118.64
Chile,South America,High,Low,2025-03-24,3.76,3.7832821685916826,119.96
Chile,South America,High,Low,2025-03-31,3.761,3.766568713149263,120.22
Chile,South America,High,Low,2025-04-07,3.828,3.817266735578519,122.0
Chile,South America,High,Low,2025-04-14,3.741,3.770224173243517,120.21
Chile,South America,High,Low,2025-04-21,3.845,3.807286361610639,122.22
Chile,South America,High,Low,2025-04-28,3.778,3.8121072173029256,121.14
Chile,South America,High,Low,2025-05-05,3.736,3.7178975826498166,119.41
Chile,South America,High,Low,2025-05-12,3.662,3.7236315175347756,118.92
Chile,South America,High,Low,2025-05-19,3.782,3.7285095736176888,120.97
Chile,South America,High,Low,2025-05-26,3.744,3.772727586079376,120.74
Chile,South America,High,Low,2025-06-02,3.713,3.698193551463483,119.42
Chile,South America,High,Low,2025-06-09,3.658,3.654791968263192,117.67
Chile,South America,High,Low,2025-06-16,3.679,3.6465294134679174,117.34
Chile,South America,High,Low,2025-06-23,3.572,3.5864602533510794,114.75
Chile,South America,High,Low,2025-06-30,3.539,3.51364510596585,112.99
Chile,South America,High,Low,2025-07-07,3.594,3.594189749540673,114.64
Chile,South America,High,Low,2025-07-14,3.619,3.6394019263556716,116.03
Chile,South America,High,Low,2025-07-21,3.607,3.6074092625590777,115.68
Chile,South America,High,Low,2025-07-28,3.615,3.5889986599576864,114.92
Chile,South America,High,Low,2025-08-04,3.595,3.609963467025348,114.79
Chile,South America,High,Low,2025-08-11,3.639,3.681699154395546,117.41
Chile,South America,High,Low,2025-08-18,3.656,3.6459116829203024,117.69
Chile,South America,High,Low,2025-08-25,3.724,3.6833775199344734,118.58
Chile,South America,High,Low,2025-09-01,3.685,3.711484655237433,118.14
Chile,South America,High,Low,2025-09-08,3.656,3.6806231340833717,118.01
Chile,South America,High,Low,2025-09-15,3.72,3.6747258603149473,118.59
Chile,South America,High,Low,2025-09-22,3.677,3.719211982958923,118.54
Chile,South America,High,Low,2025-09-29,3.614,3.6051618608619562,116.06
Chile,South America,High,Low,2025-10-06,3.692,3.6592821685916825,117.4
Chile,South America,High,Low,2025-10-13,3.623,3.6620219783164893,116.46
Chile,South America,High,Low,2025-10-20,3.764,3.694362565494813,118.8
Chile,South America,High,Low,2025-10-27,3.741,3.782725860314947,119.42
Chile,South America,High,Low,2025-11-03,3.691,3.7366231340833718,119.31
Chile,South America,High,Low,2025-11-10,3.758,3.697938787453656,119.63
Chile,South America,High,Low,2025-11-17,3.728,3.746159339163525,119.3
Chile,South America,High,Low,2025-11-24,3.706,3.7030029848883017,118.52
Chile,South America,High,Low,2025-12-01,3.675,3.7065499385473126,118.57
Chile,South America,High,Low,2025-12-08,3.69,3.698242864055364,119.43
Chile,South America,High,Low,2025-12-15,3.683,3.6713387362086403,118.67
Chile,South America,High,Low,2025-12-22,3.651,3.653168840613832,117.73
Chile,South America,High,Low,2025-12-29,3.672,3.633354177700583,117.1
Chile,South America,High,Low,2026-01-05,3.695,3.698910079678677,118.04
Chile,South America,High,Low,2026-01-12,3.711,3.7493320529012686,119.58
Chile,South America,High,Low,2026-01-19,3.766,3.717568713149263,119.82
Chile,South America,High,Low,2026-01-26,3.748,3.780832818513673,120.32
Chile,South America,High,Low,2026-02-02,3.702,3.717945628606782,119.36
Chile,South America,High,Low,2026-02-09,3.754,3.7253897263527067,120.21
Chile,South America,High,Low,2026-02-16,3.775,3.7686859562163306,120.67
Chile,South America,High,Low,2026-02-23,3.729,3.740503033943385,119.62
Chile,South America,High,Low,2026-03-02,3.898,3.8619978636657826,124.85
Chile,South America,High,Low,2026-03-09,4.035,4.030346445296892,130.0
Chile,South America,High,Low,2026-03-16,4.063,4.03457672356399,130.0
Chile,South America,High,Low,2026-03-23,4.042,4.0622667811000746,130.0
Chile,South America,High,Low,2026-03-30,4.068,4.041266781100075,130.0
Chile,South America,High,Low,2026-04-06,4.076,4.0672667811000744,130.0
China,Asia,Middle,Medium,2025-01-20,1.857,1.8720374923776506,122.38
China,Asia,Middle,Medium,2025-01-27,1.825,1.8269602285031576,120.18
China,Asia,Middle,Medium,2025-02-03,1.825,1.807438097845323,119.05
China,Asia,Middle,Medium,2025-02-10,1.811,1.8520826007267324,120.85
China,Asia,Middle,Medium,2025-02-17,1.82,1.799092618260253,120.24
China,Asia,Middle,Medium,2025-02-24,1.816,1.8088334258065624,119.66
China,Asia,Middle,Medium,2025-03-03,1.805,1.8177818669483086,119.84
China,Asia,Middle,Medium,2025-03-10,1.792,1.7766413311349734,117.71
China,Asia,Middle,Medium,2025-03-17,1.786,1.807028498559844,118.64
China,Asia,Middle,Medium,2025-03-24,1.813,1.806212038914931,119.96
China,Asia,Middle,Medium,2025-03-31,1.797,1.8168215718764587,120.22
China,Asia,Middle,Medium,2025-04-07,1.815,1.823300803632637,122.0
China,Asia,Middle,Medium,2025-04-14,1.834,1.7925780659076396,120.21
China,Asia,Middle,Medium,2025-04-21,1.845,1.864046561618729,122.22
China,Asia,Middle,Medium,2025-04-28,1.857,1.8292063322692,121.14
China,Asia,Middle,Medium,2025-05-05,1.81,1.8320690239374535,119.41
China,Asia,Middle,Medium,2025-05-12,1.786,1.8041871153504625,118.92
China,Asia,Middle,Medium,2025-05-19,1.8,1.8162697736257791,120.97
China,Asia,Middle,Medium,2025-05-26,1.841,1.7963442923936535,120.74
China,Asia,Middle,Medium,2025-06-02,1.813,1.8199543405835445,119.42
China,Asia,Middle,Medium,2025-06-09,1.781,1.7890330434908128,117.67
China,Asia,Middle,Medium,2025-06-16,1.8,1.7757551481952654,117.34
China,Asia,Middle,Medium,2025-06-23,1.714,1.7591433633431561,114.75
China,Asia,Middle,Medium,2025-06-30,1.695,1.6898861811934702,112.99
China,Asia,Middle,Medium,2025-07-07,1.77,1.7210809111584895,114.64
China,Asia,Middle,Medium,2025-07-14,1.772,1.7901730052001843,116.03
China,Asia,Middle,Medium,2025-07-21,1.783,1.7664762058076895,115.68
China,Asia,Middle,Medium,2025-07-28,1.727,1.771395466294637,114.92
China,Asia,Middle,Medium,2025-08-04,1.752,1.7260080839697065,114.79
China,Asia,Middle,Medium,2025-08-11,1.792,1.7872912583629168,117.41
China,Asia,Middle,Medium,2025-08-18,1.803,1.7960057501687623,117.69
China,Asia,Middle,Medium,2025-08-25,1.787,1.8181902850395613,118.58
China,Asia,Middle,Medium,2025-09-01,1.791,1.7810402530531197,118.14
China,Asia,Middle,Medium,2025-09-08,1.79,1.7902443821051048,118.01
China,Asia,Middle,Medium,2025-09-15,1.782,1.8013093181540782,118.59
China,Asia,Middle,Medium,2025-09-22,1.808,1.7827348913372068,118.54
China,Asia,Middle,Medium,2025-09-29,1.751,1.7768957227672655,116.06
China,Asia,Middle,Medium,2025-10-06,1.758,1.7712120389149308,117.4
China,Asia,Middle,Medium,2025-10-13,1.782,1.740756617176908,116.46
China,Asia,Middle,Medium,2025-10-20,1.802,1.8144641823957286,118.8
China,Asia,Middle,Medium,2025-10-27,1.836,1.8133093181540783,119.42
China,Asia,Middle,Medium,2025-11-03,1.81,1.835244382105105,119.31
China,Asia,Middle,Medium,2025-11-10,1.829,1.8141916461808514,119.63
China,Asia,Middle,Medium,2025-11-17,1.796,1.8233850738908728,119.3
China,Asia,Middle,Medium,2025-11-24,1.807,1.78017445440548,118.52
China,Asia,Middle,Medium,2025-12-01,1.79,1.8084964123566956,118.57
China,Asia,Middle,Medium,2025-12-08,1.795,1.8037748253339534,119.43
China,Asia,Middle,Medium,2025-12-15,1.819,1.7828943340243273,118.67
China,Asia,Middle,Medium,2025-12-22,1.793,1.8019034794742506,117.73
China,Asia,Middle,Medium,2025-12-29,1.793,1.7819097755162696,117.1
China,Asia,Middle,Medium,2026-01-05,1.761,1.8078816362625012,118.04
China,Asia,Middle,Medium,2026-01-12,1.872,1.7847868982302018,119.58
China,Asia,Middle,Medium,2026-01-19,1.86,1.8758215718764588,119.82
China,Asia,Middle,Medium,2026-01-26,1.818,1.869272399847195,120.32
China,Asia,Middle,Medium,2026-02-02,1.804,1.8006802674672007,119.36
China,Asia,Middle,Medium,2026-02-09,1.788,1.8179216876312958,120.21
China,Asia,Middle,Medium,2026-02-16,1.809,1.7971255375498523,120.67
China,Asia,Middle,Medium,2026-02-23,1.818,1.7908513282346967,119.62
China,Asia,Middle,Medium,2026-03-02,1.93,1.8795387142511637,124.85
China,Asia,Middle,Medium,2026-03-09,2.006,1.9906929534412015,130.0
China,Asia,Middle,Medium,2026-03-16,1.941,2.0064919499724643,130.0
China,Asia,Middle,Medium,2026-03-23,1.966,1.9416675817762634,130.0
China,Asia,Middle,Medium,2026-03-30,1.984,1.9666675817762633,130.0
China,Asia,Middle,Medium,2026-04-06,1.979,1.9846675817762633,130.0
Colombia,South America,Middle,Medium,2025-01-20,1.858,1.8750374923776505,122.38
Colombia,South America,Middle,Medium,2025-01-27,1.781,1.8279602285031578,120.18
Colombia,South America,Middle,Medium,2025-02-03,1.8,1.763438097845323,119.05
Colombia,South America,Middle,Medium,2025-02-10,1.804,1.8269128303293347,120.85
Colombia,South America,Middle,Medium,2025-02-17,1.826,1.7911622522002368,120.24
Colombia,South America,Middle,Medium,2025-02-24,1.809,1.8148334258065624,119.66
Colombia,South America,Middle,Medium,2025-03-03,1.83,1.8106120965509105,119.84
Colombia,South America,Middle,Medium,2025-03-10,1.757,1.8016413311349735,117.71
Colombia,South America,Middle,Medium,2025-03-17,1.784,1.771858728162446,118.64
Colombia,South America,Middle,Medium,2025-03-24,1.837,1.804042268517533,119.96
Colombia,South America,Middle,Medium,2025-03-31,1.843,1.8406518014790607,120.22
Colombia,South America,Middle,Medium,2025-04-07,1.825,1.869131033235239,122.0
Colombia,South America,Middle,Medium,2025-04-14,1.837,1.8025780659076396,120.21
Colombia,South America,Middle,Medium,2025-04-21,1.86,1.8668767912213309,122.22
Colombia,South America,Middle,Medium,2025-04-28,1.879,1.8442063322692002,121.14
Colombia,South America,Middle,Medium,2025-05-05,1.82,1.8531386578774374,119.41
Colombia,South America,Middle,Medium,2025-05-12,1.805,1.8141871153504625,118.92
Colombia,South America,Middle,Medium,2025-05-19,1.863,1.835100003228381,120.97
Colombia,South America,Middle,Medium,2025-05-26,1.857,1.8584139263336372,120.74
Colombia,South America,Middle,Medium,2025-06-02,1.803,1.8350239745235284,119.42
Colombia,South America,Middle,Medium,2025-06-09,1.786,1.7790330434908128,117.67
Colombia,South America,Middle,Medium,2025-06-16,1.805,1.7807551481952655,117.34
Colombia,South America,Middle,Medium,2025-06-23,1.727,1.764143363343156,114.75
Colombia,South America,Middle,Medium,2025-06-30,1.718,1.7028861811934703,112.99
Colombia,South America,Middle,Medium,2025-07-07,1.741,1.7439111407610914,114.64
Colombia,South America,Middle,Medium,2025-07-14,1.75,1.7610032348027864,116.03
Colombia,South America,Middle,Medium,2025-07-21,1.732,1.7444762058076895,115.68
Colombia,South America,Middle,Medium,2025-07-28,1.743,1.720395466294637,114.92
Colombia,South America,Middle,Medium,2025-08-04,1.713,1.7420080839697065,114.79
Colombia,South America,Middle,Medium,2025-08-11,1.803,1.748121487965519,117.41
Colombia,South America,Middle,Medium,2025-08-18,1.782,1.8068359797713642,117.69
Colombia,South America,Middle,Medium,2025-08-25,1.787,1.7970205146421636,118.58
Colombia,South America,Middle,Medium,2025-09-01,1.772,1.7810402530531197,118.14
Colombia,South America,Middle,Medium,2025-09-08,1.798,1.771244382105105,118.01
Colombia,South America,Middle,Medium,2025-09-15,1.799,1.8091395477566803,118.59
Colombia,South America,Middle,Medium,2025-09-22,1.791,1.7997348913372067,118.54
Colombia,South America,Middle,Medium,2025-09-29,1.784,1.7598957227672654,116.06
Colombia,South America,Middle,Medium,2025-10-06,1.799,1.804042268517533,117.4
Colombia,South America,Middle,Medium,2025-10-13,1.77,1.781756617176908,116.46
Colombia,South America,Middle,Medium,2025-10-20,1.805,1.8022944119983306,118.8
Colombia,South America,Middle,Medium,2025-10-27,1.796,1.8161395477566802,119.42
Colombia,South America,Middle,Medium,2025-11-03,1.792,1.795244382105105,119.31
Colombia,South America,Middle,Medium,2025-11-10,1.809,1.7960218757834534,119.63
Colombia,South America,Middle,Medium,2025-11-17,1.813,1.8033850738908728,119.3
Colombia,South America,Middle,Medium,2025-11-24,1.804,1.79717445440548,118.52
Colombia,South America,Middle,Medium,2025-12-01,1.792,1.8054964123566957,118.57
Colombia,South America,Middle,Medium,2025-12-08,1.772,1.8056050549365554,119.43
Colombia,South America,Middle,Medium,2025-12-15,1.824,1.7598943340243274,118.67
Colombia,South America,Middle,Medium,2025-12-22,1.799,1.8069034794742507,117.73
Colombia,South America,Middle,Medium,2025-12-29,1.759,1.7879097755162696,117.1
Colombia,South America,Middle,Medium,2026-01-05,1.751,1.7737118658651034,118.04
Colombia,South America,Middle,Medium,2026-01-12,1.82,1.774617127832804,119.58
Colombia,South America,Middle,Medium,2026-01-19,1.789,1.8236518014790608,119.82
Colombia,South America,Middle,Medium,2026-01-26,1.816,1.7981026294497968,120.32
Colombia,South America,Middle,Medium,2026-02-02,1.799,1.7986802674672007,119.36
Colombia,South America,Middle,Medium,2026-02-09,1.814,1.812751917233898,120.21
Colombia,South America,Middle,Medium,2026-02-16,1.846,1.8229557671524543,120.67
Colombia,South America,Middle,Medium,2026-02-23,1.834,1.827489331473158,119.62
Colombia,South America,Middle,Medium,2026-03-02,1.873,1.8953689438537658,124.85
Colombia,South America,Middle,Medium,2026-03-09,1.986,1.9335231830438036,130.0
Colombia,South America,Middle,Medium,2026-03-16,1.959,1.9864919499724647,130.0
Colombia,South America,Middle,Medium,2026-03-23,1.957,1.9596675817762634,130.0
Colombia,South America,Middle,Medium,2026-03-30,1.985,1.9576675817762634,130.0
Colombia,South America,Middle,Medium,2026-04-06,1.96,1.9856675817762635,130.0
Czech Republic,Europe,High,Low,2025-01-20,3.935,3.9059481877271582,122.38
Czech Republic,Europe,High,Low,2025-01-27,3.844,3.852953921335731,120.18
Czech Republic,Europe,High,Low,2025-02-03,3.797,3.808404316384456,119.05
Czech Republic,Europe,High,Low,2025-02-10,3.921,3.858942688671605,120.85
Czech Republic,Europe,High,Low,2025-02-17,3.912,3.900233582440999,120.24
Czech Republic,Europe,High,Low,2025-02-24,3.871,3.892904756047325,119.66
Czech Republic,Europe,High,Low,2025-03-03,3.882,3.875508317651164,119.84
Czech Republic,Europe,High,Low,2025-03-10,3.792,3.8025750119319404,117.71
Czech Republic,Europe,High,Low,2025-03-17,3.84,3.8217912843312134,118.64
Czech Republic,Europe,High,Low,2025-03-24,3.869,3.8891223369822567,119.96
Czech Republic,Europe,High,Low,2025-03-31,3.884,3.8770036751807844,120.22
Czech Republic,Europe,High,Low,2025-04-07,3.93,3.9457194766645545,122.0
Czech Republic,Europe,High,Low,2025-04-14,3.871,3.8638189686718025,120.21
Czech Republic,Europe,High,Low,2025-04-21,3.917,3.9464392729324094,122.22
Czech Republic,Europe,High,Low,2025-04-28,3.896,3.8820597333718307,121.14
Czech Republic,Europe,High,Low,2025-05-05,3.822,3.827492378078102,119.41
Czech Republic,Europe,High,Low,2025-05-12,3.837,3.808258445591225,118.92
Czech Republic,Europe,High,Low,2025-05-19,3.894,3.9126624849394593,120.97
Czech Republic,Europe,High,Low,2025-05-26,3.868,3.8841833636942127,120.74
Czech Republic,Europe,High,Low,2025-06-02,3.847,3.8188875321287297,119.42
Czech Republic,Europe,High,Low,2025-06-09,3.83,3.7803867636914776,117.67
Czech Republic,Europe,High,Low,2025-06-16,3.757,3.8179851910827542,117.34
Czech Republic,Europe,High,Low,2025-06-23,3.685,3.6510332643787478,114.75
Czech Republic,Europe,High,Low,2025-06-30,3.618,3.6182399013941353,112.99
Czech Republic,Europe,High,Low,2025-07-07,3.712,3.678642490626709,114.64
Czech Republic,Europe,High,Low,2025-07-14,3.72,3.761242094746246,116.03
Czech Republic,Europe,High,Low,2025-07-21,3.719,3.707865040173914,115.68
Czech Republic,Europe,High,Low,2025-07-28,3.741,3.698951176026592,114.92
Czech Republic,Europe,High,Low,2025-08-04,3.712,3.735419244640185,114.79
Czech Republic,Europe,High,Low,2025-08-11,3.761,3.81202708334728,117.41
Czech Republic,Europe,High,Low,2025-08-18,3.814,3.7693466449518236,117.69
Czech Republic,Europe,High,Low,2025-08-25,3.802,3.844111862289667,118.58
Czech Republic,Europe,High,Low,2025-09-01,3.806,3.7881115832938823,118.14
Czech Republic,Europe,High,Low,2025-09-08,3.779,3.8010789116982084,118.01
Czech Republic,Europe,High,Low,2025-09-15,3.851,3.799660264932526,118.59
Czech Republic,Europe,High,Low,2025-09-22,3.791,3.850308990098431,118.54
Czech Republic,Europe,High,Low,2025-09-29,3.73,3.7072522960472885,116.06
Czech Republic,Europe,High,Low,2025-10-06,3.785,3.779122336982257,117.4
Czech Republic,Europe,High,Low,2025-10-13,3.758,3.7529744943853953,116.46
Czech Republic,Europe,High,Low,2025-10-20,3.827,3.8404141505251155,118.8
Czech Republic,Europe,High,Low,2025-10-27,3.869,3.847660264932526,119.42
Czech Republic,Europe,High,Low,2025-11-03,3.801,3.8640789116982086,119.31
Czech Republic,Europe,High,Low,2025-11-10,3.872,3.809373749485177,119.63
Czech Republic,Europe,High,Low,2025-11-17,3.848,3.8596151167783614,119.3
Czech Republic,Europe,High,Low,2025-11-24,3.857,3.8209555009572074,118.52
Czech Republic,Europe,High,Low,2025-12-01,3.82,3.8584180778687607,118.57
Czech Republic,Europe,High,Low,2025-12-08,3.85,3.845586119034928,119.43
Czech Republic,Europe,High,Low,2025-12-15,3.804,3.8292912522775464,118.67
Czech Republic,Europe,High,Low,2025-12-22,3.784,3.772121356682738,117.73
Czech Republic,Europe,High,Low,2025-12-29,3.774,3.764981105757032,117.1
Czech Republic,Europe,High,Low,2026-01-05,3.784,3.8036444220338708,118.04
Czech Republic,Europe,High,Low,2026-01-12,3.851,3.8425294441405176,119.58
Czech Republic,Europe,High,Low,2026-01-19,3.862,3.859003675180784,119.82
Czech Republic,Europe,High,Low,2026-01-26,3.862,3.878528959050677,120.32
Czech Republic,Europe,High,Low,2026-02-02,3.806,3.829898144675688,119.36
Czech Republic,Europe,High,Low,2026-02-09,3.877,3.8317329813322707,120.21
Czech Republic,Europe,High,Low,2026-02-16,3.862,3.893382096753334,120.67
Czech Republic,Europe,High,Low,2026-02-23,3.862,3.825455550012291,119.62
Czech Republic,Europe,High,Low,2026-03-02,3.987,4.020135702820752,124.85
Czech Republic,Europe,High,Low,2026-03-09,4.151,4.144484284451861,130.0
Czech Republic,Europe,High,Low,2026-03-16,4.154,4.150673730703498,130.0
Czech Republic,Europe,High,Low,2026-03-23,4.156,4.153206533898233,130.0
Czech Republic,Europe,High,Low,2026-03-30,4.202,4.155206533898233,130.0
Czech Republic,Europe,High,Low,2026-04-06,4.185,4.201206533898233,130.0
Denmark,Europe,High,Low,2025-01-20,5.212,5.235948187727159,122.38
Denmark,Europe,High,Low,2025-01-27,5.132,5.129953921335731,120.18
Denmark,Europe,High,Low,2025-02-03,5.03,5.096404316384456,119.05
Denmark,Europe,High,Low,2025-02-10,5.177,5.091942688671605,120.85
Denmark,Europe,High,Low,2025-02-17,5.085,5.156233582440999,120.24
Denmark,Europe,High,Low,2025-02-24,5.082,5.065904756047325,119.66
Denmark,Europe,High,Low,2025-03-03,5.114,5.086508317651163,119.84
Denmark,Europe,High,Low,2025-03-10,5.01,5.03457501193194,117.71
Denmark,Europe,High,Low,2025-03-17,5.026,5.039791284331213,118.64
Denmark,Europe,High,Low,2025-03-24,5.105,5.075122336982257,119.96
Denmark,Europe,High,Low,2025-03-31,5.135,5.113003675180784,120.22
Denmark,Europe,High,Low,2025-04-07,5.163,5.196719476664555,122.0
Denmark,Europe,High,Low,2025-04-14,5.127,5.096818968671803,120.21
Denmark,Europe,High,Low,2025-04-21,5.219,5.202439272932409,122.22
Denmark,Europe,High,Low,2025-04-28,5.128,5.184059733371831,121.14
Denmark,Europe,High,Low,2025-05-05,5.075,5.059492378078102,119.41
Denmark,Europe,High,Low,2025-05-12,5.064,5.061258445591225,118.92
Denmark,Europe,High,Low,2025-05-19,5.155,5.13966248493946,120.97
Denmark,Europe,High,Low,2025-05-26,5.149,5.145183363694213,120.74
Denmark,Europe,High,Low,2025-06-02,5.082,5.099887532128729,119.42
Denmark,Europe,High,Low,2025-06-09,5.003,5.0153867636914775,117.67
Denmark,Europe,High,Low,2025-06-16,5.023,4.990985191082754,117.34
Denmark,Europe,High,Low,2025-06-23,4.879,4.917033264378747,114.75
Denmark,Europe,High,Low,2025-06-30,4.804,4.812239901394134,112.99
Denmark,Europe,High,Low,2025-07-07,4.886,4.864642490626709,114.64
Denmark,Europe,High,Low,2025-07-14,4.952,4.935242094746246,116.03
Denmark,Europe,High,Low,2025-07-21,4.923,4.939865040173914,115.68
Denmark,Europe,High,Low,2025-07-28,4.905,4.902951176026592,114.92
Denmark,Europe,High,Low,2025-08-04,4.859,4.899419244640185,114.79
Denmark,Europe,High,Low,2025-08-11,5.011,4.959027083347279,117.41
Denmark,Europe,High,Low,2025-08-18,4.996,5.019346644951824,117.69
Denmark,Europe,High,Low,2025-08-25,5.043,5.026111862289667,118.58
Denmark,Europe,High,Low,2025-09-01,4.985,5.029111583293883,118.14
Denmark,Europe,High,Low,2025-09-08,5.0,4.980078911698209,118.01
Denmark,Europe,High,Low,2025-09-15,5.038,5.020660264932526,118.59
Denmark,Europe,High,Low,2025-09-22,5.034,5.037308990098431,118.54
Denmark,Europe,High,Low,2025-09-29,4.938,4.950252296047288,116.06
Denmark,Europe,High,Low,2025-10-06,4.973,4.987122336982257,117.4
Denmark,Europe,High,Low,2025-10-13,4.94,4.9409744943853955,116.46
Denmark,Europe,High,Low,2025-10-20,5.085,5.022414150525116,118.8
Denmark,Europe,High,Low,2025-10-27,5.079,5.105660264932526,119.42
Denmark,Europe,High,Low,2025-11-03,5.049,5.074078911698209,119.31
Denmark,Europe,High,Low,2025-11-10,5.098,5.057373749485177,119.63
Denmark,Europe,High,Low,2025-11-17,5.058,5.085615116778361,119.3
Denmark,Europe,High,Low,2025-11-24,5.055,5.030955500957208,118.52
Denmark,Europe,High,Low,2025-12-01,5.054,5.05641807786876,118.57
Denmark,Europe,High,Low,2025-12-08,5.103,5.0795861190349285,119.43
Denmark,Europe,High,Low,2025-12-15,5.027,5.082291252277546,118.67
Denmark,Europe,High,Low,2025-12-22,5.022,4.995121356682738,117.73
Denmark,Europe,High,Low,2025-12-29,4.992,5.002981105757033,117.1
Denmark,Europe,High,Low,2026-01-05,5.007,5.021644422033871,118.04
Denmark,Europe,High,Low,2026-01-12,5.112,5.065529444140517,119.58
Denmark,Europe,High,Low,2026-01-19,5.087,5.120003675180784,119.82
Denmark,Europe,High,Low,2026-01-26,5.136,5.103528959050677,120.32
Denmark,Europe,High,Low,2026-02-02,5.093,5.1038981446756875,119.36
Denmark,Europe,High,Low,2026-02-09,5.095,5.118732981332271,120.21
Denmark,Europe,High,Low,2026-02-16,5.128,5.111382096753334,120.67
Denmark,Europe,High,Low,2026-02-23,5.108,5.091455550012291,119.62
Denmark,Europe,High,Low,2026-03-02,5.298,5.266135702820751,124.85
Denmark,Europe,High,Low,2026-03-09,5.509,5.4554842844518605,130.0
Denmark,Europe,High,Low,2026-03-16,5.542,5.5086737307034985,130.0
Denmark,Europe,High,Low,2026-03-23,5.503,5.541206533898233,130.0
Denmark,Europe,High,Low,2026-03-30,5.525,5.502206533898233,130.0
Denmark,Europe,High,Low,2026-04-06,5.541,5.524206533898234,130.0
Ecuador,South America,Middle,High,2025-01-20,0.661,0.6429017151058343,122.38
Ecuador,South America,Middle,High,2025-01-27,0.646,0.6452557034510847,120.18
Ecuador,South America,Middle,High,2025-02-03,0.64,0.6347427323785843,119.05
Ecuador,South America,Middle,High,2025-02-10,0.61,0.6538853345610629,120.85
Ecuador,South America,Middle,High,2025-02-17,0.658,0.6029670184752023,120.24
Ecuador,South America,Middle,High,2025-02-24,0.659,0.6526381920815277,119.66
Ecuador,South America,Middle,High,2025-03-03,0.673,0.6597249355762381,119.84
Ecuador,South America,Middle,High,2025-03-10,0.638,0.6559500270199664,117.71
Ecuador,South America,Middle,High,2025-03-17,0.631,0.643508757530686,118.64
Ecuador,South America,Middle,High,2025-03-24,0.633,0.6407526682609337,119.96
Ecuador,South America,Middle,High,2025-03-31,0.644,0.6346924553003463,120.22
Ecuador,South America,Middle,High,2025-04-07,0.621,0.6571035374669675,122.0
Ecuador,South America,Middle,High,2025-04-14,0.645,0.6086696808230021,120.21
Ecuador,South America,Middle,High,2025-04-21,0.693,0.6608675006361553,122.22
Ecuador,South America,Middle,High,2025-04-28,0.66,0.683510966802461,121.14
Ecuador,South America,Middle,High,2025-05-05,0.619,0.6442302727927999,119.41
Ecuador,South America,Middle,High,2025-05-12,0.66,0.618991881625428,118.92
Ecuador,South America,Middle,High,2025-05-19,0.66,0.6760907126432054,120.97
Ecuador,South America,Middle,High,2025-05-26,0.642,0.6561632007073624,120.74
Ecuador,South America,Middle,High,2025-06-02,0.622,0.626805936003287,119.42
Ecuador,South America,Middle,High,2025-06-09,0.623,0.6081246584061754,117.67
Ecuador,South America,Middle,High,2025-06-16,0.641,0.622991881625428,117.34
Ecuador,South America,Middle,High,2025-06-23,0.639,0.6169684740726772,114.75
Ecuador,South America,Middle,High,2025-06-30,0.609,0.6249777961088328,112.99
Ecuador,South America,Middle,High,2025-07-07,0.605,0.6218836449928198,114.64
Ecuador,South America,Middle,High,2025-07-14,0.619,0.614713634546187,116.03
Ecuador,South America,Middle,High,2025-07-21,0.608,0.6187129392378518,115.68
Ecuador,South America,Middle,High,2025-07-28,0.635,0.6028540896081961,114.92
Ecuador,South America,Middle,High,2025-08-04,0.583,0.6340152080714423,114.79
Ecuador,South America,Middle,High,2025-08-11,0.669,0.5995766785433472,117.41
Ecuador,South America,Middle,High,2025-08-18,0.642,0.67087663359265,117.69
Ecuador,South America,Middle,High,2025-08-25,0.61,0.6482649445957788,118.58
Ecuador,South America,Middle,High,2025-09-01,0.65,0.6098450193280853,118.14
Ecuador,South America,Middle,High,2025-09-08,0.589,0.6496247955237997,118.01
Ecuador,South America,Middle,High,2025-09-15,0.673,0.5934960251691235,118.59
Ecuador,South America,Middle,High,2025-09-22,0.658,0.673345515920767,118.54
Ecuador,South America,Middle,High,2025-09-29,0.629,0.6411911977151926,116.06
Ecuador,South America,Middle,High,2025-10-06,0.612,0.6387526682609337,117.4
Ecuador,South America,Middle,High,2025-10-13,0.637,0.6010612517101691,116.46
Ecuador,South America,Middle,High,2025-10-20,0.633,0.6546963088573412,118.8
Ecuador,South America,Middle,High,2025-10-27,0.636,0.6374960251691235,119.42
Ecuador,South America,Middle,High,2025-11-03,0.624,0.6356247955237997,119.31
Ecuador,South America,Middle,High,2025-11-10,0.646,0.6260625296047392,119.63
Ecuador,South America,Middle,High,2025-11-17,0.649,0.6456218073210351,119.3
Ecuador,South America,Middle,High,2025-11-24,0.672,0.6390386771336637,118.52
Ecuador,South America,Middle,High,2025-12-01,0.652,0.6731070369402559,118.57
Ecuador,South America,Middle,High,2025-12-08,0.67,0.6568404016563667,119.43
Ecuador,South America,Middle,High,2025-12-15,0.653,0.663758556752511,118.67
Ecuador,South America,Middle,High,2025-12-22,0.623,0.6422081140075118,117.73
Ecuador,South America,Middle,High,2025-12-29,0.631,0.6177145417912353,117.1
Ecuador,South America,Middle,High,2026-01-05,0.678,0.6363618952333434,118.04
Ecuador,South America,Middle,High,2026-01-12,0.65,0.6890213339187438,119.58
Ecuador,South America,Middle,High,2026-01-19,0.639,0.6516924553003464,119.82
Ecuador,South America,Middle,High,2026-01-26,0.648,0.6426494641843895,120.32
Ecuador,South America,Middle,High,2026-02-02,0.628,0.6369849020004617,119.36
Ecuador,South America,Middle,High,2026-02-09,0.628,0.6329872639537093,120.21
Ecuador,South America,Middle,High,2026-02-16,0.653,0.6315026018870469,120.67
Ecuador,South America,Middle,High,2026-02-23,0.643,0.640793966006419,119.62
Ecuador,South America,Middle,High,2026-03-02,0.668,0.6775371136277404,124.85
Ecuador,South America,Middle,High,2026-03-09,0.648,0.7022263032662481,130.0
Ecuador,South America,Middle,High,2026-03-16,0.689,0.6486375250044948,130.0
Ecuador,South America,Middle,High,2026-03-23,0.673,0.6894003140619187,130.0
Ecuador,South America,Middle,High,2026-03-30,0.708,0.6734003140619187,130.0
Ecuador,South America,Middle,High,2026-04-06,0.711,0.7084003140619186,130.0
Egypt,Africa,Low,Very High,2025-01-20,0.203,0.21144754162389898,122.38
Egypt,Africa,Low,Very High,2025-01-27,0.218,0.20172394092160775,120.18
Egypt,Africa,Low,Very High,2025-02-03,0.189,0.2057747818003605,119.05
Egypt,Africa,Low,Very High,2025-02-10,0.217,0.19695556485302834,120.85
Egypt,Africa,Low,Very High,2025-02-17,0.185,0.20905852435019673,120.24
Egypt,Africa,Low,Very High,2025-02-24,0.177,0.17872969795652216,119.66
Egypt,Africa,Low,Very High,2025-03-03,0.17,0.17894642411138068,119.84
Egypt,Africa,Low,Very High,2025-03-10,0.181,0.166080652337171,117.71
Egypt,Africa,Low,Very High,2025-03-17,0.189,0.18617233373887146,118.64
Egypt,Africa,Low,Very High,2025-03-24,0.236,0.193818010336497,119.96
Egypt,Africa,Low,Very High,2025-03-31,0.18,0.2384549812139501,120.22
Egypt,Africa,Low,Very High,2025-04-07,0.157,0.1871737677589329,122.0
Egypt,Africa,Low,Very High,2025-04-14,0.154,0.14918622067980392,120.21
Egypt,Africa,Low,Very High,2025-04-21,0.219,0.16316050185515635,122.22
Egypt,Africa,Low,Very High,2025-04-28,0.161,0.2074301987877355,121.14
Egypt,Africa,Low,Very High,2025-05-05,0.209,0.1505452669510492,119.41
Egypt,Africa,Low,Very High,2025-05-12,0.172,0.20808338750042232,118.92
Egypt,Africa,Low,Very High,2025-05-19,0.222,0.18138371386220647,120.97
Egypt,Africa,Low,Very High,2025-05-26,0.201,0.2219682658390092,120.74
Egypt,Africa,Low,Very High,2025-06-02,0.161,0.18505025414210366,119.42
Egypt,Africa,Low,Very High,2025-06-09,0.25,0.15275401569947908,117.67
Egypt,Africa,Low,Very High,2025-06-16,0.172,0.2496514203452255,117.34
Egypt,Africa,Low,Very High,2025-06-23,0.167,0.16774986409113476,114.75
Egypt,Africa,Low,Very High,2025-06-30,0.165,0.15860715340213646,112.99
Egypt,Africa,Low,Very High,2025-07-07,0.17,0.17195387528478526,114.64
Egypt,Africa,Low,Very High,2025-07-14,0.183,0.17470555066997748,116.03
Egypt,Africa,Low,Very High,2025-07-21,0.206,0.1822990520058764,115.68
Egypt,Africa,Low,Very High,2025-07-28,0.195,0.19921831249282412,114.92
Egypt,Africa,Low,Very High,2025-08-04,0.163,0.19613862204819338,114.79
Egypt,Africa,Low,Very High,2025-08-11,0.184,0.16773810020909255,117.41
Egypt,Africa,Low,Very High,2025-08-18,0.245,0.18656573355448072,117.69
Egypt,Africa,Low,Very High,2025-08-25,0.151,0.25026069426681596,118.58
Egypt,Africa,Low,Very High,2025-09-01,0.186,0.1499365252030797,118.14
Egypt,Africa,Low,Very High,2025-09-08,0.198,0.18833650269846683,118.01
Egypt,Africa,Low,Very High,2025-09-15,0.176,0.20215949347189296,118.59
Egypt,Africa,Low,Very High,2025-09-22,0.197,0.17848699463003598,118.54
Egypt,Africa,Low,Very High,2025-09-29,0.204,0.19584577678152304,116.06
Egypt,Africa,Low,Very High,2025-10-06,0.147,0.208818010336497,117.4
Egypt,Africa,Low,Very High,2025-10-13,0.156,0.13509330113194543,116.46
Egypt,Africa,Low,Very High,2025-10-20,0.176,0.16094983296391271,118.8
Egypt,Africa,Low,Very High,2025-10-27,0.201,0.18015949347189295,119.42
Egypt,Africa,Low,Very High,2025-11-03,0.192,0.20333650269846684,119.31
Egypt,Africa,Low,Very High,2025-11-10,0.19,0.1948250555183429,119.63
Egypt,Africa,Low,Very High,2025-11-17,0.212,0.18928134604083272,119.3
Egypt,Africa,Low,Very High,2025-11-24,0.207,0.20107072655543995,118.52
Egypt,Africa,Low,Very High,2025-12-01,0.183,0.20970282036752688,118.57
Egypt,Africa,Low,Very High,2025-12-08,0.215,0.18801524801966396,119.43
Egypt,Africa,Low,Very High,2025-12-15,0.178,0.20779060617428727,118.67
Egypt,Africa,Low,Very High,2025-12-22,0.214,0.16624016342928805,117.73
Egypt,Africa,Low,Very High,2025-12-29,0.182,0.2078060476662297,117.1
Egypt,Africa,Low,Very High,2026-01-05,0.218,0.18702547144152884,118.04
Egypt,Africa,Low,Very High,2026-01-12,0.198,0.2229780688012986,119.58
Egypt,Africa,Low,Very High,2026-01-19,0.198,0.2004549812139501,119.82
Egypt,Africa,Low,Very High,2026-01-26,0.179,0.20197910522695334,120.32
Egypt,Africa,Low,Very High,2026-02-02,0.21,0.16701695142223788,119.36
Egypt,Africa,Low,Very High,2026-02-09,0.181,0.21516211031700658,120.21
Egypt,Africa,Low,Very High,2026-02-16,0.205,0.1848322429296107,120.67
Egypt,Africa,Low,Very High,2026-02-23,0.205,0.19182601542819525,119.62
Egypt,Africa,Low,Very High,2026-03-02,0.22,0.19638762633655363,124.85
Egypt,Africa,Low,Very High,2026-03-09,0.201,0.21101187363335755,130.0
Egypt,Africa,Low,Very High,2026-03-16,0.2,0.20419267997504403,130.0
Egypt,Africa,Low,Very High,2026-03-23,0.243,0.20280018744604522,130.0
Egypt,Africa,Low,Very High,2026-03-30,0.201,0.2458001874460452,130.0
Egypt,Africa,Low,Very High,2026-04-06,0.176,0.20380018744604522,130.0
Ethiopia,Africa,Low,Medium,2025-01-20,1.6,1.637461163692906,122.38
Ethiopia,Africa,Low,Medium,2025-01-27,1.581,1.569539703098148,120.18
Ethiopia,Africa,Low,Medium,2025-02-03,1.599,1.56334799206429,119.05
Ethiopia,Africa,Low,Medium,2025-02-10,1.576,1.6258227245483015,120.85
Ethiopia,Africa,Low,Medium,2025-02-17,1.581,1.563072146419204,120.24
Ethiopia,Africa,Low,Medium,2025-02-24,1.588,1.569743320025529,119.66
Ethiopia,Africa,Low,Medium,2025-03-03,1.573,1.5895219907698777,119.84
Ethiopia,Africa,Low,Medium,2025-03-10,1.555,1.5447070286336753,117.71
Ethiopia,Africa,Low,Medium,2025-03-17,1.566,1.569768622381413,118.64
Ethiopia,Africa,Low,Medium,2025-03-24,1.6,1.5859521627365,119.96
Ethiopia,Africa,Low,Medium,2025-03-31,1.591,1.6035616956980276,120.22
Ethiopia,Africa,Low,Medium,2025-04-07,1.595,1.6170409274542061,122.0
Ethiopia,Africa,Low,Medium,2025-04-14,1.601,1.5714652484711378,120.21
Ethiopia,Africa,Low,Medium,2025-04-21,1.629,1.630786685440298,122.22
Ethiopia,Africa,Low,Medium,2025-04-28,1.626,1.612003409051665,121.14
Ethiopia,Africa,Low,Medium,2025-05-05,1.589,1.6001386578774373,119.41
Ethiopia,Africa,Low,Medium,2025-05-12,1.607,1.5830970095694292,118.92
Ethiopia,Africa,Low,Medium,2025-05-19,1.606,1.6370098974473482,120.97
Ethiopia,Africa,Low,Medium,2025-05-26,1.639,1.6013238205526041,120.74
Ethiopia,Africa,Low,Medium,2025-06-02,1.592,1.6170239745235284,119.42
Ethiopia,Africa,Low,Medium,2025-06-09,1.537,1.568033043490813,117.67
Ethiopia,Africa,Low,Medium,2025-06-16,1.588,1.5316650424142324,117.34
Ethiopia,Africa,Low,Medium,2025-06-23,1.533,1.5472090608418583,114.75
Ethiopia,Africa,Low,Medium,2025-06-30,1.493,1.5088861811934702,112.99
Ethiopia,Africa,Low,Medium,2025-07-07,1.533,1.5188210349800586,114.64
Ethiopia,Africa,Low,Medium,2025-07-14,1.548,1.5529131290217533,116.03
Ethiopia,Africa,Low,Medium,2025-07-21,1.52,1.5423861000266563,115.68
Ethiopia,Africa,Low,Medium,2025-07-28,1.483,1.508305360513604,114.92
Ethiopia,Africa,Low,Medium,2025-08-04,1.515,1.4810298216255715,114.79
Ethiopia,Africa,Low,Medium,2025-08-11,1.57,1.548347140202453,117.41
Ethiopia,Africa,Low,Medium,2025-08-18,1.559,1.5737458739903312,117.69
Ethiopia,Africa,Low,Medium,2025-08-25,1.581,1.5739304088611303,118.58
Ethiopia,Africa,Low,Medium,2025-09-01,1.558,1.5749501472720866,118.14
Ethiopia,Africa,Low,Medium,2025-09-08,1.583,1.557154276324072,118.01
Ethiopia,Africa,Low,Medium,2025-09-15,1.562,1.5940494419756472,118.59
Ethiopia,Africa,Low,Medium,2025-09-22,1.551,1.5626447855561738,118.54
Ethiopia,Africa,Low,Medium,2025-09-29,1.53,1.5199614202659675,116.06
Ethiopia,Africa,Low,Medium,2025-10-06,1.565,1.5499521627365,117.4
Ethiopia,Africa,Low,Medium,2025-10-13,1.524,1.547666511395875,116.46
Ethiopia,Africa,Low,Medium,2025-10-20,1.569,1.5549553917345535,118.8
Ethiopia,Africa,Low,Medium,2025-10-27,1.582,1.5800494419756472,119.42
Ethiopia,Africa,Low,Medium,2025-11-03,1.608,1.581154276324072,119.31
Ethiopia,Africa,Low,Medium,2025-11-10,1.596,1.6119317700024205,119.63
Ethiopia,Africa,Low,Medium,2025-11-17,1.578,1.5902949681098397,119.3
Ethiopia,Africa,Low,Medium,2025-11-24,1.537,1.5620843486244471,118.52
Ethiopia,Africa,Low,Medium,2025-12-01,1.569,1.5384063065756624,118.57
Ethiopia,Africa,Low,Medium,2025-12-08,1.581,1.5825149491555222,119.43
Ethiopia,Africa,Low,Medium,2025-12-15,1.572,1.5688042282432944,118.67
Ethiopia,Africa,Low,Medium,2025-12-22,1.564,1.5548133736932177,117.73
Ethiopia,Africa,Low,Medium,2025-12-29,1.523,1.5528196697352368,117.1
Ethiopia,Africa,Low,Medium,2026-01-05,1.525,1.5376217600840703,118.04
Ethiopia,Africa,Low,Medium,2026-01-12,1.531,1.5485270220517708,119.58
Ethiopia,Africa,Low,Medium,2026-01-19,1.587,1.5345616956980275,119.82
Ethiopia,Africa,Low,Medium,2026-01-26,1.578,1.596012523668764,120.32
Ethiopia,Africa,Low,Medium,2026-02-02,1.559,1.5605901616861675,119.36
Ethiopia,Africa,Low,Medium,2026-02-09,1.61,1.5726618114528648,120.21
Ethiopia,Africa,Low,Medium,2026-02-16,1.577,1.6188656613714214,120.67
Ethiopia,Africa,Low,Medium,2026-02-23,1.563,1.5583992256921249,119.62
Ethiopia,Africa,Low,Medium,2026-03-02,1.677,1.6181695933429014,124.85
Ethiopia,Africa,Low,Medium,2026-03-09,1.732,1.7317938406397053,130.0
Ethiopia,Africa,Low,Medium,2026-03-16,1.738,1.7334449140850767,130.0
Ethiopia,Africa,Low,Medium,2026-03-23,1.731,1.7390851278366823,130.0
Ethiopia,Africa,Low,Medium,2026-03-30,1.696,1.7320851278366824,130.0
Ethiopia,Africa,Low,Medium,2026-04-06,1.723,1.6970851278366823,130.0
Finland,Europe,High,Low,2025-01-20,4.872,4.934948187727159,122.38
Finland,Europe,High,Low,2025-01-27,4.789,4.789953921335731,120.18
Finland,Europe,High,Low,2025-02-03,4.758,4.753404316384456,119.05
Finland,Europe,High,Low,2025-02-10,4.82,4.819942688671604,120.85
Finland,Europe,High,Low,2025-02-17,4.796,4.7992335824409995,120.24
Finland,Europe,High,Low,2025-02-24,4.76,4.776904756047325,119.66
Finland,Europe,High,Low,2025-03-03,4.783,4.764508317651163,119.84
Finland,Europe,High,Low,2025-03-10,4.72,4.703575011931941,117.71
Finland,Europe,High,Low,2025-03-17,4.733,4.749791284331213,118.64
Finland,Europe,High,Low,2025-03-24,4.755,4.7821223369822565,119.96
Finland,Europe,High,Low,2025-03-31,4.807,4.763003675180784,120.22
Finland,Europe,High,Low,2025-04-07,4.885,4.868719476664555,122.0
Finland,Europe,High,Low,2025-04-14,4.816,4.818818968671803,120.21
Finland,Europe,High,Low,2025-04-21,4.847,4.891439272932409,122.22
Finland,Europe,High,Low,2025-04-28,4.822,4.812059733371831,121.14
Finland,Europe,High,Low,2025-05-05,4.722,4.753492378078102,119.41
Finland,Europe,High,Low,2025-05-12,4.757,4.708258445591225,118.92
Finland,Europe,High,Low,2025-05-19,4.814,4.832662484939459,120.97
Finland,Europe,High,Low,2025-05-26,4.866,4.804183363694213,120.74
Finland,Europe,High,Low,2025-06-02,4.748,4.816887532128729,119.42
Finland,Europe,High,Low,2025-06-09,4.689,4.681386763691478,117.67
Finland,Europe,High,Low,2025-06-16,4.659,4.676985191082754,117.34
Finland,Europe,High,Low,2025-06-23,4.599,4.5530332643787474,114.75
Finland,Europe,High,Low,2025-06-30,4.507,4.532239901394135,112.99
Finland,Europe,High,Low,2025-07-07,4.563,4.567642490626708,114.64
Finland,Europe,High,Low,2025-07-14,4.646,4.612242094746246,116.03
Finland,Europe,High,Low,2025-07-21,4.627,4.633865040173914,115.68
Finland,Europe,High,Low,2025-07-28,4.571,4.606951176026592,114.92
Finland,Europe,High,Low,2025-08-04,4.572,4.565419244640185,114.79
Finland,Europe,High,Low,2025-08-11,4.666,4.672027083347279,117.41
Finland,Europe,High,Low,2025-08-18,4.71,4.674346644951824,117.69
Finland,Europe,High,Low,2025-08-25,4.755,4.740111862289667,118.58
Finland,Europe,High,Low,2025-09-01,4.693,4.741111583293883,118.14
Finland,Europe,High,Low,2025-09-08,4.729,4.6880789116982085,118.01
Finland,Europe,High,Low,2025-09-15,4.72,4.749660264932526,118.59
Finland,Europe,High,Low,2025-09-22,4.753,4.719308990098431,118.54
Finland,Europe,High,Low,2025-09-29,4.639,4.669252296047288,116.06
Finland,Europe,High,Low,2025-10-06,4.667,4.688122336982257,117.4
Finland,Europe,High,Low,2025-10-13,4.632,4.634974494385395,116.46
Finland,Europe,High,Low,2025-10-20,4.744,4.714414150525116,118.8
Finland,Europe,High,Low,2025-10-27,4.734,4.764660264932526,119.42
Finland,Europe,High,Low,2025-11-03,4.766,4.729078911698209,119.31
Finland,Europe,High,Low,2025-11-10,4.766,4.774373749485177,119.63
Finland,Europe,High,Low,2025-11-17,4.729,4.753615116778361,119.3
Finland,Europe,High,Low,2025-11-24,4.717,4.701955500957208,118.52
Finland,Europe,High,Low,2025-12-01,4.742,4.71841807786876,118.57
Finland,Europe,High,Low,2025-12-08,4.763,4.767586119034928,119.43
Finland,Europe,High,Low,2025-12-15,4.701,4.742291252277546,118.67
Finland,Europe,High,Low,2025-12-22,4.678,4.669121356682737,117.73
Finland,Europe,High,Low,2025-12-29,4.67,4.658981105757032,117.1
Finland,Europe,High,Low,2026-01-05,4.666,4.699644422033871,118.04
Finland,Europe,High,Low,2026-01-12,4.768,4.724529444140518,119.58
Finland,Europe,High,Low,2026-01-19,4.795,4.7760036751807835,119.82
Finland,Europe,High,Low,2026-01-26,4.762,4.811528959050677,120.32
Finland,Europe,High,Low,2026-02-02,4.793,4.729898144675687,119.36
Finland,Europe,High,Low,2026-02-09,4.824,4.818732981332271,120.21
Finland,Europe,High,Low,2026-02-16,4.821,4.840382096753334,120.67
Finland,Europe,High,Low,2026-02-23,4.776,4.78445555001229,119.62
Finland,Europe,High,Low,2026-03-02,4.993,4.934135702820751,124.85
Finland,Europe,High,Low,2026-03-09,5.176,5.150484284451861,130.0
Finland,Europe,High,Low,2026-03-16,5.206,5.175673730703498,130.0
Finland,Europe,High,Low,2026-03-23,5.211,5.205206533898234,130.0
Finland,Europe,High,Low,2026-03-30,5.203,5.2102065338982335,130.0
Finland,Europe,High,Low,2026-04-06,5.177,5.2022065338982335,130.0
France,Europe,High,Low,2025-01-20,4.772,4.801948187727159,122.38
France,Europe,High,Low,2025-01-27,4.652,4.689953921335731,120.18
France,Europe,High,Low,2025-02-03,4.676,4.616404316384457,119.05
France,Europe,High,Low,2025-02-10,4.755,4.7379426886716045,120.85
France,Europe,High,Low,2025-02-17,4.667,4.734233582440999,120.24
France,Europe,High,Low,2025-02-24,4.685,4.647904756047325,119.66
France,Europe,High,Low,2025-03-03,4.689,4.689508317651163,119.84
France,Europe,High,Low,2025-03-10,4.582,4.60957501193194,117.71
France,Europe,High,Low,2025-03-17,4.602,4.611791284331213,118.64
France,Europe,High,Low,2025-03-24,4.743,4.651122336982257,119.96
France,Europe,High,Low,2025-03-31,4.717,4.751003675180784,120.22
France,Europe,High,Low,2025-04-07,4.765,4.778719476664555,122.0
France,Europe,High,Low,2025-04-14,4.726,4.6988189686718025,120.21
France,Europe,High,Low,2025-04-21,4.791,4.801439272932409,122.22
France,Europe,High,Low,2025-04-28,4.763,4.756059733371831,121.14
France,Europe,High,Low,2025-05-05,4.667,4.694492378078102,119.41
France,Europe,High,Low,2025-05-12,4.675,4.6532584455912245,118.92
France,Europe,High,Low,2025-05-19,4.703,4.750662484939459,120.97
France,Europe,High,Low,2025-05-26,4.713,4.693183363694213,120.74
France,Europe,High,Low,2025-06-02,4.659,4.663887532128729,119.42
France,Europe,High,Low,2025-06-09,4.625,4.5923867636914775,117.67
France,Europe,High,Low,2025-06-16,4.575,4.612985191082754,117.34
France,Europe,High,Low,2025-06-23,4.479,4.469033264378748,114.75
France,Europe,High,Low,2025-06-30,4.456,4.412239901394135,112.99
France,Europe,High,Low,2025-07-07,4.472,4.516642490626709,114.64
France,Europe,High,Low,2025-07-14,4.523,4.521242094746246,116.03
France,Europe,High,Low,2025-07-21,4.497,4.510865040173914,115.68
France,Europe,High,Low,2025-07-28,4.453,4.476951176026592,114.92
France,Europe,High,Low,2025-08-04,4.547,4.4474192446401855,114.79
France,Europe,High,Low,2025-08-11,4.555,4.647027083347279,117.41
France,Europe,High,Low,2025-08-18,4.601,4.563346644951824,117.69
France,Europe,High,Low,2025-08-25,4.66,4.631111862289667,118.58
France,Europe,High,Low,2025-09-01,4.631,4.646111583293883,118.14
France,Europe,High,Low,2025-09-08,4.598,4.626078911698209,118.01
France,Europe,High,Low,2025-09-15,4.622,4.618660264932526,118.59
France,Europe,High,Low,2025-09-22,4.636,4.621308990098431,118.54
France,Europe,High,Low,2025-09-29,4.532,4.552252296047288,116.06
France,Europe,High,Low,2025-10-06,4.536,4.581122336982257,117.4
France,Europe,High,Low,2025-10-13,4.541,4.503974494385395,116.46
France,Europe,High,Low,2025-10-20,4.658,4.623414150525116,118.8
France,Europe,High,Low,2025-10-27,4.673,4.678660264932526,119.42
France,Europe,High,Low,2025-11-03,4.623,4.668078911698209,119.31
France,Europe,High,Low,2025-11-10,4.654,4.631373749485177,119.63
France,Europe,High,Low,2025-11-17,4.668,4.641615116778361,119.3
France,Europe,High,Low,2025-11-24,4.611,4.640955500957208,118.52
France,Europe,High,Low,2025-12-01,4.646,4.61241807786876,118.57
France,Europe,High,Low,2025-12-08,4.641,4.671586119034928,119.43
France,Europe,High,Low,2025-12-15,4.644,4.620291252277546,118.67
France,Europe,High,Low,2025-12-22,4.578,4.612121356682738,117.73
France,Europe,High,Low,2025-12-29,4.584,4.558981105757033,117.1
France,Europe,High,Low,2026-01-05,4.573,4.613644422033871,118.04
France,Europe,High,Low,2026-01-12,4.665,4.631529444140518,119.58
France,Europe,High,Low,2026-01-19,4.671,4.673003675180784,119.82
France,Europe,High,Low,2026-01-26,4.746,4.6875289590506775,120.32
France,Europe,High,Low,2026-02-02,4.628,4.713898144675688,119.36
France,Europe,High,Low,2026-02-09,4.674,4.653732981332271,120.21
France,Europe,High,Low,2026-02-16,4.692,4.690382096753335,120.67
France,Europe,High,Low,2026-02-23,4.663,4.655455550012291,119.62
France,Europe,High,Low,2026-03-02,4.845,4.821135702820752,124.85
France,Europe,High,Low,2026-03-09,5.082,5.00248428445186,130.0
France,Europe,High,Low,2026-03-16,5.074,5.081673730703498,130.0
France,Europe,High,Low,2026-03-23,5.119,5.073206533898233,130.0
France,Europe,High,Low,2026-03-30,5.078,5.118206533898233,130.0
France,Europe,High,Low,2026-04-06,5.06,5.0772065338982335,130.0
Germany,Europe,High,Low,2025-01-20,4.826,4.837948187727158,122.38
Germany,Europe,High,Low,2025-01-27,4.767,4.743953921335731,120.18
Germany,Europe,High,Low,2025-02-03,4.691,4.731404316384457,119.05
Germany,Europe,High,Low,2025-02-10,4.74,4.752942688671604,120.85
Germany,Europe,High,Low,2025-02-17,4.726,4.719233582440999,120.24
Germany,Europe,High,Low,2025-02-24,4.739,4.706904756047325,119.66
Germany,Europe,High,Low,2025-03-03,4.759,4.743508317651163,119.84
Germany,Europe,High,Low,2025-03-10,4.653,4.679575011931941,117.71
Germany,Europe,High,Low,2025-03-17,4.705,4.682791284331213,118.64
Germany,Europe,High,Low,2025-03-24,4.705,4.754122336982257,119.96
Germany,Europe,High,Low,2025-03-31,4.746,4.713003675180784,120.22
Germany,Europe,High,Low,2025-04-07,4.806,4.8077194766645555,122.0
Germany,Europe,High,Low,2025-04-14,4.735,4.739818968671803,120.21
Germany,Europe,High,Low,2025-04-21,4.841,4.81043927293241,122.22
Germany,Europe,High,Low,2025-04-28,4.761,4.806059733371831,121.14
Germany,Europe,High,Low,2025-05-05,4.714,4.692492378078102,119.41
Germany,Europe,High,Low,2025-05-12,4.708,4.700258445591225,118.92
Germany,Europe,High,Low,2025-05-19,4.763,4.78366248493946,120.97
Germany,Europe,High,Low,2025-05-26,4.732,4.7531833636942125,120.74
Germany,Europe,High,Low,2025-06-02,4.704,4.6828875321287295,119.42
Germany,Europe,High,Low,2025-06-09,4.648,4.637386763691477,117.67
Germany,Europe,High,Low,2025-06-16,4.629,4.635985191082754,117.34
Germany,Europe,High,Low,2025-06-23,4.489,4.523033264378747,114.75
Germany,Europe,High,Low,2025-06-30,4.436,4.422239901394135,112.99
Germany,Europe,High,Low,2025-07-07,4.508,4.496642490626709,114.64
Germany,Europe,High,Low,2025-07-14,4.583,4.557242094746246,116.03
Germany,Europe,High,Low,2025-07-21,4.582,4.570865040173914,115.68
Germany,Europe,High,Low,2025-07-28,4.54,4.561951176026592,114.92
Germany,Europe,High,Low,2025-08-04,4.511,4.534419244640185,114.79
Germany,Europe,High,Low,2025-08-11,4.68,4.611027083347279,117.41
Germany,Europe,High,Low,2025-08-18,4.609,4.688346644951824,117.69
Germany,Europe,High,Low,2025-08-25,4.653,4.639111862289667,118.58
Germany,Europe,High,Low,2025-09-01,4.669,4.639111583293882,118.14
Germany,Europe,High,Low,2025-09-08,4.641,4.664078911698208,118.01
Germany,Europe,High,Low,2025-09-15,4.651,4.661660264932526,118.59
Germany,Europe,High,Low,2025-09-22,4.701,4.650308990098431,118.54
Germany,Europe,High,Low,2025-09-29,4.581,4.617252296047288,116.06
Germany,Europe,High,Low,2025-10-06,4.639,4.630122336982257,117.4
Germany,Europe,High,Low,2025-10-13,4.609,4.606974494385396,116.46
Germany,Europe,High,Low,2025-10-20,4.652,4.691414150525116,118.8
Germany,Europe,High,Low,2025-10-27,4.7,4.672660264932526,119.42
Germany,Europe,High,Low,2025-11-03,4.725,4.695078911698209,119.31
Germany,Europe,High,Low,2025-11-10,4.729,4.733373749485176,119.63
Germany,Europe,High,Low,2025-11-17,4.704,4.716615116778361,119.3
Germany,Europe,High,Low,2025-11-24,4.69,4.676955500957208,118.52
Germany,Europe,High,Low,2025-12-01,4.685,4.691418077868761,118.57
Germany,Europe,High,Low,2025-12-08,4.722,4.710586119034928,119.43
Germany,Europe,High,Low,2025-12-15,4.675,4.701291252277547,118.67
Germany,Europe,High,Low,2025-12-22,4.645,4.643121356682737,117.73
Germany,Europe,High,Low,2025-12-29,4.647,4.625981105757032,117.1
Germany,Europe,High,Low,2026-01-05,4.684,4.676644422033871,118.04
Germany,Europe,High,Low,2026-01-12,4.709,4.7425294441405175,119.58
Germany,Europe,High,Low,2026-01-19,4.702,4.717003675180783,119.82
Germany,Europe,High,Low,2026-01-26,4.775,4.718528959050677,120.32
Germany,Europe,High,Low,2026-02-02,4.764,4.742898144675688,119.36
Germany,Europe,High,Low,2026-02-09,4.753,4.789732981332271,120.21
Germany,Europe,High,Low,2026-02-16,4.787,4.7693820967533345,120.67
Germany,Europe,High,Low,2026-02-23,4.703,4.7504555500122905,119.62
Germany,Europe,High,Low,2026-03-02,4.922,4.861135702820752,124.85
Germany,Europe,High,Low,2026-03-09,5.155,5.07948428445186,130.0
Germany,Europe,High,Low,2026-03-16,5.119,5.154673730703498,130.0
Germany,Europe,High,Low,2026-03-23,5.128,5.118206533898233,130.0
Germany,Europe,High,Low,2026-03-30,5.132,5.127206533898233,130.0
Germany,Europe,High,Low,2026-04-06,5.148,5.131206533898233,130.0
Ghana,Africa,Low,Low,2025-01-20,2.37,2.387483009900575,122.38
Ghana,Africa,Low,Low,2025-01-27,2.289,2.3199942999935548,120.18
Ghana,Africa,Low,Low,2025-02-03,2.327,2.262302273198925,119.05
Ghana,Africa,Low,Low,2025-02-10,2.331,2.364809630333086,120.85
Ghana,Africa,Low,Low,2025-02-17,2.353,2.318093992626873,120.24
Ghana,Africa,Low,Low,2025-02-24,2.341,2.3417651662331984,119.66
Ghana,Africa,Low,Low,2025-03-03,2.286,2.343008560489774,119.84
Ghana,Africa,Low,Low,2025-03-10,2.271,2.2368416487197806,117.71
Ghana,Africa,Low,Low,2025-03-17,2.286,2.2936070335363543,118.64
Ghana,Africa,Low,Low,2025-03-24,2.34,2.3192795890530933,119.96
Ghana,Africa,Low,Low,2025-03-31,2.36,2.344874434431044,120.22
Ghana,Africa,Low,Low,2025-04-07,2.361,2.3970278332389903,122.0
Ghana,Africa,Low,Low,2025-04-14,2.344,2.315353370895496,120.21
Ghana,Africa,Low,Low,2025-04-21,2.359,2.391207791887734,122.22
Ghana,Africa,Low,Low,2025-04-28,2.34,2.3329576901863,121.14
Ghana,Africa,Low,Low,2025-05-05,2.283,2.292026780301795,119.41
Ghana,Africa,Low,Low,2025-05-12,2.345,2.2771188557770987,118.92
Ghana,Africa,Low,Low,2025-05-19,2.387,2.3924310038947847,120.97
Ghana,Africa,Low,Low,2025-05-26,2.366,2.3820037341156857,120.74
Ghana,Africa,Low,Low,2025-06-02,2.376,2.3274967086992975,119.42
Ghana,Africa,Low,Low,2025-06-09,2.304,2.329921165915171,117.67
Ghana,Africa,Low,Low,2025-06-16,2.28,2.2986868886219014,117.34
Ghana,Africa,Low,Low,2025-06-23,2.195,2.217229235040479,114.75
Ghana,Africa,Low,Low,2025-06-30,2.2,2.148774303617828,112.99
Ghana,Africa,Low,Low,2025-07-07,2.247,2.2368079407648427,114.64
Ghana,Africa,Low,Low,2025-07-14,2.235,2.2802405553383465,116.03
Ghana,Africa,Low,Low,2025-07-21,2.265,2.2294079462343253,115.68
Ghana,Africa,Low,Low,2025-07-28,2.243,2.2533272067212735,114.92
Ghana,Africa,Low,Low,2025-08-04,2.259,2.240340874233622,114.79
Ghana,Africa,Low,Low,2025-08-11,2.278,2.319671856371846,117.41
Ghana,Africa,Low,Low,2025-08-18,2.273,2.2830586127233476,117.69
Ghana,Africa,Low,Low,2025-08-25,2.272,2.295768820016072,118.58
Ghana,Africa,Low,Low,2025-09-01,2.28,2.2659719934797558,118.14
Ghana,Africa,Low,Low,2025-09-08,2.26,2.2784653289321226,118.01
Ghana,Africa,Low,Low,2025-09-15,2.273,2.275902651835529,118.59
Ghana,Africa,Low,Low,2025-09-22,2.305,2.27218604932909,118.54
Ghana,Africa,Low,Low,2025-09-29,2.261,2.2544160171613745,116.06
Ghana,Africa,Low,Low,2025-10-06,2.27,2.2942795890530934,117.4
Ghana,Africa,Low,Low,2025-10-13,2.263,2.2468724511998643,116.46
Ghana,Africa,Low,Low,2025-10-20,2.305,2.314708572775063,118.8
Ghana,Africa,Low,Low,2025-10-27,2.328,2.3209026518355294,119.42
Ghana,Africa,Low,Low,2025-11-03,2.276,2.3264653289321227,119.31
Ghana,Africa,Low,Low,2025-11-10,2.286,2.2812445087354365,119.63
Ghana,Africa,Low,Low,2025-11-17,2.375,2.280316814317509,119.3
Ghana,Africa,Low,Low,2025-11-24,2.269,2.356490323130625,118.52
Ghana,Africa,Low,Low,2025-12-01,2.301,2.268947570348579,118.57
Ghana,Africa,Low,Low,2025-12-08,2.298,2.3214196555759465,119.43
Ghana,Africa,Low,Low,2025-12-15,2.293,2.2858260744509638,118.67
Ghana,Africa,Low,Low,2025-12-22,2.311,2.270019313497207,117.73
Ghana,Africa,Low,Low,2025-12-29,2.271,2.299841515942906,117.1
Ghana,Africa,Low,Low,2026-01-05,2.253,2.293460171239012,118.04
Ghana,Africa,Low,Low,2026-01-12,2.334,2.2889349875483314,119.58
Ghana,Africa,Low,Low,2026-01-19,2.321,2.338874434431044,119.82
Ghana,Africa,Low,Low,2026-01-26,2.307,2.333728872097956,120.32
Ghana,Africa,Low,Low,2026-02-02,2.323,2.2837961014901564,119.36
Ghana,Africa,Low,Low,2026-02-09,2.318,2.3435665178732887,120.21
Ghana,Africa,Low,Low,2026-02-16,2.328,2.330582009800613,120.67
Ghana,Africa,Low,Low,2026-02-23,2.299,2.3003535068267595,119.62
Ghana,Africa,Low,Low,2026-03-02,2.431,2.3956736399137486,124.85
Ghana,Africa,Low,Low,2026-03-09,2.542,2.5272978872105525,130.0
Ghana,Africa,Low,Low,2026-03-16,2.523,2.541986177857993,130.0
Ghana,Africa,Low,Low,2026-03-23,2.498,2.5227484993116938,130.0
Ghana,Africa,Low,Low,2026-03-30,2.519,2.497748499311694,130.0
Ghana,Africa,Low,Low,2026-04-06,2.494,2.5187484993116938,130.0
Greece,Europe,High,Low,2025-01-20,4.684,4.728948187727158,122.38
Greece,Europe,High,Low,2025-01-27,4.581,4.601953921335731,120.18
Greece,Europe,High,Low,2025-02-03,4.606,4.545404316384457,119.05
Greece,Europe,High,Low,2025-02-10,4.624,4.667942688671604,120.85
Greece,Europe,High,Low,2025-02-17,4.652,4.603233582440999,120.24
Greece,Europe,High,Low,2025-02-24,4.603,4.632904756047325,119.66
Greece,Europe,High,Low,2025-03-03,4.634,4.607508317651163,119.84
Greece,Europe,High,Low,2025-03-10,4.509,4.554575011931941,117.71
Greece,Europe,High,Low,2025-03-17,4.548,4.5387912843312135,118.64
Greece,Europe,High,Low,2025-03-24,4.613,4.597122336982257,119.96
Greece,Europe,High,Low,2025-03-31,4.642,4.621003675180784,120.22
Greece,Europe,High,Low,2025-04-07,4.655,4.703719476664555,122.0
Greece,Europe,High,Low,2025-04-14,4.596,4.588818968671803,120.21
Greece,Europe,High,Low,2025-04-21,4.683,4.6714392729324095,122.22
Greece,Europe,High,Low,2025-04-28,4.688,4.648059733371831,121.14
Greece,Europe,High,Low,2025-05-05,4.616,4.619492378078101,119.41
Greece,Europe,High,Low,2025-05-12,4.563,4.602258445591224,118.92
Greece,Europe,High,Low,2025-05-19,4.613,4.638662484939459,120.97
Greece,Europe,High,Low,2025-05-26,4.628,4.603183363694213,120.74
Greece,Europe,High,Low,2025-06-02,4.576,4.5788875321287295,119.42
Greece,Europe,High,Low,2025-06-09,4.51,4.509386763691477,117.67
Greece,Europe,High,Low,2025-06-16,4.505,4.497985191082754,117.34
Greece,Europe,High,Low,2025-06-23,4.451,4.3990332643787475,114.75
Greece,Europe,High,Low,2025-06-30,4.36,4.384239901394134,112.99
Greece,Europe,High,Low,2025-07-07,4.433,4.420642490626709,114.64
Greece,Europe,High,Low,2025-07-14,4.477,4.482242094746246,116.03
Greece,Europe,High,Low,2025-07-21,4.473,4.4648650401739145,115.68
Greece,Europe,High,Low,2025-07-28,4.381,4.452951176026592,114.92
Greece,Europe,High,Low,2025-08-04,4.432,4.375419244640185,114.79
Greece,Europe,High,Low,2025-08-11,4.489,4.5320270833472796,117.41
Greece,Europe,High,Low,2025-08-18,4.493,4.497346644951824,117.69
Greece,Europe,High,Low,2025-08-25,4.544,4.523111862289667,118.58
Greece,Europe,High,Low,2025-09-01,4.534,4.530111583293882,118.14
Greece,Europe,High,Low,2025-09-08,4.583,4.529078911698209,118.01
Greece,Europe,High,Low,2025-09-15,4.58,4.603660264932526,118.59
Greece,Europe,High,Low,2025-09-22,4.572,4.579308990098431,118.54
Greece,Europe,High,Low,2025-09-29,4.411,4.488252296047288,116.06
Greece,Europe,High,Low,2025-10-06,4.545,4.4601223369822565,117.4
Greece,Europe,High,Low,2025-10-13,4.487,4.5129744943853956,116.46
Greece,Europe,High,Low,2025-10-20,4.55,4.569414150525116,118.8
Greece,Europe,High,Low,2025-10-27,4.565,4.570660264932526,119.42
Greece,Europe,High,Low,2025-11-03,4.557,4.560078911698209,119.31
Greece,Europe,High,Low,2025-11-10,4.593,4.565373749485177,119.63
Greece,Europe,High,Low,2025-11-17,4.553,4.580615116778361,119.3
Greece,Europe,High,Low,2025-11-24,4.527,4.525955500957208,118.52
Greece,Europe,High,Low,2025-12-01,4.541,4.528418077868761,118.57
Greece,Europe,High,Low,2025-12-08,4.573,4.566586119034929,119.43
Greece,Europe,High,Low,2025-12-15,4.578,4.552291252277547,118.67
Greece,Europe,High,Low,2025-12-22,4.521,4.546121356682738,117.73
Greece,Europe,High,Low,2025-12-29,4.504,4.501981105757032,117.1
Greece,Europe,High,Low,2026-01-05,4.518,4.533644422033871,118.04
Greece,Europe,High,Low,2026-01-12,4.562,4.576529444140517,119.58
Greece,Europe,High,Low,2026-01-19,4.595,4.570003675180784,119.82
Greece,Europe,High,Low,2026-01-26,4.664,4.611528959050677,120.32
Greece,Europe,High,Low,2026-02-02,4.555,4.631898144675687,119.36
Greece,Europe,High,Low,2026-02-09,4.622,4.580732981332271,120.21
Greece,Europe,High,Low,2026-02-16,4.645,4.638382096753334,120.67
Greece,Europe,High,Low,2026-02-23,4.594,4.60845555001229,119.62
Greece,Europe,High,Low,2026-03-02,4.8,4.752135702820752,124.85
Greece,Europe,High,Low,2026-03-09,5.038,4.95748428445186,130.0
Greece,Europe,High,Low,2026-03-16,5.01,5.037673730703498,130.0
Greece,Europe,High,Low,2026-03-23,4.986,5.009206533898233,130.0
Greece,Europe,High,Low,2026-03-30,4.97,4.985206533898233,130.0
Greece,Europe,High,Low,2026-04-06,4.988,4.969206533898233,130.0
Hong Kong,Asia,High,Low,2025-01-20,6.384,6.366995671658252,122.38
Hong Kong,Asia,High,Low,2025-01-27,6.241,6.313059989204999,120.18
Hong Kong,Asia,High,Low,2025-02-03,6.156,6.20745180031555,119.05
Hong Kong,Asia,High,Low,2025-02-10,6.292,6.212659717982967,120.85
Hong Kong,Asia,High,Low,2025-02-17,6.295,6.273537020444566,120.24
Hong Kong,Asia,High,Low,2025-02-24,6.224,6.277277827990876,119.66
Hong Kong,Asia,High,Low,2025-03-03,6.217,6.227402176127941,119.84
Hong Kong,Asia,High,Low,2025-03-10,6.129,6.148681079801207,117.71
Hong Kong,Asia,High,Low,2025-03-17,6.159,6.156226712373417,118.64
Hong Kong,Asia,High,Low,2025-03-24,6.255,6.20445193898908,119.96
Hong Kong,Asia,High,Low,2025-03-31,6.26,6.261738483546661,120.22
Hong Kong,Asia,High,Low,2025-04-07,6.338,6.316436505975917,122.0
Hong Kong,Asia,High,Low,2025-04-14,6.226,6.280224173243517,120.21
Hong Kong,Asia,High,Low,2025-04-21,6.36,6.292456132008037,122.22
Hong Kong,Asia,High,Low,2025-04-28,6.298,6.327107217302926,121.14
Hong Kong,Asia,High,Low,2025-05-05,6.187,6.238827948709833,119.41
Hong Kong,Asia,High,Low,2025-05-12,6.188,6.174631517534776,118.92
Hong Kong,Asia,High,Low,2025-05-19,6.28,6.254679344015087,120.97
Hong Kong,Asia,High,Low,2025-05-26,6.265,6.2716579521393925,120.74
Hong Kong,Asia,High,Low,2025-06-02,6.204,6.220123917523499,119.42
Hong Kong,Asia,High,Low,2025-06-09,6.128,6.145791968263192,117.67
Hong Kong,Asia,High,Low,2025-06-16,6.073,6.116529413467918,117.34
Hong Kong,Asia,High,Low,2025-06-23,5.94,5.98046025335108,114.75
Hong Kong,Asia,High,Low,2025-06-30,5.881,5.88164510596585,112.99
Hong Kong,Asia,High,Low,2025-07-07,5.961,5.936359519938072,114.64
Hong Kong,Asia,High,Low,2025-07-14,6.028,6.0065716967530705,116.03
Hong Kong,Asia,High,Low,2025-07-21,6.009,6.016409262559077,115.68
Hong Kong,Asia,High,Low,2025-07-28,5.953,5.990998659957687,114.92
Hong Kong,Asia,High,Low,2025-08-04,5.997,5.947963467025349,114.79
Hong Kong,Asia,High,Low,2025-08-11,6.098,6.083868924792944,117.41
Hong Kong,Asia,High,Low,2025-08-18,6.179,6.105081453317701,117.69
Hong Kong,Asia,High,Low,2025-08-25,6.167,6.206547290331871,118.58
Hong Kong,Asia,High,Low,2025-09-01,6.128,6.154484655237432,118.14
Hong Kong,Asia,High,Low,2025-09-08,6.124,6.123623134083372,118.01
Hong Kong,Asia,High,Low,2025-09-15,6.123,6.142895630712345,118.59
Hong Kong,Asia,High,Low,2025-09-22,6.157,6.122211982958923,118.54
Hong Kong,Asia,High,Low,2025-09-29,6.04,6.085161860861956,116.06
Hong Kong,Asia,High,Low,2025-10-06,6.071,6.08545193898908,117.4
Hong Kong,Asia,High,Low,2025-10-13,6.015,6.041021978316489,116.46
Hong Kong,Asia,High,Low,2025-10-20,6.136,6.08653233589221,118.8
Hong Kong,Asia,High,Low,2025-10-27,6.213,6.154895630712345,119.42
Hong Kong,Asia,High,Low,2025-11-03,6.205,6.208623134083372,119.31
Hong Kong,Asia,High,Low,2025-11-10,6.221,6.212108557851054,119.63
Hong Kong,Asia,High,Low,2025-11-17,6.181,6.2091593391635245,119.3
Hong Kong,Asia,High,Low,2025-11-24,6.131,6.1560029848883016,118.52
Hong Kong,Asia,High,Low,2025-12-01,6.185,6.131549938547313,118.57
Hong Kong,Asia,High,Low,2025-12-08,6.197,6.2084126344527615,119.43
Hong Kong,Asia,High,Low,2025-12-15,6.189,6.178338736208641,118.67
Hong Kong,Asia,High,Low,2025-12-22,6.12,6.159168840613832,117.73
Hong Kong,Asia,High,Low,2025-12-29,6.067,6.102354177700583,117.1
Hong Kong,Asia,High,Low,2026-01-05,6.163,6.094079850076075,118.04
Hong Kong,Asia,High,Low,2026-01-12,6.245,6.217501823298667,119.58
Hong Kong,Asia,High,Low,2026-01-19,6.222,6.251738483546661,119.82
Hong Kong,Asia,High,Low,2026-01-26,6.246,6.237002588911071,120.32
Hong Kong,Asia,High,Low,2026-02-02,6.192,6.215945628606782,119.36
Hong Kong,Asia,High,Low,2026-02-09,6.272,6.215559496750105,120.21
Hong Kong,Asia,High,Low,2026-02-16,6.248,6.286855726613728,120.67
Hong Kong,Asia,High,Low,2026-02-23,6.198,6.213865030704924,119.62
Hong Kong,Asia,High,Low,2026-03-02,6.494,6.33116763406318,124.85
Hong Kong,Asia,High,Low,2026-03-09,6.718,6.626516215694289,130.0
Hong Kong,Asia,High,Low,2026-03-16,6.779,6.71757672356399,130.0
Hong Kong,Asia,High,Low,2026-03-23,6.746,6.778266781100075,130.0
Hong Kong,Asia,High,Low,2026-03-30,6.727,6.745266781100075,130.0
Hong Kong,Asia,High,Low,2026-04-06,6.723,6.726266781100075,130.0
Hungary,Europe,Middle,Medium,2025-01-20,2.427,2.4299900084465564,122.38
Hungary,Europe,Middle,Medium,2025-01-27,2.375,2.3871722235975352,120.18
Hungary,Europe,Middle,Medium,2025-02-03,2.386,2.355390613914229,119.05
Hungary,Europe,Middle,Medium,2025-02-10,2.421,2.4182692702160673,120.85
Hungary,Europe,Middle,Medium,2025-02-17,2.398,2.406789180256686,120.24
Hungary,Europe,Middle,Medium,2025-02-24,2.407,2.385460353863012,119.66
Hungary,Europe,Middle,Medium,2025-03-03,2.407,2.4093044367679397,119.84
Hungary,Europe,Middle,Medium,2025-03-10,2.358,2.3688533262293507,117.71
Hungary,Europe,Middle,Medium,2025-03-17,2.4,2.375496769318337,118.64
Hungary,Europe,Middle,Medium,2025-03-24,2.391,2.423786135708804,119.96
Hungary,Europe,Middle,Medium,2025-03-31,2.422,2.39550319180699,120.22
Hungary,Europe,Middle,Medium,2025-04-07,2.451,2.4534874731219722,122.0
Hungary,Europe,Middle,Medium,2025-04-14,2.414,2.420654496098268,120.21
Hungary,Europe,Middle,Medium,2025-04-21,2.445,2.4529334013437984,122.22
Hungary,Europe,Middle,Medium,2025-04-28,2.374,2.427158848338106,121.14
Hungary,Europe,Middle,Medium,2025-05-05,2.401,2.340215088068066,119.41
Hungary,Europe,Middle,Medium,2025-05-12,2.345,2.3938140434069117,118.92
Hungary,Europe,Middle,Medium,2025-05-19,2.421,2.3841566133508487,120.97
Hungary,Europe,Middle,Medium,2025-05-26,2.432,2.4158697039484736,120.74
Hungary,Europe,Middle,Medium,2025-06-02,2.391,2.4067179551887747,119.42
Hungary,Europe,Middle,Medium,2025-06-09,2.384,2.3591094736814413,117.67
Hungary,Europe,Middle,Medium,2025-06-16,2.331,2.378210925810102,117.34
Hungary,Europe,Middle,Medium,2025-06-23,2.331,2.2804528538047095,114.75
Hungary,Europe,Middle,Medium,2025-06-30,2.249,2.298962611384099,112.99
Hungary,Europe,Middle,Medium,2025-07-07,2.276,2.2802675806478243,114.64
Hungary,Europe,Middle,Medium,2025-07-14,2.318,2.299747101994057,116.03
Hungary,Europe,Middle,Medium,2025-07-21,2.317,2.311931983422526,115.68
Hungary,Europe,Middle,Medium,2025-07-28,2.298,2.3033479823635434,114.92
Hungary,Europe,Middle,Medium,2025-08-04,2.307,2.296463861584543,114.79
Hungary,Europe,Middle,Medium,2025-08-11,2.336,2.355353115717949,117.41
Hungary,Europe,Middle,Medium,2025-08-18,2.335,2.3406873700992934,117.69
Hungary,Europe,Middle,Medium,2025-08-25,2.376,2.352658555798054,118.58
Hungary,Europe,Middle,Medium,2025-09-01,2.373,2.368667181109569,118.14
Hungary,Europe,Middle,Medium,2025-09-08,2.393,2.371700159719942,118.01
Hungary,Europe,Middle,Medium,2025-09-15,2.327,2.4054903806706673,118.59
Hungary,Europe,Middle,Medium,2025-09-22,2.389,2.3278318984767146,118.54
Hungary,Europe,Middle,Medium,2025-09-29,2.338,2.3481256429365964,116.06
Hungary,Europe,Middle,Medium,2025-10-06,2.331,2.361786135708804,117.4
Hungary,Europe,Middle,Medium,2025-10-13,2.364,2.311709133245814,116.46
Hungary,Europe,Middle,Medium,2025-10-20,2.376,2.4072496958293303,118.8
Hungary,Europe,Middle,Medium,2025-10-27,2.399,2.3884903806706674,119.42
Hungary,Europe,Middle,Medium,2025-11-03,2.375,2.3977001597199417,119.31
Hungary,Europe,Middle,Medium,2025-11-10,2.398,2.379873266111383,119.63
Hungary,Europe,Middle,Medium,2025-11-17,2.381,2.3918408515057097,119.3
Hungary,Europe,Middle,Medium,2025-11-24,2.382,2.3631269704743856,118.52
Hungary,Europe,Middle,Medium,2025-12-01,2.386,2.3840662991625328,118.57
Hungary,Europe,Middle,Medium,2025-12-08,2.377,2.4018520087168165,119.43
Hungary,Europe,Middle,Medium,2025-12-15,2.356,2.362846850093233,118.67
Hungary,Europe,Middle,Medium,2025-12-22,2.37,2.3368559955431567,117.73
Hungary,Europe,Middle,Medium,2025-12-29,2.349,2.3575367035727193,117.1
Hungary,Europe,Middle,Medium,2026-01-05,2.352,2.3663499070209943,118.04
Hungary,Europe,Middle,Medium,2026-01-12,2.392,2.37971821787275,119.58
Hungary,Europe,Middle,Medium,2026-01-19,2.402,2.39650319180699,119.82
Hungary,Europe,Middle,Medium,2026-01-26,2.402,2.4122151982832096,120.32
Hungary,Europe,Middle,Medium,2026-02-02,2.332,2.3826327835361067,119.36
Hungary,Europe,Middle,Medium,2026-02-09,2.371,2.347998871014159,120.21
Hungary,Europe,Middle,Medium,2026-02-16,2.404,2.3810683359858666,120.67
Hungary,Europe,Middle,Medium,2026-02-23,2.377,2.3834418475420636,119.62
Hungary,Europe,Middle,Medium,2026-03-02,2.501,2.4634104818094316,124.85
Hungary,Europe,Middle,Medium,2026-03-09,2.607,2.5865647209994695,130.0
Hungary,Europe,Middle,Medium,2026-03-16,2.603,2.607588957111973,130.0
Hungary,Europe,Middle,Medium,2026-03-23,2.63,2.603729442276517,130.0
Hungary,Europe,Middle,Medium,2026-03-30,2.622,2.630729442276517,130.0
Hungary,Europe,Middle,Medium,2026-04-06,2.62,2.622729442276517,130.0
India,Asia,Middle,Medium,2025-01-20,1.806,1.8550374923776507,122.38
India,Asia,Middle,Medium,2025-01-27,1.848,1.7759602285031577,120.18
India,Asia,Middle,Medium,2025-02-03,1.832,1.8304380978453232,119.05
India,Asia,Middle,Medium,2025-02-10,1.85,1.8590826007267325,120.85
India,Asia,Middle,Medium,2025-02-17,1.827,1.838092618260253,120.24
India,Asia,Middle,Medium,2025-02-24,1.799,1.8158334258065623,119.66
India,Asia,Middle,Medium,2025-03-03,1.839,1.8007818669483084,119.84
India,Asia,Middle,Medium,2025-03-10,1.794,1.8106413311349734,117.71
India,Asia,Middle,Medium,2025-03-17,1.781,1.809028498559844,118.64
India,Asia,Middle,Medium,2025-03-24,1.825,1.8012120389149309,119.96
India,Asia,Middle,Medium,2025-03-31,1.827,1.8288215718764587,120.22
India,Asia,Middle,Medium,2025-04-07,1.854,1.853300803632637,122.0
India,Asia,Middle,Medium,2025-04-14,1.819,1.8315780659076397,120.21
India,Asia,Middle,Medium,2025-04-21,1.862,1.8490465616187288,122.22
India,Asia,Middle,Medium,2025-04-28,1.865,1.8462063322692002,121.14
India,Asia,Middle,Medium,2025-05-05,1.819,1.8400690239374535,119.41
India,Asia,Middle,Medium,2025-05-12,1.806,1.8131871153504624,118.92
India,Asia,Middle,Medium,2025-05-19,1.855,1.8362697736257791,120.97
India,Asia,Middle,Medium,2025-05-26,1.817,1.8513442923936534,120.74
India,Asia,Middle,Medium,2025-06-02,1.832,1.7959543405835445,119.42
India,Asia,Middle,Medium,2025-06-09,1.781,1.808033043490813,117.67
India,Asia,Middle,Medium,2025-06-16,1.793,1.7757551481952654,117.34
India,Asia,Middle,Medium,2025-06-23,1.71,1.752143363343156,114.75
India,Asia,Middle,Medium,2025-06-30,1.733,1.6858861811934702,112.99
India,Asia,Middle,Medium,2025-07-07,1.74,1.7590809111584895,114.64
India,Asia,Middle,Medium,2025-07-14,1.77,1.7601730052001843,116.03
India,Asia,Middle,Medium,2025-07-21,1.742,1.7644762058076895,115.68
India,Asia,Middle,Medium,2025-07-28,1.729,1.730395466294637,114.92
India,Asia,Middle,Medium,2025-08-04,1.741,1.7280080839697065,114.79
India,Asia,Middle,Medium,2025-08-11,1.822,1.776291258362917,117.41
India,Asia,Middle,Medium,2025-08-18,1.762,1.8260057501687623,117.69
India,Asia,Middle,Medium,2025-08-25,1.828,1.7771902850395613,118.58
India,Asia,Middle,Medium,2025-09-01,1.781,1.82204025305312,118.14
India,Asia,Middle,Medium,2025-09-08,1.786,1.7802443821051048,118.01
India,Asia,Middle,Medium,2025-09-15,1.778,1.7973093181540782,118.59
India,Asia,Middle,Medium,2025-09-22,1.806,1.7787348913372067,118.54
India,Asia,Middle,Medium,2025-09-29,1.774,1.7748957227672655,116.06
India,Asia,Middle,Medium,2025-10-06,1.758,1.794212038914931,117.4
India,Asia,Middle,Medium,2025-10-13,1.779,1.740756617176908,116.46
India,Asia,Middle,Medium,2025-10-20,1.849,1.8114641823957285,118.8
India,Asia,Middle,Medium,2025-10-27,1.824,1.8603093181540782,119.42
India,Asia,Middle,Medium,2025-11-03,1.824,1.823244382105105,119.31
India,Asia,Middle,Medium,2025-11-10,1.788,1.8281916461808514,119.63
India,Asia,Middle,Medium,2025-11-17,1.826,1.7823850738908729,119.3
India,Asia,Middle,Medium,2025-11-24,1.776,1.81017445440548,118.52
India,Asia,Middle,Medium,2025-12-01,1.796,1.7774964123566956,118.57
India,Asia,Middle,Medium,2025-12-08,1.782,1.8097748253339532,119.43
India,Asia,Middle,Medium,2025-12-15,1.819,1.7698943340243274,118.67
India,Asia,Middle,Medium,2025-12-22,1.803,1.8019034794742506,117.73
India,Asia,Middle,Medium,2025-12-29,1.786,1.7919097755162696,117.1
India,Asia,Middle,Medium,2026-01-05,1.797,1.8008816362625013,118.04
India,Asia,Middle,Medium,2026-01-12,1.83,1.8207868982302018,119.58
India,Asia,Middle,Medium,2026-01-19,1.842,1.8338215718764588,119.82
India,Asia,Middle,Medium,2026-01-26,1.818,1.851272399847195,120.32
India,Asia,Middle,Medium,2026-02-02,1.799,1.8006802674672007,119.36
India,Asia,Middle,Medium,2026-02-09,1.824,1.8129216876312957,120.21
India,Asia,Middle,Medium,2026-02-16,1.813,1.8331255375498523,120.67
India,Asia,Middle,Medium,2026-02-23,1.799,1.7948513282346967,119.62
India,Asia,Middle,Medium,2026-03-02,1.874,1.8605387142511636,124.85
India,Asia,Middle,Medium,2026-03-09,1.965,1.9346929534412016,130.0
India,Asia,Middle,Medium,2026-03-16,2.004,1.9654919499724648,130.0
India,Asia,Middle,Medium,2026-03-23,1.974,2.0046675817762636,130.0
India,Asia,Middle,Medium,2026-03-30,2.001,1.9746675817762633,130.0
India,Asia,Middle,Medium,2026-04-06,1.967,2.0016675817762635,130.0
Indonesia,Asia,Middle,High,2025-01-20,1.0,0.9999017151058341,122.38
Indonesia,Asia,Middle,High,2025-01-27,1.009,0.9842557034510847,120.18
Indonesia,Asia,Middle,High,2025-02-03,0.985,0.9977427323785841,119.05
Indonesia,Asia,Middle,High,2025-02-10,1.025,0.9990551049584608,120.85
Indonesia,Asia,Middle,High,2025-02-17,0.987,1.0188973845352185,120.24
Indonesia,Asia,Middle,High,2025-02-24,0.974,0.9816381920815277,119.66
Indonesia,Asia,Middle,High,2025-03-03,0.979,0.9748947059736359,119.84
Indonesia,Asia,Middle,High,2025-03-10,0.984,0.9619500270199663,117.71
Indonesia,Asia,Middle,High,2025-03-17,0.996,0.9896785279280839,118.64
Indonesia,Asia,Middle,High,2025-03-24,0.965,1.0059224386583316,119.96
Indonesia,Asia,Middle,High,2025-03-31,1.005,0.9668622256977443,120.22
Indonesia,Asia,Middle,High,2025-04-07,1.03,1.0182733078643653,122.0
Indonesia,Asia,Middle,High,2025-04-14,0.979,1.0176696808230021,120.21
Indonesia,Asia,Middle,High,2025-04-21,1.005,0.995717526215195,122.22
Indonesia,Asia,Middle,High,2025-04-28,1.017,0.995510966802461,121.14
Indonesia,Asia,Middle,High,2025-05-05,0.975,1.002160638852816,119.41
Indonesia,Asia,Middle,High,2025-05-12,0.976,0.9749918816254279,118.92
Indonesia,Asia,Middle,High,2025-05-19,0.994,0.9929407382222453,120.97
Indonesia,Asia,Middle,High,2025-05-26,1.033,0.9910935667673786,120.74
Indonesia,Asia,Middle,High,2025-06-02,1.008,1.0187363020633031,119.42
Indonesia,Asia,Middle,High,2025-06-09,0.944,0.9941246584061754,117.67
Indonesia,Asia,Middle,High,2025-06-16,0.979,0.9439918816254279,117.34
Indonesia,Asia,Middle,High,2025-06-23,0.98,0.9549684740726772,114.75
Indonesia,Asia,Middle,High,2025-06-30,0.921,0.9659777961088327,112.99
Indonesia,Asia,Middle,High,2025-07-07,0.949,0.9340534153902178,114.64
Indonesia,Asia,Middle,High,2025-07-14,0.93,0.9588834049435849,116.03
Indonesia,Asia,Middle,High,2025-07-21,0.997,0.9297129392378518,115.68
Indonesia,Asia,Middle,High,2025-07-28,0.952,0.9918540896081961,114.92
Indonesia,Asia,Middle,High,2025-08-04,0.948,0.9510152080714422,114.79
Indonesia,Asia,Middle,High,2025-08-11,0.959,0.9654267041223871,117.41
Indonesia,Asia,Middle,High,2025-08-18,0.989,0.9610464039900478,117.69
Indonesia,Asia,Middle,High,2025-08-25,0.971,0.9954347149931766,118.58
Indonesia,Asia,Middle,High,2025-09-01,0.942,0.9708450193280853,118.14
Indonesia,Asia,Middle,High,2025-09-08,0.97,0.9416247955237996,118.01
Indonesia,Asia,Middle,High,2025-09-15,0.976,0.9746657955665214,118.59
Indonesia,Asia,Middle,High,2025-09-22,0.966,0.9763455159207669,118.54
Indonesia,Asia,Middle,High,2025-09-29,0.944,0.9491911977151926,116.06
Indonesia,Asia,Middle,High,2025-10-06,0.994,0.9539224386583315,117.4
Indonesia,Asia,Middle,High,2025-10-13,0.949,0.9830612517101691,116.46
Indonesia,Asia,Middle,High,2025-10-20,1.032,0.9675463344363809,118.8
Indonesia,Asia,Middle,High,2025-10-27,0.977,1.0366657955665215,119.42
Indonesia,Asia,Middle,High,2025-11-03,0.988,0.9766247955237997,119.31
Indonesia,Asia,Middle,High,2025-11-10,0.989,0.990232300002137,119.63
Indonesia,Asia,Middle,High,2025-11-17,0.987,0.9886218073210351,119.3
Indonesia,Asia,Middle,High,2025-11-24,0.971,0.9770386771336637,118.52
Indonesia,Asia,Middle,High,2025-12-01,0.964,0.9721070369402558,118.57
Indonesia,Asia,Middle,High,2025-12-08,0.994,0.9690101720537646,119.43
Indonesia,Asia,Middle,High,2025-12-15,0.976,0.987758556752511,118.67
Indonesia,Asia,Middle,High,2025-12-22,0.967,0.9652081140075117,117.73
Indonesia,Asia,Middle,High,2025-12-29,0.962,0.9617145417912353,117.1
Indonesia,Asia,Middle,High,2026-01-05,1.004,0.9675316656307412,118.04
Indonesia,Asia,Middle,High,2026-01-12,0.999,1.0151911043161417,119.58
Indonesia,Asia,Middle,High,2026-01-19,1.001,1.0008622256977444,119.82
Indonesia,Asia,Middle,High,2026-01-26,0.995,1.0048192345817872,120.32
Indonesia,Asia,Middle,High,2026-02-02,0.988,0.9839849020004616,119.36
Indonesia,Asia,Middle,High,2026-02-09,1.018,0.9931570343511072,120.21
Indonesia,Asia,Middle,High,2026-02-16,1.024,1.0216723722844447,120.67
Indonesia,Asia,Middle,High,2026-02-23,0.954,1.0121559627679577,119.62
Indonesia,Asia,Middle,High,2026-03-02,1.024,0.9925642784187235,124.85
Indonesia,Asia,Middle,High,2026-03-09,1.07,1.0622534680572313,130.0
Indonesia,Asia,Middle,High,2026-03-16,1.053,1.0706375250044948,130.0
Indonesia,Asia,Middle,High,2026-03-23,1.091,1.0534003140619186,130.0
Indonesia,Asia,Middle,High,2026-03-30,1.055,1.0914003140619186,130.0
Indonesia,Asia,Middle,High,2026-04-06,1.105,1.0554003140619186,130.0
Iran,Middle East,Middle,Very High,2025-01-20,0.078,0.03693376452761056,122.38
Iran,Middle East,Middle,Very High,2025-01-27,0.032,0.07722139286833928,120.18
Iran,Middle East,Middle,Very High,2025-02-03,0.057,0.01977478180036049,119.05
Iran,Middle East,Middle,Very High,2025-02-10,0.055,0.06495556485302836,120.85
Iran,Middle East,Middle,Very High,2025-02-17,0.035,0.04705852435019672,120.24
Iran,Middle East,Middle,Very High,2025-02-24,0.041,0.028729697956522166,119.66
Iran,Middle East,Middle,Very High,2025-03-03,0.043,0.04294642411138068,119.84
Iran,Middle East,Middle,Very High,2025-03-10,0.032,0.03909188138019095,117.71
Iran,Middle East,Middle,Very High,2025-03-17,0.066,0.03717233373887145,118.64
Iran,Middle East,Middle,Very High,2025-03-24,0.054,0.070818010336497,119.96
Iran,Middle East,Middle,Very High,2025-03-31,0.031,0.0564549812139501,120.22
Iran,Middle East,Middle,Very High,2025-04-07,0.059,0.03817376775893291,122.0
Iran,Middle East,Middle,Very High,2025-04-14,0.051,0.05229903811630583,120.21
Iran,Middle East,Middle,Very High,2025-04-21,0.034,0.06016050185515634,122.22
Iran,Middle East,Middle,Very High,2025-04-28,0.047,0.023543016224237413,121.14
Iran,Middle East,Middle,Very High,2025-05-05,0.034,0.0365452669510492,119.41
Iran,Middle East,Middle,Very High,2025-05-12,0.058,0.03308338750042234,118.92
Iran,Middle East,Middle,Very High,2025-05-19,0.01,0.0673837138622065,120.97
Iran,Middle East,Middle,Very High,2025-05-26,0.042,0.00996826583900919,120.74
Iran,Middle East,Middle,Very High,2025-06-02,0.018,0.026050254142103654,119.42
Iran,Middle East,Middle,Very High,2025-06-09,0.017,0.009754015699479071,117.67
Iran,Middle East,Middle,Very High,2025-06-16,0.01,0.01665142034522549,117.34
Iran,Middle East,Middle,Very High,2025-06-23,0.061,0.005761093134154742,114.75
Iran,Middle East,Middle,Very High,2025-06-30,0.031,0.05260715340213645,112.99
Iran,Middle East,Middle,Very High,2025-07-07,0.036,0.03795387528478525,114.64
Iran,Middle East,Middle,Very High,2025-07-14,0.074,0.04070555066997747,116.03
Iran,Middle East,Middle,Very High,2025-07-21,0.051,0.0732990520058764,115.68
Iran,Middle East,Middle,Very High,2025-07-28,0.014,0.04421831249282413,114.92
Iran,Middle East,Middle,Very High,2025-08-04,0.012,0.016026778611295457,114.79
Iran,Middle East,Middle,Very High,2025-08-11,0.063,0.017239975383195386,117.41
Iran,Middle East,Middle,Very High,2025-08-18,0.032,0.06556573355448073,117.69
Iran,Middle East,Middle,Very High,2025-08-25,0.042,0.037260694266815955,118.58
Iran,Middle East,Middle,Very High,2025-09-01,0.01,0.04093652520307972,118.14
Iran,Middle East,Middle,Very High,2025-09-08,0.077,0.012336502698466825,118.01
Iran,Middle East,Middle,Very High,2025-09-15,0.04,0.08115949347189295,118.59
Iran,Middle East,Middle,Very High,2025-09-22,0.062,0.042486994630035996,118.54
Iran,Middle East,Middle,Very High,2025-09-29,0.056,0.060857005824542995,116.06
Iran,Middle East,Middle,Very High,2025-10-06,0.032,0.060818010336497,117.4
Iran,Middle East,Middle,Very High,2025-10-13,0.04,0.020093301131945435,116.46
Iran,Middle East,Middle,Very High,2025-10-20,0.019,0.04553252055008087,118.8
Iran,Middle East,Middle,Very High,2025-10-27,0.035,0.02315949347189296,119.42
Iran,Middle East,Middle,Very High,2025-11-03,0.047,0.03733650269846683,119.31
Iran,Middle East,Middle,Very High,2025-11-10,0.033,0.049825055518342876,119.63
Iran,Middle East,Middle,Very High,2025-11-17,0.074,0.032281346040832715,119.3
Iran,Middle East,Middle,Very High,2025-11-24,0.033,0.06307072655543995,118.52
Iran,Middle East,Middle,Very High,2025-12-01,0.049,0.03570282036752691,118.57
Iran,Middle East,Middle,Very High,2025-12-08,0.041,0.05401524801966398,119.43
Iran,Middle East,Middle,Very High,2025-12-15,0.01,0.03379060617428728,118.67
Iran,Middle East,Middle,Very High,2025-12-22,0.06,-0.0017598365707119437,117.73
Iran,Middle East,Middle,Very High,2025-12-29,0.042,0.0538060476662297,117.1
Iran,Middle East,Middle,Very High,2026-01-05,0.078,0.04702547144152884,118.04
Iran,Middle East,Middle,Very High,2026-01-12,0.039,0.08297806880129863,119.58
Iran,Middle East,Middle,Very High,2026-01-19,0.052,0.0414549812139501,119.82
Iran,Middle East,Middle,Very High,2026-01-26,0.04,0.05597910522695331,120.32
Iran,Middle East,Middle,Very High,2026-02-02,0.038,0.028016951422237903,119.36
Iran,Middle East,Middle,Very High,2026-02-09,0.049,0.04316211031700659,120.21
Iran,Middle East,Middle,Very High,2026-02-16,0.033,0.052832242929610695,120.67
Iran,Middle East,Middle,Very High,2026-02-23,0.065,0.019826015428195252,119.62
Iran,Middle East,Middle,Very High,2026-03-02,0.05,0.05103792707471615,124.85
Iran,Middle East,Middle,Very High,2026-03-09,0.068,0.03519216626475401,130.0
Iran,Middle East,Middle,Very High,2026-03-16,0.065,0.07014961008139889,130.0
Iran,Middle East,Middle,Very High,2026-03-23,0.063,0.06729253560459324,130.0
Iran,Middle East,Middle,Very High,2026-03-30,0.038,0.06529253560459324,130.0
Iran,Middle East,Middle,Very High,2026-04-06,0.046,0.04029253560459324,130.0
Iraq,Middle East,Middle,Very High,2025-01-20,0.232,0.20293376452761056,122.38
Iraq,Middle East,Middle,Very High,2025-01-27,0.152,0.2312213928683393,120.18
Iraq,Middle East,Middle,Very High,2025-02-03,0.184,0.1397747818003605,119.05
Iraq,Middle East,Middle,Very High,2025-02-10,0.213,0.19195556485302834,120.85
Iraq,Middle East,Middle,Very High,2025-02-17,0.217,0.20505852435019672,120.24
Iraq,Middle East,Middle,Very High,2025-02-24,0.193,0.21072969795652216,119.66
Iraq,Middle East,Middle,Very High,2025-03-03,0.192,0.1949464241113807,119.84
Iraq,Middle East,Middle,Very High,2025-03-10,0.165,0.18809188138019095,117.71
Iraq,Middle East,Middle,Very High,2025-03-17,0.23,0.17017233373887147,118.64
Iraq,Middle East,Middle,Very High,2025-03-24,0.179,0.23481801033649702,119.96
Iraq,Middle East,Middle,Very High,2025-03-31,0.193,0.1814549812139501,120.22
Iraq,Middle East,Middle,Very High,2025-04-07,0.178,0.20017376775893292,122.0
Iraq,Middle East,Middle,Very High,2025-04-14,0.141,0.17129903811630584,120.21
Iraq,Middle East,Middle,Very High,2025-04-21,0.208,0.15016050185515634,122.22
Iraq,Middle East,Middle,Very High,2025-04-28,0.167,0.1975430162242374,121.14
Iraq,Middle East,Middle,Very High,2025-05-05,0.203,0.1565452669510492,119.41
Iraq,Middle East,Middle,Very High,2025-05-12,0.185,0.20208338750042235,118.92
Iraq,Middle East,Middle,Very High,2025-05-19,0.184,0.1943837138622065,120.97
Iraq,Middle East,Middle,Very High,2025-05-26,0.207,0.1839682658390092,120.74
Iraq,Middle East,Middle,Very High,2025-06-02,0.213,0.19105025414210364,119.42
Iraq,Middle East,Middle,Very High,2025-06-09,0.186,0.20475401569947907,117.67
Iraq,Middle East,Middle,Very High,2025-06-16,0.217,0.1856514203452255,117.34
Iraq,Middle East,Middle,Very High,2025-06-23,0.153,0.21276109313415473,114.75
Iraq,Middle East,Middle,Very High,2025-06-30,0.2,0.14460715340213645,112.99
Iraq,Middle East,Middle,Very High,2025-07-07,0.183,0.20695387528478526,114.64
Iraq,Middle East,Middle,Very High,2025-07-14,0.18,0.18770555066997746,116.03
Iraq,Middle East,Middle,Very High,2025-07-21,0.164,0.1792990520058764,115.68
Iraq,Middle East,Middle,Very High,2025-07-28,0.213,0.15721831249282414,114.92
Iraq,Middle East,Middle,Very High,2025-08-04,0.205,0.21502677861129546,114.79
Iraq,Middle East,Middle,Very High,2025-08-11,0.193,0.21023997538319536,117.41
Iraq,Middle East,Middle,Very High,2025-08-18,0.207,0.19556573355448073,117.69
Iraq,Middle East,Middle,Very High,2025-08-25,0.179,0.21226069426681596,118.58
Iraq,Middle East,Middle,Very High,2025-09-01,0.195,0.1779365252030797,118.14
Iraq,Middle East,Middle,Very High,2025-09-08,0.193,0.19733650269846684,118.01
Iraq,Middle East,Middle,Very High,2025-09-15,0.23,0.19715949347189296,118.59
Iraq,Middle East,Middle,Very High,2025-09-22,0.237,0.232486994630036,118.54
Iraq,Middle East,Middle,Very High,2025-09-29,0.181,0.23585700582454297,116.06
Iraq,Middle East,Middle,Very High,2025-10-06,0.204,0.185818010336497,117.4
Iraq,Middle East,Middle,Very High,2025-10-13,0.185,0.19209330113194542,116.46
Iraq,Middle East,Middle,Very High,2025-10-20,0.185,0.19053252055008088,118.8
Iraq,Middle East,Middle,Very High,2025-10-27,0.186,0.18915949347189295,119.42
Iraq,Middle East,Middle,Very High,2025-11-03,0.194,0.18833650269846683,119.31
Iraq,Middle East,Middle,Very High,2025-11-10,0.156,0.1968250555183429,119.63
Iraq,Middle East,Middle,Very High,2025-11-17,0.173,0.1552813460408327,119.3
Iraq,Middle East,Middle,Very High,2025-11-24,0.165,0.16207072655543994,118.52
Iraq,Middle East,Middle,Very High,2025-12-01,0.21,0.1677028203675269,118.57
Iraq,Middle East,Middle,Very High,2025-12-08,0.176,0.21501524801966396,119.43
Iraq,Middle East,Middle,Very High,2025-12-15,0.149,0.16879060617428726,118.67
Iraq,Middle East,Middle,Very High,2025-12-22,0.179,0.13724016342928805,117.73
Iraq,Middle East,Middle,Very High,2025-12-29,0.164,0.1728060476662297,117.1
Iraq,Middle East,Middle,Very High,2026-01-05,0.183,0.16902547144152885,118.04
Iraq,Middle East,Middle,Very High,2026-01-12,0.185,0.1879780688012986,119.58
Iraq,Middle East,Middle,Very High,2026-01-19,0.198,0.1874549812139501,119.82
Iraq,Middle East,Middle,Very High,2026-01-26,0.182,0.20197910522695334,120.32
Iraq,Middle East,Middle,Very High,2026-02-02,0.2,0.17001695142223788,119.36
Iraq,Middle East,Middle,Very High,2026-02-09,0.164,0.2051621103170066,120.21
Iraq,Middle East,Middle,Very High,2026-02-16,0.142,0.16783224292961071,120.67
Iraq,Middle East,Middle,Very High,2026-02-23,0.183,0.12882601542819525,119.62
Iraq,Middle East,Middle,Very High,2026-03-02,0.196,0.16903792707471615,124.85
Iraq,Middle East,Middle,Very High,2026-03-09,0.206,0.181192166264754,130.0
Iraq,Middle East,Middle,Very High,2026-03-16,0.23,0.20814961008139887,130.0
Iraq,Middle East,Middle,Very High,2026-03-23,0.187,0.23229253560459326,130.0
Iraq,Middle East,Middle,Very High,2026-03-30,0.19,0.18929253560459325,130.0
Iraq,Middle East,Middle,Very High,2026-04-06,0.168,0.19229253560459325,130.0
Ireland,Europe,High,Low,2025-01-20,5.354,5.3549481877271585,122.38
Ireland,Europe,High,Low,2025-01-27,5.216,5.271953921335731,120.18
Ireland,Europe,High,Low,2025-02-03,5.19,5.180404316384457,119.05
Ireland,Europe,High,Low,2025-02-10,5.274,5.251942688671605,120.85
Ireland,Europe,High,Low,2025-02-17,5.278,5.253233582440999,120.24
Ireland,Europe,High,Low,2025-02-24,5.211,5.2589047560473245,119.66
Ireland,Europe,High,Low,2025-03-03,5.22,5.215508317651164,119.84
Ireland,Europe,High,Low,2025-03-10,5.126,5.14057501193194,117.71
Ireland,Europe,High,Low,2025-03-17,5.2,5.1557912843312135,118.64
Ireland,Europe,High,Low,2025-03-24,5.206,5.249122336982257,119.96
Ireland,Europe,High,Low,2025-03-31,5.236,5.214003675180784,120.22
Ireland,Europe,High,Low,2025-04-07,5.306,5.297719476664555,122.0
Ireland,Europe,High,Low,2025-04-14,5.229,5.239818968671803,120.21
Ireland,Europe,High,Low,2025-04-21,5.318,5.3044392729324095,122.22
Ireland,Europe,High,Low,2025-04-28,5.268,5.2830597333718305,121.14
Ireland,Europe,High,Low,2025-05-05,5.228,5.1994923780781015,119.41
Ireland,Europe,High,Low,2025-05-12,5.164,5.214258445591224,118.92
Ireland,Europe,High,Low,2025-05-19,5.273,5.239662484939459,120.97
Ireland,Europe,High,Low,2025-05-26,5.285,5.263183363694212,120.74
Ireland,Europe,High,Low,2025-06-02,5.206,5.2358875321287295,119.42
Ireland,Europe,High,Low,2025-06-09,5.127,5.139386763691478,117.67
Ireland,Europe,High,Low,2025-06-16,5.144,5.114985191082754,117.34
Ireland,Europe,High,Low,2025-06-23,4.987,5.038033264378748,114.75
Ireland,Europe,High,Low,2025-06-30,4.925,4.920239901394135,112.99
Ireland,Europe,High,Low,2025-07-07,5.01,4.9856424906267085,114.64
Ireland,Europe,High,Low,2025-07-14,5.034,5.059242094746246,116.03
Ireland,Europe,High,Low,2025-07-21,5.042,5.021865040173914,115.68
Ireland,Europe,High,Low,2025-07-28,5.033,5.021951176026592,114.92
Ireland,Europe,High,Low,2025-08-04,4.963,5.0274192446401855,114.79
Ireland,Europe,High,Low,2025-08-11,5.08,5.063027083347279,117.41
Ireland,Europe,High,Low,2025-08-18,5.162,5.088346644951824,117.69
Ireland,Europe,High,Low,2025-08-25,5.182,5.192111862289667,118.58
Ireland,Europe,High,Low,2025-09-01,5.182,5.168111583293883,118.14
Ireland,Europe,High,Low,2025-09-08,5.145,5.177078911698209,118.01
Ireland,Europe,High,Low,2025-09-15,5.173,5.165660264932526,118.59
Ireland,Europe,High,Low,2025-09-22,5.212,5.172308990098431,118.54
Ireland,Europe,High,Low,2025-09-29,5.063,5.128252296047288,116.06
Ireland,Europe,High,Low,2025-10-06,5.152,5.112122336982257,117.4
Ireland,Europe,High,Low,2025-10-13,5.076,5.119974494385396,116.46
Ireland,Europe,High,Low,2025-10-20,5.198,5.1584141505251155,118.8
Ireland,Europe,High,Low,2025-10-27,5.192,5.218660264932526,119.42
Ireland,Europe,High,Low,2025-11-03,5.24,5.187078911698209,119.31
Ireland,Europe,High,Low,2025-11-10,5.204,5.248373749485177,119.63
Ireland,Europe,High,Low,2025-11-17,5.189,5.191615116778361,119.3
Ireland,Europe,High,Low,2025-11-24,5.172,5.161955500957208,118.52
Ireland,Europe,High,Low,2025-12-01,5.213,5.17341807786876,118.57
Ireland,Europe,High,Low,2025-12-08,5.196,5.238586119034928,119.43
Ireland,Europe,High,Low,2025-12-15,5.178,5.175291252277546,118.67
Ireland,Europe,High,Low,2025-12-22,5.117,5.1461213566827375,117.73
Ireland,Europe,High,Low,2025-12-29,5.135,5.097981105757032,117.1
Ireland,Europe,High,Low,2026-01-05,5.16,5.164644422033871,118.04
Ireland,Europe,High,Low,2026-01-12,5.229,5.2185294441405174,119.58
Ireland,Europe,High,Low,2026-01-19,5.222,5.237003675180784,119.82
Ireland,Europe,High,Low,2026-01-26,5.232,5.238528959050678,120.32
Ireland,Europe,High,Low,2026-02-02,5.215,5.199898144675688,119.36
Ireland,Europe,High,Low,2026-02-09,5.257,5.240732981332271,120.21
Ireland,Europe,High,Low,2026-02-16,5.263,5.273382096753334,120.67
Ireland,Europe,High,Low,2026-02-23,5.239,5.2264555500122905,119.62
Ireland,Europe,High,Low,2026-03-02,5.4,5.397135702820751,124.85
Ireland,Europe,High,Low,2026-03-09,5.644,5.557484284451861,130.0
Ireland,Europe,High,Low,2026-03-16,5.661,5.643673730703498,130.0
Ireland,Europe,High,Low,2026-03-23,5.665,5.660206533898233,130.0
Ireland,Europe,High,Low,2026-03-30,5.641,5.664206533898233,130.0
Ireland,Europe,High,Low,2026-04-06,5.703,5.640206533898233,130.0
Israel,Middle East,High,Low,2025-01-20,4.84,4.855995671658252,122.38
Israel,Middle East,High,Low,2025-01-27,4.711,4.769059989204998,120.18
Israel,Middle East,High,Low,2025-02-03,4.694,4.67745180031555,119.05
Israel,Middle East,High,Low,2025-02-10,4.77,4.750489947585569,120.85
Israel,Middle East,High,Low,2025-02-17,4.734,4.7506066543845495,120.24
Israel,Middle East,High,Low,2025-02-24,4.725,4.716277827990876,119.66
Israel,Middle East,High,Low,2025-03-03,4.704,4.728232405730543,119.84
Israel,Middle East,High,Low,2025-03-10,4.643,4.635681079801207,117.71
Israel,Middle East,High,Low,2025-03-17,4.686,4.67005694197602,118.64
Israel,Middle East,High,Low,2025-03-24,4.732,4.731282168591682,119.96
Israel,Middle East,High,Low,2025-03-31,4.755,4.738568713149263,120.22
Israel,Middle East,High,Low,2025-04-07,4.785,4.811266735578519,122.0
Israel,Middle East,High,Low,2025-04-14,4.696,4.727224173243517,120.21
Israel,Middle East,High,Low,2025-04-21,4.805,4.762286361610639,122.22
Israel,Middle East,High,Low,2025-04-28,4.782,4.772107217302925,121.14
Israel,Middle East,High,Low,2025-05-05,4.725,4.721897582649817,119.41
Israel,Middle East,High,Low,2025-05-12,4.685,4.712631517534775,118.92
Israel,Middle East,High,Low,2025-05-19,4.778,4.751509573617689,120.97
Israel,Middle East,High,Low,2025-05-26,4.79,4.768727586079375,120.74
Israel,Middle East,High,Low,2025-06-02,4.704,4.744193551463483,119.42
Israel,Middle East,High,Low,2025-06-09,4.63,4.645791968263192,117.67
Israel,Middle East,High,Low,2025-06-16,4.605,4.618529413467917,117.34
Israel,Middle East,High,Low,2025-06-23,4.552,4.51246025335108,114.75
Israel,Middle East,High,Low,2025-06-30,4.464,4.493645105965849,112.99
Israel,Middle East,High,Low,2025-07-07,4.546,4.519189749540674,114.64
Israel,Middle East,High,Low,2025-07-14,4.559,4.5914019263556725,116.03
Israel,Middle East,High,Low,2025-07-21,4.577,4.547409262559078,115.68
Israel,Middle East,High,Low,2025-07-28,4.539,4.558998659957687,114.92
Israel,Middle East,High,Low,2025-08-04,4.531,4.533963467025348,114.79
Israel,Middle East,High,Low,2025-08-11,4.65,4.617699154395546,117.41
Israel,Middle East,High,Low,2025-08-18,4.628,4.656911682920303,117.69
Israel,Middle East,High,Low,2025-08-25,4.639,4.655377519934473,118.58
Israel,Middle East,High,Low,2025-09-01,4.651,4.626484655237433,118.14
Israel,Middle East,High,Low,2025-09-08,4.645,4.646623134083372,118.01
Israel,Middle East,High,Low,2025-09-15,4.687,4.663725860314947,118.59
Israel,Middle East,High,Low,2025-09-22,4.703,4.686211982958923,118.54
Israel,Middle East,High,Low,2025-09-29,4.615,4.6311618608619565,116.06
Israel,Middle East,High,Low,2025-10-06,4.663,4.660282168591682,117.4
Israel,Middle East,High,Low,2025-10-13,4.59,4.633021978316489,116.46
Israel,Middle East,High,Low,2025-10-20,4.657,4.661362565494812,118.8
Israel,Middle East,High,Low,2025-10-27,4.718,4.675725860314947,119.42
Israel,Middle East,High,Low,2025-11-03,4.702,4.713623134083372,119.31
Israel,Middle East,High,Low,2025-11-10,4.717,4.708938787453656,119.63
Israel,Middle East,High,Low,2025-11-17,4.691,4.705159339163524,119.3
Israel,Middle East,High,Low,2025-11-24,4.718,4.666002984888301,118.52
Israel,Middle East,High,Low,2025-12-01,4.657,4.718549938547313,118.57
Israel,Middle East,High,Low,2025-12-08,4.692,4.680242864055364,119.43
Israel,Middle East,High,Low,2025-12-15,4.671,4.673338736208641,118.67
Israel,Middle East,High,Low,2025-12-22,4.641,4.641168840613832,117.73
Israel,Middle East,High,Low,2025-12-29,4.58,4.623354177700583,117.1
Israel,Middle East,High,Low,2026-01-05,4.654,4.606910079678677,118.04
Israel,Middle East,High,Low,2026-01-12,4.732,4.708332052901269,119.58
Israel,Middle East,High,Low,2026-01-19,4.762,4.738568713149263,119.82
Israel,Middle East,High,Low,2026-01-26,4.758,4.776832818513673,120.32
Israel,Middle East,High,Low,2026-02-02,4.694,4.727945628606782,119.36
Israel,Middle East,High,Low,2026-02-09,4.785,4.717389726352707,120.21
Israel,Middle East,High,Low,2026-02-16,4.749,4.79968595621633,120.67
Israel,Middle East,High,Low,2026-02-23,4.697,4.714503033943385,119.62
Israel,Middle East,High,Low,2026-03-02,4.925,4.826972227299068,124.85
Israel,Middle East,High,Low,2026-03-09,5.167,5.054320808930178,130.0
Israel,Middle East,High,Low,2026-03-16,5.164,5.16657672356399,130.0
Israel,Middle East,High,Low,2026-03-23,5.151,5.1632667811000745,130.0
Israel,Middle East,High,Low,2026-03-30,5.11,5.150266781100075,130.0
Israel,Middle East,High,Low,2026-04-06,5.15,5.109266781100075,130.0
Italy,Europe,High,Low,2025-01-20,4.711,4.724948187727159,122.38
Italy,Europe,High,Low,2025-01-27,4.632,4.628953921335731,120.18
Italy,Europe,High,Low,2025-02-03,4.571,4.596404316384456,119.05
Italy,Europe,High,Low,2025-02-10,4.619,4.632942688671604,120.85
Italy,Europe,High,Low,2025-02-17,4.62,4.598233582440999,120.24
Italy,Europe,High,Low,2025-02-24,4.588,4.600904756047325,119.66
Italy,Europe,High,Low,2025-03-03,4.632,4.592508317651164,119.84
Italy,Europe,High,Low,2025-03-10,4.508,4.55257501193194,117.71
Italy,Europe,High,Low,2025-03-17,4.542,4.537791284331213,118.64
Italy,Europe,High,Low,2025-03-24,4.588,4.591122336982257,119.96
Italy,Europe,High,Low,2025-03-31,4.581,4.596003675180784,120.22
Italy,Europe,High,Low,2025-04-07,4.686,4.642719476664555,122.0
Italy,Europe,High,Low,2025-04-14,4.577,4.619818968671803,120.21
Italy,Europe,High,Low,2025-04-21,4.703,4.652439272932409,122.22
Italy,Europe,High,Low,2025-04-28,4.633,4.668059733371831,121.14
Italy,Europe,High,Low,2025-05-05,4.575,4.564492378078102,119.41
Italy,Europe,High,Low,2025-05-12,4.6,4.561258445591225,118.92
Italy,Europe,High,Low,2025-05-19,4.645,4.675662484939459,120.97
Italy,Europe,High,Low,2025-05-26,4.651,4.635183363694212,120.74
Italy,Europe,High,Low,2025-06-02,4.64,4.601887532128729,119.42
Italy,Europe,High,Low,2025-06-09,4.539,4.573386763691477,117.67
Italy,Europe,High,Low,2025-06-16,4.534,4.526985191082754,117.34
Italy,Europe,High,Low,2025-06-23,4.405,4.4280332643787474,114.75
Italy,Europe,High,Low,2025-06-30,4.332,4.338239901394135,112.99
Italy,Europe,High,Low,2025-07-07,4.414,4.3926424906267085,114.64
Italy,Europe,High,Low,2025-07-14,4.454,4.463242094746246,116.03
Italy,Europe,High,Low,2025-07-21,4.447,4.441865040173914,115.68
Italy,Europe,High,Low,2025-07-28,4.422,4.426951176026592,114.92
Italy,Europe,High,Low,2025-08-04,4.422,4.416419244640185,114.79
Italy,Europe,High,Low,2025-08-11,4.517,4.522027083347279,117.41
Italy,Europe,High,Low,2025-08-18,4.517,4.525346644951824,117.69
Italy,Europe,High,Low,2025-08-25,4.573,4.547111862289667,118.58
Italy,Europe,High,Low,2025-09-01,4.566,4.559111583293883,118.14
Italy,Europe,High,Low,2025-09-08,4.53,4.561078911698209,118.01
Italy,Europe,High,Low,2025-09-15,4.571,4.550660264932526,118.59
Italy,Europe,High,Low,2025-09-22,4.549,4.570308990098431,118.54
Italy,Europe,High,Low,2025-09-29,4.469,4.4652522960472885,116.06
Italy,Europe,High,Low,2025-10-06,4.524,4.518122336982257,117.4
Italy,Europe,High,Low,2025-10-13,4.46,4.491974494385396,116.46
Italy,Europe,High,Low,2025-10-20,4.556,4.542414150525116,118.8
Italy,Europe,High,Low,2025-10-27,4.57,4.576660264932526,119.42
Italy,Europe,High,Low,2025-11-03,4.584,4.565078911698209,119.31
Italy,Europe,High,Low,2025-11-10,4.594,4.592373749485176,119.63
Italy,Europe,High,Low,2025-11-17,4.622,4.581615116778361,119.3
Italy,Europe,High,Low,2025-11-24,4.547,4.594955500957208,118.52
Italy,Europe,High,Low,2025-12-01,4.574,4.54841807786876,118.57
Italy,Europe,High,Low,2025-12-08,4.555,4.599586119034928,119.43
Italy,Europe,High,Low,2025-12-15,4.565,4.534291252277546,118.67
Italy,Europe,High,Low,2025-12-22,4.542,4.533121356682738,117.73
Italy,Europe,High,Low,2025-12-29,4.522,4.522981105757032,117.1
Italy,Europe,High,Low,2026-01-05,4.524,4.551644422033871,118.04
Italy,Europe,High,Low,2026-01-12,4.611,4.582529444140517,119.58
Italy,Europe,High,Low,2026-01-19,4.614,4.6190036751807835,119.82
Italy,Europe,High,Low,2026-01-26,4.642,4.630528959050677,120.32
Italy,Europe,High,Low,2026-02-02,4.515,4.609898144675688,119.36
Italy,Europe,High,Low,2026-02-09,4.594,4.540732981332271,120.21
Italy,Europe,High,Low,2026-02-16,4.638,4.610382096753335,120.67
Italy,Europe,High,Low,2026-02-23,4.576,4.6014555500122905,119.62
Italy,Europe,High,Low,2026-03-02,4.826,4.734135702820751,124.85
Italy,Europe,High,Low,2026-03-09,4.997,4.98348428445186,130.0
Italy,Europe,High,Low,2026-03-16,4.998,4.996673730703498,130.0
Italy,Europe,High,Low,2026-03-23,4.984,4.997206533898233,130.0
Italy,Europe,High,Low,2026-03-30,4.987,4.983206533898233,130.0
Italy,Europe,High,Low,2026-04-06,4.994,4.986206533898233,130.0
Ivory Coast,Africa,Low,Medium,2025-01-20,1.603,1.625461163692906,122.38
Ivory Coast,Africa,Low,Medium,2025-01-27,1.59,1.572539703098148,120.18
Ivory Coast,Africa,Low,Medium,2025-02-03,1.557,1.5723479920642902,119.05
Ivory Coast,Africa,Low,Medium,2025-02-10,1.583,1.5838227245483014,120.85
Ivory Coast,Africa,Low,Medium,2025-02-17,1.588,1.5700721464192038,120.24
Ivory Coast,Africa,Low,Medium,2025-02-24,1.594,1.5767433200255292,119.66
Ivory Coast,Africa,Low,Medium,2025-03-03,1.594,1.5955219907698777,119.84
Ivory Coast,Africa,Low,Medium,2025-03-10,1.568,1.5657070286336754,117.71
Ivory Coast,Africa,Low,Medium,2025-03-17,1.554,1.582768622381413,118.64
Ivory Coast,Africa,Low,Medium,2025-03-24,1.573,1.5739521627365,119.96
Ivory Coast,Africa,Low,Medium,2025-03-31,1.561,1.5765616956980275,120.22
Ivory Coast,Africa,Low,Medium,2025-04-07,1.588,1.587040927454206,122.0
Ivory Coast,Africa,Low,Medium,2025-04-14,1.578,1.5644652484711379,120.21
Ivory Coast,Africa,Low,Medium,2025-04-21,1.625,1.607786685440298,122.22
Ivory Coast,Africa,Low,Medium,2025-04-28,1.605,1.608003409051665,121.14
Ivory Coast,Africa,Low,Medium,2025-05-05,1.566,1.5791386578774373,119.41
Ivory Coast,Africa,Low,Medium,2025-05-12,1.583,1.5600970095694293,118.92
Ivory Coast,Africa,Low,Medium,2025-05-19,1.596,1.6130098974473481,120.97
Ivory Coast,Africa,Low,Medium,2025-05-26,1.567,1.5913238205526041,120.74
Ivory Coast,Africa,Low,Medium,2025-06-02,1.589,1.5450239745235284,119.42
Ivory Coast,Africa,Low,Medium,2025-06-09,1.585,1.5650330434908128,117.67
Ivory Coast,Africa,Low,Medium,2025-06-16,1.531,1.5796650424142324,117.34
Ivory Coast,Africa,Low,Medium,2025-06-23,1.515,1.4902090608418581,114.75
Ivory Coast,Africa,Low,Medium,2025-06-30,1.499,1.4908861811934702,112.99
Ivory Coast,Africa,Low,Medium,2025-07-07,1.537,1.5248210349800586,114.64
Ivory Coast,Africa,Low,Medium,2025-07-14,1.578,1.5569131290217533,116.03
Ivory Coast,Africa,Low,Medium,2025-07-21,1.543,1.5723861000266564,115.68
Ivory Coast,Africa,Low,Medium,2025-07-28,1.514,1.531305360513604,114.92
Ivory Coast,Africa,Low,Medium,2025-08-04,1.533,1.5120298216255714,114.79
Ivory Coast,Africa,Low,Medium,2025-08-11,1.578,1.566347140202453,117.41
Ivory Coast,Africa,Low,Medium,2025-08-18,1.551,1.5817458739903312,117.69
Ivory Coast,Africa,Low,Medium,2025-08-25,1.591,1.5659304088611303,118.58
Ivory Coast,Africa,Low,Medium,2025-09-01,1.553,1.5849501472720866,118.14
Ivory Coast,Africa,Low,Medium,2025-09-08,1.558,1.5521542763240719,118.01
Ivory Coast,Africa,Low,Medium,2025-09-15,1.565,1.5690494419756473,118.59
Ivory Coast,Africa,Low,Medium,2025-09-22,1.635,1.5656447855561737,118.54
Ivory Coast,Africa,Low,Medium,2025-09-29,1.525,1.6039614202659676,116.06
Ivory Coast,Africa,Low,Medium,2025-10-06,1.529,1.5449521627365,117.4
Ivory Coast,Africa,Low,Medium,2025-10-13,1.509,1.511666511395875,116.46
Ivory Coast,Africa,Low,Medium,2025-10-20,1.551,1.5399553917345534,118.8
Ivory Coast,Africa,Low,Medium,2025-10-27,1.577,1.5620494419756472,119.42
Ivory Coast,Africa,Low,Medium,2025-11-03,1.557,1.576154276324072,119.31
Ivory Coast,Africa,Low,Medium,2025-11-10,1.599,1.5609317700024203,119.63
Ivory Coast,Africa,Low,Medium,2025-11-17,1.584,1.5932949681098396,119.3
Ivory Coast,Africa,Low,Medium,2025-11-24,1.571,1.5680843486244471,118.52
Ivory Coast,Africa,Low,Medium,2025-12-01,1.572,1.5724063065756624,118.57
Ivory Coast,Africa,Low,Medium,2025-12-08,1.607,1.5855149491555223,119.43
Ivory Coast,Africa,Low,Medium,2025-12-15,1.56,1.5948042282432944,118.67
Ivory Coast,Africa,Low,Medium,2025-12-22,1.553,1.5428133736932177,117.73
Ivory Coast,Africa,Low,Medium,2025-12-29,1.577,1.5418196697352367,117.1
Ivory Coast,Africa,Low,Medium,2026-01-05,1.536,1.5916217600840703,118.04
Ivory Coast,Africa,Low,Medium,2026-01-12,1.573,1.559527022051771,119.58
Ivory Coast,Africa,Low,Medium,2026-01-19,1.612,1.5765616956980275,119.82
Ivory Coast,Africa,Low,Medium,2026-01-26,1.595,1.6210125236687638,120.32
Ivory Coast,Africa,Low,Medium,2026-02-02,1.607,1.5775901616861674,119.36
Ivory Coast,Africa,Low,Medium,2026-02-09,1.616,1.6206618114528648,120.21
Ivory Coast,Africa,Low,Medium,2026-02-16,1.597,1.6248656613714214,120.67
Ivory Coast,Africa,Low,Medium,2026-02-23,1.563,1.5783992256921249,119.62
Ivory Coast,Africa,Low,Medium,2026-03-02,1.663,1.6181695933429014,124.85
Ivory Coast,Africa,Low,Medium,2026-03-09,1.725,1.7177938406397053,130.0
Ivory Coast,Africa,Low,Medium,2026-03-16,1.693,1.7264449140850768,130.0
Ivory Coast,Africa,Low,Medium,2026-03-23,1.74,1.6940851278366824,130.0
Ivory Coast,Africa,Low,Medium,2026-03-30,1.711,1.7410851278366823,130.0
Ivory Coast,Africa,Low,Medium,2026-04-06,1.733,1.7120851278366824,130.0
Japan,Asia,High,Low,2025-01-20,3.976,3.9719956716582523,122.38
Japan,Asia,High,Low,2025-01-27,3.896,3.9050599892049984,120.18
Japan,Asia,High,Low,2025-02-03,3.857,3.86245180031555,119.05
Japan,Asia,High,Low,2025-02-10,3.856,3.913659717982967,120.85
Japan,Asia,High,Low,2025-02-17,3.898,3.8375370204445662,120.24
Japan,Asia,High,Low,2025-02-24,3.891,3.8802778279908754,119.66
Japan,Asia,High,Low,2025-03-03,3.889,3.8944021761279415,119.84
Japan,Asia,High,Low,2025-03-10,3.756,3.820681079801208,117.71
Japan,Asia,High,Low,2025-03-17,3.809,3.7832267123734176,118.64
Japan,Asia,High,Low,2025-03-24,3.868,3.854451938989081,119.96
Japan,Asia,High,Low,2025-03-31,3.872,3.874738483546661,120.22
Japan,Asia,High,Low,2025-04-07,3.925,3.9284365059759168,122.0
Japan,Asia,High,Low,2025-04-14,3.867,3.867224173243517,120.21
Japan,Asia,High,Low,2025-04-21,3.984,3.9334561320080366,122.22
Japan,Asia,High,Low,2025-04-28,3.895,3.9511072173029254,121.14
Japan,Asia,High,Low,2025-05-05,3.824,3.835827948709833,119.41
Japan,Asia,High,Low,2025-05-12,3.821,3.8116315175347752,118.92
Japan,Asia,High,Low,2025-05-19,3.859,3.887679344015087,120.97
Japan,Asia,High,Low,2025-05-26,3.881,3.850657952139392,120.74
Japan,Asia,High,Low,2025-06-02,3.868,3.836123917523499,119.42
Japan,Asia,High,Low,2025-06-09,3.785,3.809791968263192,117.67
Japan,Asia,High,Low,2025-06-16,3.75,3.7735294134679176,117.34
Japan,Asia,High,Low,2025-06-23,3.691,3.6574602533510796,114.75
Japan,Asia,High,Low,2025-06-30,3.632,3.6326451059658496,112.99
Japan,Asia,High,Low,2025-07-07,3.696,3.687359519938071,114.64
Japan,Asia,High,Low,2025-07-14,3.728,3.74157169675307,116.03
Japan,Asia,High,Low,2025-07-21,3.7,3.7164092625590777,115.68
Japan,Asia,High,Low,2025-07-28,3.717,3.6819986599576864,114.92
Japan,Asia,High,Low,2025-08-04,3.713,3.711963467025348,114.79
Japan,Asia,High,Low,2025-08-11,3.807,3.799868924792944,117.41
Japan,Asia,High,Low,2025-08-18,3.771,3.8140814533177005,117.69
Japan,Asia,High,Low,2025-08-25,3.809,3.798547290331871,118.58
Japan,Asia,High,Low,2025-09-01,3.786,3.796484655237433,118.14
Japan,Asia,High,Low,2025-09-08,3.801,3.7816231340833717,118.01
Japan,Asia,High,Low,2025-09-15,3.8,3.8198956307123453,118.59
Japan,Asia,High,Low,2025-09-22,3.818,3.799211982958923,118.54
Japan,Asia,High,Low,2025-09-29,3.761,3.7461618608619562,116.06
Japan,Asia,High,Low,2025-10-06,3.778,3.8064519389890807,117.4
Japan,Asia,High,Low,2025-10-13,3.739,3.748021978316489,116.46
Japan,Asia,High,Low,2025-10-20,3.78,3.8105323358922107,118.8
Japan,Asia,High,Low,2025-10-27,3.87,3.798895630712345,119.42
Japan,Asia,High,Low,2025-11-03,3.838,3.8656231340833718,119.31
Japan,Asia,High,Low,2025-11-10,3.846,3.845108557851054,119.63
Japan,Asia,High,Low,2025-11-17,3.877,3.834159339163525,119.3
Japan,Asia,High,Low,2025-11-24,3.836,3.8520029848883013,118.52
Japan,Asia,High,Low,2025-12-01,3.839,3.8365499385473125,118.57
Japan,Asia,High,Low,2025-12-08,3.838,3.862412634452762,119.43
Japan,Asia,High,Low,2025-12-15,3.797,3.8193387362086404,118.67
Japan,Asia,High,Low,2025-12-22,3.799,3.767168840613832,117.73
Japan,Asia,High,Low,2025-12-29,3.769,3.781354177700583,117.1
Japan,Asia,High,Low,2026-01-05,3.808,3.796079850076075,118.04
Japan,Asia,High,Low,2026-01-12,3.85,3.862501823298666,119.58
Japan,Asia,High,Low,2026-01-19,3.857,3.8567384835466614,119.82
Japan,Asia,High,Low,2026-01-26,3.86,3.872002588911071,120.32
Japan,Asia,High,Low,2026-02-02,3.839,3.8299456286067817,119.36
Japan,Asia,High,Low,2026-02-09,3.896,3.8625594967501047,120.21
Japan,Asia,High,Low,2026-02-16,3.877,3.910855726613728,120.67
Japan,Asia,High,Low,2026-02-23,3.876,3.8428650307049237,119.62
Japan,Asia,High,Low,2026-03-02,3.98,4.00916763406318,124.85
Japan,Asia,High,Low,2026-03-09,4.189,4.112516215694289,130.0
Japan,Asia,High,Low,2026-03-16,4.183,4.18857672356399,130.0
Japan,Asia,High,Low,2026-03-23,4.167,4.182266781100075,130.0
Japan,Asia,High,Low,2026-03-30,4.175,4.166266781100075,130.0
Japan,Asia,High,Low,2026-04-06,4.198,4.174266781100075,130.0
Jordan,Middle East,Middle,Medium,2025-01-20,2.163,2.1880374923776507,122.38
Jordan,Middle East,Middle,Medium,2025-01-27,2.158,2.1329602285031575,120.18
Jordan,Middle East,Middle,Medium,2025-02-03,2.148,2.140438097845323,119.05
Jordan,Middle East,Middle,Medium,2025-02-10,2.153,2.1749128303293346,120.85
Jordan,Middle East,Middle,Medium,2025-02-17,2.192,2.140162252200237,120.24
Jordan,Middle East,Middle,Medium,2025-02-24,2.13,2.1808334258065623,119.66
Jordan,Middle East,Middle,Medium,2025-03-03,2.102,2.1316120965509104,119.84
Jordan,Middle East,Middle,Medium,2025-03-10,2.076,2.073641331134973,117.71
Jordan,Middle East,Middle,Medium,2025-03-17,2.102,2.0908587281624462,118.64
Jordan,Middle East,Middle,Medium,2025-03-24,2.159,2.1220422685175326,119.96
Jordan,Middle East,Middle,Medium,2025-03-31,2.162,2.1626518014790603,120.22
Jordan,Middle East,Middle,Medium,2025-04-07,2.202,2.188131033235239,122.0
Jordan,Middle East,Middle,Medium,2025-04-14,2.15,2.1795780659076396,120.21
Jordan,Middle East,Middle,Medium,2025-04-21,2.23,2.179876791221331,122.22
Jordan,Middle East,Middle,Medium,2025-04-28,2.219,2.2142063322692,121.14
Jordan,Middle East,Middle,Medium,2025-05-05,2.115,2.1931386578774372,119.41
Jordan,Middle East,Middle,Medium,2025-05-12,2.148,2.1091871153504624,118.92
Jordan,Middle East,Middle,Medium,2025-05-19,2.188,2.1781000032283813,120.97
Jordan,Middle East,Middle,Medium,2025-05-26,2.185,2.183413926333637,120.74
Jordan,Middle East,Middle,Medium,2025-06-02,2.161,2.1630239745235285,119.42
Jordan,Middle East,Middle,Medium,2025-06-09,2.086,2.137033043490813,117.67
Jordan,Middle East,Middle,Medium,2025-06-16,2.072,2.0807551481952653,117.34
Jordan,Middle East,Middle,Medium,2025-06-23,2.088,2.031143363343156,114.75
Jordan,Middle East,Middle,Medium,2025-06-30,2.023,2.0638861811934706,112.99
Jordan,Middle East,Middle,Medium,2025-07-07,2.051,2.0489111407610916,114.64
Jordan,Middle East,Middle,Medium,2025-07-14,2.065,2.0710032348027867,116.03
Jordan,Middle East,Middle,Medium,2025-07-21,2.057,2.059476205807689,115.68
Jordan,Middle East,Middle,Medium,2025-07-28,2.033,2.045395466294637,114.92
Jordan,Middle East,Middle,Medium,2025-08-04,2.002,2.0320080839697066,114.79
Jordan,Middle East,Middle,Medium,2025-08-11,2.084,2.0371214879655186,117.41
Jordan,Middle East,Middle,Medium,2025-08-18,2.11,2.087835979771364,117.69
Jordan,Middle East,Middle,Medium,2025-08-25,2.107,2.1250205146421632,118.58
Jordan,Middle East,Middle,Medium,2025-09-01,2.1,2.10104025305312,118.14
Jordan,Middle East,Middle,Medium,2025-09-08,2.141,2.099244382105105,118.01
Jordan,Middle East,Middle,Medium,2025-09-15,2.112,2.1521395477566805,118.59
Jordan,Middle East,Middle,Medium,2025-09-22,2.168,2.112734891337207,118.54
Jordan,Middle East,Middle,Medium,2025-09-29,2.086,2.1368957227672656,116.06
Jordan,Middle East,Middle,Medium,2025-10-06,2.096,2.1060422685175326,117.4
Jordan,Middle East,Middle,Medium,2025-10-13,2.099,2.078756617176908,116.46
Jordan,Middle East,Middle,Medium,2025-10-20,2.113,2.1312944119983306,118.8
Jordan,Middle East,Middle,Medium,2025-10-27,2.122,2.1241395477566805,119.42
Jordan,Middle East,Middle,Medium,2025-11-03,2.136,2.121244382105105,119.31
Jordan,Middle East,Middle,Medium,2025-11-10,2.166,2.1400218757834537,119.63
Jordan,Middle East,Middle,Medium,2025-11-17,2.134,2.1603850738908728,119.3
Jordan,Middle East,Middle,Medium,2025-11-24,2.112,2.1181744544054797,118.52
Jordan,Middle East,Middle,Medium,2025-12-01,2.131,2.1134964123566955,118.57
Jordan,Middle East,Middle,Medium,2025-12-08,2.134,2.144605054936555,119.43
Jordan,Middle East,Middle,Medium,2025-12-15,2.127,2.121894334024327,118.67
Jordan,Middle East,Middle,Medium,2025-12-22,2.08,2.1099034794742506,117.73
Jordan,Middle East,Middle,Medium,2025-12-29,2.087,2.06890977551627,117.1
Jordan,Middle East,Middle,Medium,2026-01-05,2.1,2.1017118658651035,118.04
Jordan,Middle East,Middle,Medium,2026-01-12,2.13,2.123617127832804,119.58
Jordan,Middle East,Middle,Medium,2026-01-19,2.129,2.1336518014790604,119.82
Jordan,Middle East,Middle,Medium,2026-01-26,2.197,2.1381026294497967,120.32
Jordan,Middle East,Middle,Medium,2026-02-02,2.119,2.1796802674672007,119.36
Jordan,Middle East,Middle,Medium,2026-02-09,2.18,2.132751917233898,120.21
Jordan,Middle East,Middle,Medium,2026-02-16,2.206,2.1889557671524544,120.67
Jordan,Middle East,Middle,Medium,2026-02-23,2.13,2.187489331473158,119.62
Jordan,Middle East,Middle,Medium,2026-03-02,2.244,2.185913765860898,124.85
Jordan,Middle East,Middle,Medium,2026-03-09,2.329,2.2990680050509362,130.0
Jordan,Middle East,Middle,Medium,2026-03-16,2.309,2.3294919499724647,130.0
Jordan,Middle East,Middle,Medium,2026-03-23,2.299,2.3096675817762637,130.0
Jordan,Middle East,Middle,Medium,2026-03-30,2.324,2.2996675817762635,130.0
Jordan,Middle East,Middle,Medium,2026-04-06,2.352,2.3246675817762634,130.0
Kenya,Africa,Low,Low,2025-01-20,2.581,2.578483009900575,122.38
Kenya,Africa,Low,Low,2025-01-27,2.493,2.5309942999935546,120.18
Kenya,Africa,Low,Low,2025-02-03,2.445,2.4663022731989246,119.05
Kenya,Africa,Low,Low,2025-02-10,2.519,2.4828096303330858,120.85
Kenya,Africa,Low,Low,2025-02-17,2.544,2.506093992626873,120.24
Kenya,Africa,Low,Low,2025-02-24,2.455,2.5327651662331983,119.66
Kenya,Africa,Low,Low,2025-03-03,2.497,2.457008560489774,119.84
Kenya,Africa,Low,Low,2025-03-10,2.456,2.4478416487197805,117.71
Kenya,Africa,Low,Low,2025-03-17,2.525,2.4786070335363544,118.64
Kenya,Africa,Low,Low,2025-03-24,2.521,2.558279589053093,119.96
Kenya,Africa,Low,Low,2025-03-31,2.499,2.525874434431044,120.22
Kenya,Africa,Low,Low,2025-04-07,2.587,2.5360278332389905,122.0
Kenya,Africa,Low,Low,2025-04-14,2.538,2.541353370895496,120.21
Kenya,Africa,Low,Low,2025-04-21,2.564,2.585207791887734,122.22
Kenya,Africa,Low,Low,2025-04-28,2.542,2.5379576901863,121.14
Kenya,Africa,Low,Low,2025-05-05,2.481,2.494026780301795,119.41
Kenya,Africa,Low,Low,2025-05-12,2.506,2.4751188557770987,118.92
Kenya,Africa,Low,Low,2025-05-19,2.533,2.5534310038947843,120.97
Kenya,Africa,Low,Low,2025-05-26,2.566,2.5280037341156856,120.74
Kenya,Africa,Low,Low,2025-06-02,2.514,2.527496708699297,119.42
Kenya,Africa,Low,Low,2025-06-09,2.461,2.467921165915171,117.67
Kenya,Africa,Low,Low,2025-06-16,2.45,2.4556868886219014,117.34
Kenya,Africa,Low,Low,2025-06-23,2.435,2.3872292350404796,114.75
Kenya,Africa,Low,Low,2025-06-30,2.379,2.3887743036178284,112.99
Kenya,Africa,Low,Low,2025-07-07,2.401,2.4158079407648425,114.64
Kenya,Africa,Low,Low,2025-07-14,2.427,2.4342405553383464,116.03
Kenya,Africa,Low,Low,2025-07-21,2.435,2.4214079462343254,115.68
Kenya,Africa,Low,Low,2025-07-28,2.414,2.4233272067212734,114.92
Kenya,Africa,Low,Low,2025-08-04,2.43,2.4113408742336224,114.79
Kenya,Africa,Low,Low,2025-08-11,2.471,2.490671856371846,117.41
Kenya,Africa,Low,Low,2025-08-18,2.469,2.4760586127233477,117.69
Kenya,Africa,Low,Low,2025-08-25,2.474,2.491768820016072,118.58
Kenya,Africa,Low,Low,2025-09-01,2.474,2.467971993479756,118.14
Kenya,Africa,Low,Low,2025-09-08,2.49,2.472465328932123,118.01
Kenya,Africa,Low,Low,2025-09-15,2.487,2.5059026518355294,118.59
Kenya,Africa,Low,Low,2025-09-22,2.492,2.48618604932909,118.54
Kenya,Africa,Low,Low,2025-09-29,2.437,2.4414160171613744,116.06
Kenya,Africa,Low,Low,2025-10-06,2.469,2.470279589053093,117.4
Kenya,Africa,Low,Low,2025-10-13,2.41,2.445872451199864,116.46
Kenya,Africa,Low,Low,2025-10-20,2.459,2.461708572775063,118.8
Kenya,Africa,Low,Low,2025-10-27,2.474,2.4749026518355293,119.42
Kenya,Africa,Low,Low,2025-11-03,2.475,2.472465328932123,119.31
Kenya,Africa,Low,Low,2025-11-10,2.537,2.480244508735437,119.63
Kenya,Africa,Low,Low,2025-11-17,2.505,2.531316814317509,119.3
Kenya,Africa,Low,Low,2025-11-24,2.47,2.486490323130625,118.52
Kenya,Africa,Low,Low,2025-12-01,2.505,2.469947570348579,118.57
Kenya,Africa,Low,Low,2025-12-08,2.492,2.5254196555759463,119.43
Kenya,Africa,Low,Low,2025-12-15,2.482,2.4798260744509637,118.67
Kenya,Africa,Low,Low,2025-12-22,2.455,2.459019313497207,117.73
Kenya,Africa,Low,Low,2025-12-29,2.451,2.443841515942906,117.1
Kenya,Africa,Low,Low,2026-01-05,2.467,2.473460171239012,118.04
Kenya,Africa,Low,Low,2026-01-12,2.476,2.5029349875483313,119.58
Kenya,Africa,Low,Low,2026-01-19,2.529,2.480874434431044,119.82
Kenya,Africa,Low,Low,2026-01-26,2.505,2.5417288720979556,120.32
Kenya,Africa,Low,Low,2026-02-02,2.491,2.4817961014901564,119.36
Kenya,Africa,Low,Low,2026-02-09,2.549,2.511566517873289,120.21
Kenya,Africa,Low,Low,2026-02-16,2.521,2.561582009800613,120.67
Kenya,Africa,Low,Low,2026-02-23,2.491,2.4933535068267596,119.62
Kenya,Africa,Low,Low,2026-03-02,2.635,2.5876736399137488,124.85
Kenya,Africa,Low,Low,2026-03-09,2.723,2.7312978872105522,130.0
Kenya,Africa,Low,Low,2026-03-16,2.749,2.722986177857993,130.0
Kenya,Africa,Low,Low,2026-03-23,2.755,2.7487484993116937,130.0
Kenya,Africa,Low,Low,2026-03-30,2.695,2.7547484993116935,130.0
Kenya,Africa,Low,Low,2026-04-06,2.741,2.6947484993116935,130.0
Kuwait,Middle East,High,Very High,2025-01-20,0.224,0.2343908694377907,122.38
Kuwait,Middle East,High,Very High,2025-01-27,0.24,0.21966361436118095,120.18
Kuwait,Middle East,High,Very High,2025-02-03,0.179,0.22716134685633144,119.05
Kuwait,Middle East,High,Very High,2025-02-10,0.212,0.19294104085821512,120.85
Kuwait,Middle East,High,Very High,2025-02-17,0.194,0.20300185216408842,120.24
Kuwait,Middle East,High,Very High,2025-02-24,0.24,0.18667302577041386,119.66
Kuwait,Middle East,High,Very High,2025-03-03,0.24,0.24209173011277094,119.84
Kuwait,Middle East,High,Very High,2025-03-10,0.242,0.23333933253133493,117.71
Kuwait,Middle East,High,Very High,2025-03-17,0.2,0.24857943998351212,118.64
Kuwait,Middle East,High,Very High,2025-03-24,0.227,0.20896158590260727,119.96
Kuwait,Middle East,High,Very High,2025-03-31,0.201,0.2300707206927899,120.22
Kuwait,Middle East,High,Very High,2025-04-07,0.224,0.21471782885116497,122.0
Kuwait,Middle East,High,Very High,2025-04-14,0.218,0.21530417444771027,120.21
Kuwait,Middle East,High,Very High,2025-04-21,0.206,0.23354423033076435,122.22
Kuwait,Middle East,High,Very High,2025-04-28,0.269,0.19381676384370644,121.14
Kuwait,Middle East,High,Very High,2025-05-05,0.223,0.2576632207189556,119.41
Kuwait,Middle East,High,Very High,2025-05-12,0.216,0.22102671531431403,118.92
Kuwait,Middle East,High,Very High,2025-05-19,0.24,0.2317674423378145,120.97
Kuwait,Middle East,High,Very High,2025-05-26,0.231,0.23992836086564348,120.74
Kuwait,Middle East,High,Very High,2025-06-02,0.25,0.2149867099652655,119.42
Kuwait,Middle East,High,Very High,2025-06-09,0.23,0.24087196946738543,117.67
Kuwait,Middle East,High,Very High,2025-06-16,0.208,0.22892461124745597,117.34
Kuwait,Middle East,High,Very High,2025-06-23,0.213,0.19551887486566613,114.75
Kuwait,Middle East,High,Very High,2025-06-30,0.22,0.2037251071700428,112.99
Kuwait,Middle East,High,Very High,2025-07-07,0.204,0.2326408428133193,114.64
Kuwait,Middle East,High,Very High,2025-07-14,0.214,0.21300791771482364,116.03
Kuwait,Middle East,High,Very High,2025-07-21,0.237,0.2127310343868428,115.68
Kuwait,Middle East,High,Very High,2025-07-28,0.194,0.22932043178545175,114.92
Kuwait,Middle East,High,Very High,2025-08-04,0.214,0.19586955918022053,114.79
Kuwait,Middle East,High,Very High,2025-08-11,0.235,0.22994758975292998,117.41
Kuwait,Middle East,High,Very High,2025-08-18,0.193,0.2383402645120564,117.69
Kuwait,Middle East,High,Very High,2025-08-25,0.22,0.19982659199019254,118.58
Kuwait,Middle East,High,Very High,2025-09-01,0.224,0.2178798530169714,118.14
Kuwait,Middle East,High,Very High,2025-09-08,0.217,0.2266026521900171,118.01
Kuwait,Middle East,High,Very High,2025-09-15,0.223,0.22290416271193136,118.59
Kuwait,Middle East,High,Very High,2025-09-22,0.192,0.22542058589172048,118.54
Kuwait,Middle East,High,Very High,2025-09-29,0.216,0.18746560471023435,116.06
Kuwait,Middle East,High,Very High,2025-10-06,0.237,0.22496158590260726,117.4
Kuwait,Middle East,High,Very High,2025-10-13,0.181,0.22447986618791638,116.46
Kuwait,Middle East,High,Very High,2025-10-20,0.211,0.19224275753978992,118.8
Kuwait,Middle East,High,Very High,2025-10-27,0.201,0.21690416271193136,119.42
Kuwait,Middle East,High,Very High,2025-11-03,0.218,0.2036026521900171,119.31
Kuwait,Middle East,High,Very High,2025-11-10,0.203,0.22144079499718264,119.63
Kuwait,Middle East,High,Very High,2025-11-17,0.257,0.20155453694306322,119.3
Kuwait,Middle East,High,Very High,2025-11-24,0.184,0.24501405436933166,118.52
Kuwait,Middle East,High,Very High,2025-12-01,0.207,0.18721284619811251,118.57
Kuwait,Middle East,High,Very High,2025-12-08,0.204,0.21375991725970236,119.43
Kuwait,Middle East,High,Very High,2025-12-15,0.22,0.19573393398817898,118.67
Kuwait,Middle East,High,Very High,2025-12-22,0.186,0.207626728485259,117.73
Kuwait,Middle East,High,Very High,2025-12-29,0.215,0.1787493754801214,117.1
Kuwait,Middle East,High,Very High,2026-01-05,0.245,0.2214325776861695,118.04
Kuwait,Middle East,High,Very High,2026-01-12,0.209,0.2556802929069395,119.58
Kuwait,Middle East,High,Very High,2026-01-19,0.231,0.21207072069278987,119.82
Kuwait,Middle East,High,Very High,2026-01-26,0.2,0.23600451240329118,120.32
Kuwait,Middle East,High,Very High,2026-02-02,0.216,0.18740351647820888,119.36
Kuwait,Middle East,High,Very High,2026-02-09,0.217,0.222906779557045,120.21
Kuwait,Middle East,High,Very High,2026-02-16,0.214,0.22185765010594855,120.67
Kuwait,Middle East,High,Very High,2026-02-23,0.248,0.2002125804841662,119.62
Kuwait,Middle East,High,Very High,2026-03-02,0.188,0.2506174644249862,124.85
Kuwait,Middle East,High,Very High,2026-03-09,0.242,0.18996604605609527,130.0
Kuwait,Middle East,High,Very High,2026-03-16,0.222,0.24469088331289257,130.0
Kuwait,Middle East,High,Very High,2026-03-23,0.222,0.22422612686627771,130.0
Kuwait,Middle East,High,Very High,2026-03-30,0.227,0.22422612686627771,130.0
Kuwait,Middle East,High,Very High,2026-04-06,0.247,0.22922612686627772,130.0
Lebanon,Middle East,Middle,Low,2025-01-20,3.572,3.61905933858532,122.38
Lebanon,Middle East,Middle,Low,2025-01-27,3.496,3.521797658869662,120.18
Lebanon,Middle East,Middle,Low,2025-02-03,3.48,3.469392378979958,119.05
Lebanon,Middle East,Middle,Low,2025-02-10,3.496,3.517899736114119,120.85
Lebanon,Middle East,Middle,Low,2025-02-17,3.488,3.483184098407906,120.24
Lebanon,Middle East,Middle,Low,2025-02-24,3.477,3.4768552720142316,119.66
Lebanon,Middle East,Middle,Low,2025-03-03,3.516,3.4790986662708066,119.84
Lebanon,Middle East,Middle,Low,2025-03-10,3.449,3.466158784692176,117.71
Lebanon,Middle East,Middle,Low,2025-03-17,3.498,3.471697139317387,118.64
Lebanon,Middle East,Middle,Low,2025-03-24,3.482,3.5313696948341264,119.96
Lebanon,Middle East,Middle,Low,2025-03-31,3.527,3.4869645402120772,120.22
Lebanon,Middle East,Middle,Low,2025-04-07,3.553,3.5641179390200235,122.0
Lebanon,Middle East,Middle,Low,2025-04-14,3.494,3.508466188331998,120.21
Lebanon,Middle East,Middle,Low,2025-04-21,3.574,3.5412978976687675,122.22
Lebanon,Middle East,Middle,Low,2025-04-28,3.544,3.549160613403835,121.14
Lebanon,Middle East,Middle,Low,2025-05-05,3.503,3.4960267803017953,119.41
Lebanon,Middle East,Middle,Low,2025-05-12,3.476,3.497208961558132,118.92
Lebanon,Middle East,Middle,Low,2025-05-19,3.549,3.5235211096758174,120.97
Lebanon,Middle East,Middle,Low,2025-05-26,3.49,3.5440938398967186,120.74
Lebanon,Middle East,Middle,Low,2025-06-02,3.482,3.4514967086992976,119.42
Lebanon,Middle East,Middle,Low,2025-06-09,3.443,3.4359211659151714,117.67
Lebanon,Middle East,Middle,Low,2025-06-16,3.462,3.437776994402935,117.34
Lebanon,Middle East,Middle,Low,2025-06-23,3.361,3.3985463710128747,114.75
Lebanon,Middle East,Middle,Low,2025-06-30,3.346,3.3147743036178285,112.99
Lebanon,Middle East,Middle,Low,2025-07-07,3.351,3.3828980465458756,114.64
Lebanon,Middle East,Middle,Low,2025-07-14,3.396,3.38433066111938,116.03
Lebanon,Middle East,Middle,Low,2025-07-21,3.376,3.3904980520153587,115.68
Lebanon,Middle East,Middle,Low,2025-07-28,3.363,3.3644173125023062,114.92
Lebanon,Middle East,Middle,Low,2025-08-04,3.341,3.361319136577757,114.79
Lebanon,Middle East,Middle,Low,2025-08-11,3.437,3.4039833056282403,117.41
Lebanon,Middle East,Middle,Low,2025-08-18,3.457,3.4421487185043804,117.69
Lebanon,Middle East,Middle,Low,2025-08-25,3.484,3.479858925797105,118.58
Lebanon,Middle East,Middle,Low,2025-09-01,3.457,3.478062099260789,118.14
Lebanon,Middle East,Middle,Low,2025-09-08,3.457,3.4555554347131556,118.01
Lebanon,Middle East,Middle,Low,2025-09-15,3.489,3.472992757616562,118.59
Lebanon,Middle East,Middle,Low,2025-09-22,3.484,3.488276155110123,118.54
Lebanon,Middle East,Middle,Low,2025-09-29,3.339,3.4327331531337695,116.06
Lebanon,Middle East,Middle,Low,2025-10-06,3.448,3.372369694834126,117.4
Lebanon,Middle East,Middle,Low,2025-10-13,3.393,3.4249625569808972,116.46
Lebanon,Middle East,Middle,Low,2025-10-20,3.468,3.44604759303884,118.8
Lebanon,Middle East,Middle,Low,2025-10-27,3.475,3.483992757616562,119.42
Lebanon,Middle East,Middle,Low,2025-11-03,3.491,3.473555434713156,119.31
Lebanon,Middle East,Middle,Low,2025-11-10,3.497,3.4963346145164698,119.63
Lebanon,Middle East,Middle,Low,2025-11-17,3.498,3.491406920098542,119.3
Lebanon,Middle East,Middle,Low,2025-11-24,3.473,3.479580428911658,118.52
Lebanon,Middle East,Middle,Low,2025-12-01,3.453,3.4730376761296116,118.57
Lebanon,Middle East,Middle,Low,2025-12-08,3.513,3.473509761356979,119.43
Lebanon,Middle East,Middle,Low,2025-12-15,3.495,3.5009161802319966,118.67
Lebanon,Middle East,Middle,Low,2025-12-22,3.405,3.47210941927824,117.73
Lebanon,Middle East,Middle,Low,2025-12-29,3.409,3.393931621723939,117.1
Lebanon,Middle East,Middle,Low,2026-01-05,3.462,3.431550277020045,118.04
Lebanon,Middle East,Middle,Low,2026-01-12,3.484,3.4980250933293644,119.58
Lebanon,Middle East,Middle,Low,2026-01-19,3.48,3.488964540212077,119.82
Lebanon,Middle East,Middle,Low,2026-01-26,3.514,3.4928189778789887,120.32
Lebanon,Middle East,Middle,Low,2026-02-02,3.497,3.4908862072711893,119.36
Lebanon,Middle East,Middle,Low,2026-02-09,3.532,3.5176566236543216,120.21
Lebanon,Middle East,Middle,Low,2026-02-16,3.481,3.544672115581646,120.67
Lebanon,Middle East,Middle,Low,2026-02-23,3.512,3.4534436126077925,119.62
Lebanon,Middle East,Middle,Low,2026-03-02,3.648,3.6123844555512266,124.85
Lebanon,Middle East,Middle,Low,2026-03-09,3.831,3.7475386947412646,130.0
Lebanon,Middle East,Middle,Low,2026-03-16,3.786,3.8300332137453807,130.0
Lebanon,Middle East,Middle,Low,2026-03-23,3.799,3.785330953251275,130.0
Lebanon,Middle East,Middle,Low,2026-03-30,3.785,3.798330953251275,130.0
Lebanon,Middle East,Middle,Low,2026-04-06,3.796,3.784330953251275,130.0
Libya,Africa,Low,Very High,2025-01-20,0.05,0.03444754162389897,122.38
Libya,Africa,Low,Very High,2025-01-27,0.093,0.04872394092160773,120.18
Libya,Africa,Low,Very High,2025-02-03,0.077,0.08077478180036049,119.05
Libya,Africa,Low,Very High,2025-02-10,0.071,0.08495556485302835,120.85
Libya,Africa,Low,Very High,2025-02-17,0.066,0.06305852435019671,120.24
Libya,Africa,Low,Very High,2025-02-24,0.055,0.059729697956522165,119.66
Libya,Africa,Low,Very High,2025-03-03,0.086,0.05694642411138068,119.84
Libya,Africa,Low,Very High,2025-03-10,0.088,0.082080652337171,117.71
Libya,Africa,Low,Very High,2025-03-17,0.052,0.09317233373887145,118.64
Libya,Africa,Low,Very High,2025-03-24,0.086,0.056818010336497,119.96
Libya,Africa,Low,Very High,2025-03-31,0.056,0.0884549812139501,120.22
Libya,Africa,Low,Very High,2025-04-07,0.089,0.06317376775893291,122.0
Libya,Africa,Low,Very High,2025-04-14,0.041,0.08118622067980391,120.21
Libya,Africa,Low,Very High,2025-04-21,0.06,0.050160501855156345,122.22
Libya,Africa,Low,Very High,2025-04-28,0.052,0.04843019878773549,121.14
Libya,Africa,Low,Very High,2025-05-05,0.068,0.041545266951049195,119.41
Libya,Africa,Low,Very High,2025-05-12,0.028,0.06708338750042234,118.92
Libya,Africa,Low,Very High,2025-05-19,0.042,0.0373837138622065,120.97
Libya,Africa,Low,Very High,2025-05-26,0.056,0.04196826583900919,120.74
Libya,Africa,Low,Very High,2025-06-02,0.057,0.040050254142103656,119.42
Libya,Africa,Low,Very High,2025-06-09,0.097,0.04875401569947908,117.67
Libya,Africa,Low,Very High,2025-06-16,0.058,0.09665142034522549,117.34
Libya,Africa,Low,Very High,2025-06-23,0.038,0.053749864091134796,114.75
Libya,Africa,Low,Very High,2025-06-30,0.05,0.029607153402136453,112.99
Libya,Africa,Low,Very High,2025-07-07,0.054,0.05695387528478525,114.64
Libya,Africa,Low,Very High,2025-07-14,0.115,0.05870555066997747,116.03
Libya,Africa,Low,Very High,2025-07-21,0.068,0.11429905200587641,115.68
Libya,Africa,Low,Very High,2025-07-28,0.068,0.06121831249282414,114.92
Libya,Africa,Low,Very High,2025-08-04,0.065,0.06913862204819336,114.79
Libya,Africa,Low,Very High,2025-08-11,0.048,0.06973810020909255,117.41
Libya,Africa,Low,Very High,2025-08-18,0.058,0.050565733554480734,117.69
Libya,Africa,Low,Very High,2025-08-25,0.08,0.06326069426681596,118.58
Libya,Africa,Low,Very High,2025-09-01,0.051,0.07893652520307973,118.14
Libya,Africa,Low,Very High,2025-09-08,0.037,0.05333650269846682,118.01
Libya,Africa,Low,Very High,2025-09-15,0.039,0.04115949347189296,118.59
Libya,Africa,Low,Very High,2025-09-22,0.041,0.041486994630035995,118.54
Libya,Africa,Low,Very High,2025-09-29,0.085,0.03984577678152304,116.06
Libya,Africa,Low,Very High,2025-10-06,0.058,0.089818010336497,117.4
Libya,Africa,Low,Very High,2025-10-13,0.023,0.04609330113194544,116.46
Libya,Africa,Low,Very High,2025-10-20,0.064,0.0279498329639127,118.8
Libya,Africa,Low,Very High,2025-10-27,0.078,0.06815949347189296,119.42
Libya,Africa,Low,Very High,2025-11-03,0.014,0.08033650269846683,119.31
Libya,Africa,Low,Very High,2025-11-10,0.108,0.016825055518342874,119.63
Libya,Africa,Low,Very High,2025-11-17,0.064,0.10728134604083271,119.3
Libya,Africa,Low,Very High,2025-11-24,0.102,0.05307072655543996,118.52
Libya,Africa,Low,Very High,2025-12-01,0.115,0.1047028203675269,118.57
Libya,Africa,Low,Very High,2025-12-08,0.068,0.12001524801966398,119.43
Libya,Africa,Low,Very High,2025-12-15,0.033,0.06079060617428728,118.67
Libya,Africa,Low,Very High,2025-12-22,0.074,0.021240163429288056,117.73
Libya,Africa,Low,Very High,2025-12-29,0.035,0.06780604766622969,117.1
Libya,Africa,Low,Very High,2026-01-05,0.023,0.04002547144152884,118.04
Libya,Africa,Low,Very High,2026-01-12,0.074,0.027978068801298623,119.58
Libya,Africa,Low,Very High,2026-01-19,0.081,0.0764549812139501,119.82
Libya,Africa,Low,Very High,2026-01-26,0.073,0.08497910522695332,120.32
Libya,Africa,Low,Very High,2026-02-02,0.078,0.0610169514222379,119.36
Libya,Africa,Low,Very High,2026-02-09,0.028,0.0831621103170066,120.21
Libya,Africa,Low,Very High,2026-02-16,0.059,0.0318322429296107,120.67
Libya,Africa,Low,Very High,2026-02-23,0.072,0.04582601542819525,119.62
Libya,Africa,Low,Very High,2026-03-02,0.079,0.06338762633655362,124.85
Libya,Africa,Low,Very High,2026-03-09,0.054,0.07001187363335754,130.0
Libya,Africa,Low,Very High,2026-03-16,0.08,0.05719267997504402,130.0
Libya,Africa,Low,Very High,2026-03-23,0.067,0.08280018744604523,130.0
Libya,Africa,Low,Very High,2026-03-30,0.06,0.06980018744604523,130.0
Libya,Africa,Low,Very High,2026-04-06,0.061,0.06280018744604522,130.0
Malaysia,Asia,Middle,High,2025-01-20,0.683,0.6729017151058343,122.38
Malaysia,Asia,Middle,High,2025-01-27,0.652,0.6672557034510848,120.18
Malaysia,Asia,Middle,High,2025-02-03,0.675,0.6407427323785843,119.05
Malaysia,Asia,Middle,High,2025-02-10,0.653,0.6890551049584609,120.85
Malaysia,Asia,Middle,High,2025-02-17,0.639,0.6468973845352185,120.24
Malaysia,Asia,Middle,High,2025-02-24,0.614,0.6336381920815277,119.66
Malaysia,Asia,Middle,High,2025-03-03,0.623,0.6148947059736359,119.84
Malaysia,Asia,Middle,High,2025-03-10,0.636,0.6059500270199664,117.71
Malaysia,Asia,Middle,High,2025-03-17,0.618,0.6416785279280839,118.64
Malaysia,Asia,Middle,High,2025-03-24,0.666,0.6279224386583315,119.96
Malaysia,Asia,Middle,High,2025-03-31,0.657,0.6678622256977443,120.22
Malaysia,Asia,Middle,High,2025-04-07,0.659,0.6702733078643655,122.0
Malaysia,Asia,Middle,High,2025-04-14,0.648,0.6466696808230021,120.21
Malaysia,Asia,Middle,High,2025-04-21,0.64,0.6647175262151951,122.22
Malaysia,Asia,Middle,High,2025-04-28,0.665,0.6305109668024611,121.14
Malaysia,Asia,Middle,High,2025-05-05,0.621,0.650160638852816,119.41
Malaysia,Asia,Middle,High,2025-05-12,0.602,0.620991881625428,118.92
Malaysia,Asia,Middle,High,2025-05-19,0.648,0.6189407382222453,120.97
Malaysia,Asia,Middle,High,2025-05-26,0.644,0.6450935667673786,120.74
Malaysia,Asia,Middle,High,2025-06-02,0.646,0.6297363020633032,119.42
Malaysia,Asia,Middle,High,2025-06-09,0.647,0.6321246584061754,117.67
Malaysia,Asia,Middle,High,2025-06-16,0.633,0.646991881625428,117.34
Malaysia,Asia,Middle,High,2025-06-23,0.622,0.6089684740726772,114.75
Malaysia,Asia,Middle,High,2025-06-30,0.592,0.6079777961088327,112.99
Malaysia,Asia,Middle,High,2025-07-07,0.642,0.6050534153902177,114.64
Malaysia,Asia,Middle,High,2025-07-14,0.59,0.651883404943585,116.03
Malaysia,Asia,Middle,High,2025-07-21,0.623,0.5897129392378517,115.68
Malaysia,Asia,Middle,High,2025-07-28,0.626,0.6178540896081961,114.92
Malaysia,Asia,Middle,High,2025-08-04,0.608,0.6250152080714423,114.79
Malaysia,Asia,Middle,High,2025-08-11,0.622,0.6254267041223871,117.41
Malaysia,Asia,Middle,High,2025-08-18,0.607,0.6240464039900478,117.69
Malaysia,Asia,Middle,High,2025-08-25,0.633,0.6134347149931766,118.58
Malaysia,Asia,Middle,High,2025-09-01,0.668,0.6328450193280853,118.14
Malaysia,Asia,Middle,High,2025-09-08,0.628,0.6676247955237997,118.01
Malaysia,Asia,Middle,High,2025-09-15,0.628,0.6326657955665215,118.59
Malaysia,Asia,Middle,High,2025-09-22,0.639,0.6283455159207669,118.54
Malaysia,Asia,Middle,High,2025-09-29,0.628,0.6221911977151926,116.06
Malaysia,Asia,Middle,High,2025-10-06,0.589,0.6379224386583315,117.4
Malaysia,Asia,Middle,High,2025-10-13,0.59,0.5780612517101691,116.46
Malaysia,Asia,Middle,High,2025-10-20,0.615,0.608546334436381,118.8
Malaysia,Asia,Middle,High,2025-10-27,0.632,0.6196657955665215,119.42
Malaysia,Asia,Middle,High,2025-11-03,0.674,0.6316247955237997,119.31
Malaysia,Asia,Middle,High,2025-11-10,0.627,0.6762323000021371,119.63
Malaysia,Asia,Middle,High,2025-11-17,0.655,0.6266218073210351,119.3
Malaysia,Asia,Middle,High,2025-11-24,0.602,0.6450386771336637,118.52
Malaysia,Asia,Middle,High,2025-12-01,0.646,0.6031070369402558,118.57
Malaysia,Asia,Middle,High,2025-12-08,0.621,0.6510101720537647,119.43
Malaysia,Asia,Middle,High,2025-12-15,0.633,0.614758556752511,118.67
Malaysia,Asia,Middle,High,2025-12-22,0.616,0.6222081140075117,117.73
Malaysia,Asia,Middle,High,2025-12-29,0.615,0.6107145417912353,117.1
Malaysia,Asia,Middle,High,2026-01-05,0.636,0.6205316656307412,118.04
Malaysia,Asia,Middle,High,2026-01-12,0.642,0.6471911043161417,119.58
Malaysia,Asia,Middle,High,2026-01-19,0.635,0.6438622256977443,119.82
Malaysia,Asia,Middle,High,2026-01-26,0.641,0.6388192345817874,120.32
Malaysia,Asia,Middle,High,2026-02-02,0.648,0.6299849020004616,119.36
Malaysia,Asia,Middle,High,2026-02-09,0.647,0.6531570343511073,120.21
Malaysia,Asia,Middle,High,2026-02-16,0.657,0.6506723722844447,120.67
Malaysia,Asia,Middle,High,2026-02-23,0.689,0.6451559627679578,119.62
Malaysia,Asia,Middle,High,2026-03-02,0.69,0.7275642784187235,124.85
Malaysia,Asia,Middle,High,2026-03-09,0.711,0.7282534680572313,130.0
Malaysia,Asia,Middle,High,2026-03-16,0.688,0.7116375250044947,130.0
Malaysia,Asia,Middle,High,2026-03-23,0.703,0.6884003140619186,130.0
Malaysia,Asia,Middle,High,2026-03-30,0.703,0.7034003140619187,130.0
Malaysia,Asia,Middle,High,2026-04-06,0.681,0.7034003140619187,130.0
Mexico,North America,Middle,High,2025-01-20,1.137,1.115158684647815,122.38
Mexico,North America,Middle,High,2025-01-27,1.107,1.1205564198068834,120.18
Mexico,North America,Middle,High,2025-02-03,1.102,1.0959997019205647,119.05
Mexico,North America,Middle,High,2025-02-10,1.1,1.1149259104480767,120.85
Mexico,North America,Middle,High,2025-02-17,1.067,1.093223988017183,120.24
Mexico,North America,Middle,High,2025-02-24,1.135,1.0618951616235082,119.66
Mexico,North America,Middle,High,2025-03-03,1.134,1.1354157628618466,119.84
Mexico,North America,Middle,High,2025-03-10,1.078,1.1169500270199664,117.71
Mexico,North America,Middle,High,2025-03-17,1.105,1.0826509914490514,118.64
Mexico,North America,Middle,High,2025-03-24,1.117,1.1138414420334948,119.96
Mexico,North America,Middle,High,2025-03-31,1.1,1.118383282585955,120.22
Mexico,North America,Middle,High,2025-04-07,1.133,1.1121441133539811,122.0
Mexico,North America,Middle,High,2025-04-14,1.089,1.1206696808230021,120.21
Mexico,North America,Middle,High,2025-04-21,1.121,1.1039080765231688,122.22
Mexico,North America,Middle,High,2025-04-28,1.113,1.1117679363444417,121.14
Mexico,North America,Middle,High,2025-05-05,1.084,1.0972302727927998,119.41
Mexico,North America,Middle,High,2025-05-12,1.11,1.0842488511674087,118.92
Mexico,North America,Middle,High,2025-05-19,1.112,1.1251312885302192,120.97
Mexico,North America,Middle,High,2025-05-26,1.139,1.108420170249343,120.74
Mexico,North America,Middle,High,2025-06-02,1.093,1.1240629055452676,119.42
Mexico,North America,Middle,High,2025-06-09,1.087,1.0791246584061753,117.67
Mexico,North America,Middle,High,2025-06-16,1.116,1.0872488511674085,117.34
Mexico,North America,Middle,High,2025-06-23,1.052,1.091138605031173,114.75
Mexico,North America,Middle,High,2025-06-30,1.052,1.0379777961088328,112.99
Mexico,North America,Middle,High,2025-07-07,1.09,1.0639242208798334,114.64
Mexico,North America,Middle,High,2025-07-14,1.07,1.0988024083187482,116.03
Mexico,North America,Middle,High,2025-07-21,1.067,1.0699699087798324,115.68
Mexico,North America,Middle,High,2025-07-28,1.093,1.0621110591501766,114.92
Mexico,North America,Middle,High,2025-08-04,1.082,1.0922721776134228,114.79
Mexico,North America,Middle,High,2025-08-11,1.089,1.0996287723515592,117.41
Mexico,North America,Middle,High,2025-08-18,1.1,1.0905674608782585,117.69
Mexico,North America,Middle,High,2025-08-25,1.085,1.1054071785141442,118.58
Mexico,North America,Middle,High,2025-09-01,1.118,1.085101988870066,118.14
Mexico,North America,Middle,High,2025-09-08,1.078,1.1178817650657804,118.01
Mexico,North America,Middle,High,2025-09-15,1.13,1.081638259087489,118.59
Mexico,North America,Middle,High,2025-09-22,1.097,1.1306024854627474,118.54
Mexico,North America,Middle,High,2025-09-29,1.09,1.079226022869164,116.06
Mexico,North America,Middle,High,2025-10-06,1.1,1.0988414420334949,117.4
Mexico,North America,Middle,High,2025-10-13,1.101,1.0893182212521497,116.46
Mexico,North America,Middle,High,2025-10-20,1.061,1.1177368847443547,118.8
Mexico,North America,Middle,High,2025-10-27,1.108,1.0646382590874888,119.42
Mexico,North America,Middle,High,2025-11-03,1.07,1.1078817650657804,119.31
Mexico,North America,Middle,High,2025-11-10,1.104,1.0717533568903477,119.63
Mexico,North America,Middle,High,2025-11-17,1.079,1.1038787768630158,119.3
Mexico,North America,Middle,High,2025-11-24,1.132,1.0692956466756443,118.52
Mexico,North America,Middle,High,2025-12-01,1.109,1.1333640064822363,118.57
Mexico,North America,Middle,High,2025-12-08,1.122,1.112982635574732,119.43
Mexico,North America,Middle,High,2025-12-15,1.09,1.1160155262944917,118.67
Mexico,North America,Middle,High,2025-12-22,1.113,1.0794650835494923,117.73
Mexico,North America,Middle,High,2025-12-29,1.084,1.1079715113332158,117.1
Mexico,North America,Middle,High,2026-01-05,1.099,1.0885041291517088,118.04
Mexico,North America,Middle,High,2026-01-12,1.064,1.1090619098057573,119.58
Mexico,North America,Middle,High,2026-01-19,1.109,1.065383282585955,119.82
Mexico,North America,Middle,High,2026-01-26,1.121,1.111791698102755,120.32
Mexico,North America,Middle,High,2026-02-02,1.099,1.1102418715424422,119.36
Mexico,North America,Middle,High,2026-02-09,1.111,1.1031294978720747,120.21
Mexico,North America,Middle,High,2026-02-16,1.111,1.1136448358054123,120.67
Mexico,North America,Middle,High,2026-02-23,1.154,1.0990509355483995,119.62
Mexico,North America,Middle,High,2026-03-02,1.122,1.1941053194876532,124.85
Mexico,North America,Middle,High,2026-03-09,1.233,1.1617945091261612,130.0
Mexico,North America,Middle,High,2026-03-16,1.188,1.2338944945464754,130.0
Mexico,North America,Middle,High,2026-03-23,1.191,1.1886572836038993,130.0
Mexico,North America,Middle,High,2026-03-30,1.191,1.1916572836038994,130.0
Mexico,North America,Middle,High,2026-04-06,1.196,1.1916572836038994,130.0
Morocco,Africa,Middle,Medium,2025-01-20,1.939,1.9390374923776506,122.38
Morocco,Africa,Middle,Medium,2025-01-27,1.913,1.9089602285031577,120.18
Morocco,Africa,Middle,Medium,2025-02-03,1.928,1.8954380978453231,119.05
Morocco,Africa,Middle,Medium,2025-02-10,1.936,1.9549128303293346,120.85
Morocco,Africa,Middle,Medium,2025-02-17,1.907,1.9231622522002367,120.24
Morocco,Africa,Middle,Medium,2025-02-24,1.909,1.8958334258065623,119.66
Morocco,Africa,Middle,Medium,2025-03-03,1.906,1.9106120965509106,119.84
Morocco,Africa,Middle,Medium,2025-03-10,1.853,1.8776413311349733,117.71
Morocco,Africa,Middle,Medium,2025-03-17,1.899,1.8678587281624461,118.64
Morocco,Africa,Middle,Medium,2025-03-24,1.89,1.919042268517533,119.96
Morocco,Africa,Middle,Medium,2025-03-31,1.898,1.8936518014790606,120.22
Morocco,Africa,Middle,Medium,2025-04-07,1.935,1.924131033235239,122.0
Morocco,Africa,Middle,Medium,2025-04-14,1.923,1.9125780659076397,120.21
Morocco,Africa,Middle,Medium,2025-04-21,1.943,1.952876791221331,122.22
Morocco,Africa,Middle,Medium,2025-04-28,1.916,1.9272063322692001,121.14
Morocco,Africa,Middle,Medium,2025-05-05,1.921,1.8901386578774373,119.41
Morocco,Africa,Middle,Medium,2025-05-12,1.892,1.9151871153504625,118.92
Morocco,Africa,Middle,Medium,2025-05-19,1.909,1.922100003228381,120.97
Morocco,Africa,Middle,Medium,2025-05-26,1.944,1.9044139263336373,120.74
Morocco,Africa,Middle,Medium,2025-06-02,1.881,1.9220239745235284,119.42
Morocco,Africa,Middle,Medium,2025-06-09,1.853,1.8570330434908129,117.67
Morocco,Africa,Middle,Medium,2025-06-16,1.862,1.8477551481952654,117.34
Morocco,Africa,Middle,Medium,2025-06-23,1.813,1.8211433633431562,114.75
Morocco,Africa,Middle,Medium,2025-06-30,1.794,1.7888861811934702,112.99
Morocco,Africa,Middle,Medium,2025-07-07,1.84,1.8199111407610915,114.64
Morocco,Africa,Middle,Medium,2025-07-14,1.851,1.8600032348027864,116.03
Morocco,Africa,Middle,Medium,2025-07-21,1.863,1.8454762058076895,115.68
Morocco,Africa,Middle,Medium,2025-07-28,1.83,1.851395466294637,114.92
Morocco,Africa,Middle,Medium,2025-08-04,1.791,1.8290080839697065,114.79
Morocco,Africa,Middle,Medium,2025-08-11,1.848,1.825760730045877,117.41
Morocco,Africa,Middle,Medium,2025-08-18,1.868,1.8518359797713644,117.69
Morocco,Africa,Middle,Medium,2025-08-25,1.863,1.8830205146421637,118.58
Morocco,Africa,Middle,Medium,2025-09-01,1.908,1.8570402530531198,118.14
Morocco,Africa,Middle,Medium,2025-09-08,1.887,1.9072443821051048,118.01
Morocco,Africa,Middle,Medium,2025-09-15,1.873,1.8981395477566803,118.59
Morocco,Africa,Middle,Medium,2025-09-22,1.858,1.8737348913372067,118.54
Morocco,Africa,Middle,Medium,2025-09-29,1.84,1.8268957227672655,116.06
Morocco,Africa,Middle,Medium,2025-10-06,1.853,1.860042268517533,117.4
Morocco,Africa,Middle,Medium,2025-10-13,1.833,1.835756617176908,116.46
Morocco,Africa,Middle,Medium,2025-10-20,1.868,1.8649336540786887,118.8
Morocco,Africa,Middle,Medium,2025-10-27,1.866,1.8791395477566804,119.42
Morocco,Africa,Middle,Medium,2025-11-03,1.87,1.865244382105105,119.31
Morocco,Africa,Middle,Medium,2025-11-10,1.87,1.8740218757834535,119.63
Morocco,Africa,Middle,Medium,2025-11-17,1.914,1.864385073890873,119.3
Morocco,Africa,Middle,Medium,2025-11-24,1.863,1.89817445440548,118.52
Morocco,Africa,Middle,Medium,2025-12-01,1.886,1.8644964123566956,118.57
Morocco,Africa,Middle,Medium,2025-12-08,1.901,1.8996050549365553,119.43
Morocco,Africa,Middle,Medium,2025-12-15,1.891,1.8888943340243274,118.67
Morocco,Africa,Middle,Medium,2025-12-22,1.832,1.8739034794742506,117.73
Morocco,Africa,Middle,Medium,2025-12-29,1.897,1.8209097755162698,117.1
Morocco,Africa,Middle,Medium,2026-01-05,1.856,1.9117118658651036,118.04
Morocco,Africa,Middle,Medium,2026-01-12,1.923,1.8796171278328042,119.58
Morocco,Africa,Middle,Medium,2026-01-19,1.949,1.9266518014790608,119.82
Morocco,Africa,Middle,Medium,2026-01-26,1.867,1.958102629449797,120.32
Morocco,Africa,Middle,Medium,2026-02-02,1.852,1.8496802674672006,119.36
Morocco,Africa,Middle,Medium,2026-02-09,1.927,1.865751917233898,120.21
Morocco,Africa,Middle,Medium,2026-02-16,1.882,1.9359557671524543,120.67
Morocco,Africa,Middle,Medium,2026-02-23,1.901,1.8634893314731578,119.62
Morocco,Africa,Middle,Medium,2026-03-02,1.97,1.9620081859341238,124.85
Morocco,Africa,Middle,Medium,2026-03-09,2.067,2.0304380907898563,130.0
Morocco,Africa,Middle,Medium,2026-03-16,2.079,2.0678432674161025,130.0
Morocco,Africa,Middle,Medium,2026-03-23,2.068,2.080018899219901,130.0
Morocco,Africa,Middle,Medium,2026-03-30,2.045,2.069018899219901,130.0
Morocco,Africa,Middle,Medium,2026-04-06,2.056,2.046018899219901,130.0
Mozambique,Africa,Low,Low,2025-01-20,2.795,2.792483009900575,122.38
Mozambique,Africa,Low,Low,2025-01-27,2.724,2.7449942999935546,120.18
Mozambique,Africa,Low,Low,2025-02-03,2.696,2.697302273198925,119.05
Mozambique,Africa,Low,Low,2025-02-10,2.712,2.733809630333086,120.85
Mozambique,Africa,Low,Low,2025-02-17,2.735,2.699093992626873,120.24
Mozambique,Africa,Low,Low,2025-02-24,2.724,2.723765166233198,119.66
Mozambique,Africa,Low,Low,2025-03-03,2.711,2.726008560489774,119.84
Mozambique,Africa,Low,Low,2025-03-10,2.656,2.6618416487197805,117.71
Mozambique,Africa,Low,Low,2025-03-17,2.698,2.6786070335363545,118.64
Mozambique,Africa,Low,Low,2025-03-24,2.737,2.731279589053093,119.96
Mozambique,Africa,Low,Low,2025-03-31,2.719,2.741874434431044,120.22
Mozambique,Africa,Low,Low,2025-04-07,2.754,2.7560278332389903,122.0
Mozambique,Africa,Low,Low,2025-04-14,2.738,2.708353370895496,120.21
Mozambique,Africa,Low,Low,2025-04-21,2.748,2.7852077918877343,122.22
Mozambique,Africa,Low,Low,2025-04-28,2.725,2.7219576901863003,121.14
Mozambique,Africa,Low,Low,2025-05-05,2.693,2.6770267803017953,119.41
Mozambique,Africa,Low,Low,2025-05-12,2.693,2.687118855777099,118.92
Mozambique,Africa,Low,Low,2025-05-19,2.741,2.7404310038947846,120.97
Mozambique,Africa,Low,Low,2025-05-26,2.748,2.7360037341156858,120.74
Mozambique,Africa,Low,Low,2025-06-02,2.673,2.7094967086992976,119.42
Mozambique,Africa,Low,Low,2025-06-09,2.66,2.626921165915171,117.67
Mozambique,Africa,Low,Low,2025-06-16,2.658,2.6546868886219017,117.34
Mozambique,Africa,Low,Low,2025-06-23,2.585,2.5952292350404793,114.75
Mozambique,Africa,Low,Low,2025-06-30,2.56,2.5387743036178283,112.99
Mozambique,Africa,Low,Low,2025-07-07,2.602,2.5968079407648426,114.64
Mozambique,Africa,Low,Low,2025-07-14,2.622,2.6352405553383464,116.03
Mozambique,Africa,Low,Low,2025-07-21,2.63,2.6164079462343253,115.68
Mozambique,Africa,Low,Low,2025-07-28,2.628,2.6183272067212733,114.92
Mozambique,Africa,Low,Low,2025-08-04,2.586,2.6253408742336224,114.79
Mozambique,Africa,Low,Low,2025-08-11,2.689,2.646671856371846,117.41
Mozambique,Africa,Low,Low,2025-08-18,2.652,2.6940586127233477,117.69
Mozambique,Africa,Low,Low,2025-08-25,2.684,2.674768820016072,118.58
Mozambique,Africa,Low,Low,2025-09-01,2.651,2.677971993479756,118.14
Mozambique,Africa,Low,Low,2025-09-08,2.651,2.6494653289321226,118.01
Mozambique,Africa,Low,Low,2025-09-15,2.68,2.666902651835529,118.59
Mozambique,Africa,Low,Low,2025-09-22,2.741,2.67918604932909,118.54
Mozambique,Africa,Low,Low,2025-09-29,2.624,2.6904160171613745,116.06
Mozambique,Africa,Low,Low,2025-10-06,2.667,2.6572795890530934,117.4
Mozambique,Africa,Low,Low,2025-10-13,2.639,2.643872451199864,116.46
Mozambique,Africa,Low,Low,2025-10-20,2.701,2.690708572775063,118.8
Mozambique,Africa,Low,Low,2025-10-27,2.685,2.7169026518355293,119.42
Mozambique,Africa,Low,Low,2025-11-03,2.672,2.683465328932123,119.31
Mozambique,Africa,Low,Low,2025-11-10,2.707,2.677244508735437,119.63
Mozambique,Africa,Low,Low,2025-11-17,2.703,2.701316814317509,119.3
Mozambique,Africa,Low,Low,2025-11-24,2.701,2.6844903231306247,118.52
Mozambique,Africa,Low,Low,2025-12-01,2.669,2.700947570348579,118.57
Mozambique,Africa,Low,Low,2025-12-08,2.678,2.6894196555759464,119.43
Mozambique,Africa,Low,Low,2025-12-15,2.703,2.6658260744509636,118.67
Mozambique,Africa,Low,Low,2025-12-22,2.609,2.6800193134972066,117.73
Mozambique,Africa,Low,Low,2025-12-29,2.653,2.597841515942906,117.1
Mozambique,Africa,Low,Low,2026-01-05,2.641,2.675460171239012,118.04
Mozambique,Africa,Low,Low,2026-01-12,2.665,2.6769349875483313,119.58
Mozambique,Africa,Low,Low,2026-01-19,2.699,2.669874434431044,119.82
Mozambique,Africa,Low,Low,2026-01-26,2.722,2.7117288720979555,120.32
Mozambique,Africa,Low,Low,2026-02-02,2.745,2.6987961014901565,119.36
Mozambique,Africa,Low,Low,2026-02-09,2.693,2.765566517873289,120.21
Mozambique,Africa,Low,Low,2026-02-16,2.71,2.705582009800613,120.67
Mozambique,Africa,Low,Low,2026-02-23,2.689,2.6823535068267597,119.62
Mozambique,Africa,Low,Low,2026-03-02,2.828,2.7856736399137487,124.85
Mozambique,Africa,Low,Low,2026-03-09,2.977,2.9242978872105523,130.0
Mozambique,Africa,Low,Low,2026-03-16,2.931,2.976986177857993,130.0
Mozambique,Africa,Low,Low,2026-03-23,2.958,2.9307484993116937,130.0
Mozambique,Africa,Low,Low,2026-03-30,2.945,2.957748499311694,130.0
Mozambique,Africa,Low,Low,2026-04-06,2.992,2.9447484993116935,130.0
Myanmar,Asia,Low,High,2025-01-20,0.896,0.8663253864210897,122.38
Myanmar,Asia,Low,High,2025-01-27,0.867,0.8808446072138872,120.18
Myanmar,Asia,Low,High,2025-02-03,0.84,0.8556526265975511,119.05
Myanmar,Asia,Low,High,2025-02-10,0.866,0.8539649991774277,120.85
Myanmar,Asia,Low,High,2025-02-17,0.84,0.8598072787541855,120.24
Myanmar,Asia,Low,High,2025-02-24,0.859,0.8345480863004947,119.66
Myanmar,Asia,Low,High,2025-03-03,0.859,0.8598046001926029,119.84
Myanmar,Asia,Low,High,2025-03-10,0.825,0.8430251536864806,117.71
Myanmar,Asia,Low,High,2025-03-17,0.858,0.8305884221470509,118.64
Myanmar,Asia,Low,High,2025-03-24,0.844,0.8678323328772984,119.96
Myanmar,Asia,Low,High,2025-03-31,0.837,0.8457721199167112,120.22
Myanmar,Asia,Low,High,2025-04-07,0.864,0.8501832020833323,122.0
Myanmar,Asia,Low,High,2025-04-14,0.867,0.8505568633865003,120.21
Myanmar,Asia,Low,High,2025-04-21,0.888,0.8836274204341621,122.22
Myanmar,Asia,Low,High,2025-04-28,0.874,0.8773080435849262,121.14
Myanmar,Asia,Low,High,2025-05-05,0.834,0.859160638852816,119.41
Myanmar,Asia,Low,High,2025-05-12,0.853,0.8339017758443948,118.92
Myanmar,Asia,Low,High,2025-05-19,0.883,0.8698506324412122,120.97
Myanmar,Asia,Low,High,2025-05-26,0.854,0.8800034609863456,120.74
Myanmar,Asia,Low,High,2025-06-02,0.825,0.8397363020633032,119.42
Myanmar,Asia,Low,High,2025-06-09,0.822,0.8111246584061753,117.67
Myanmar,Asia,Low,High,2025-06-16,0.829,0.8219017758443948,117.34
Myanmar,Asia,Low,High,2025-06-23,0.807,0.8060436007391912,114.75
Myanmar,Asia,Low,High,2025-06-30,0.787,0.7929777961088328,112.99
Myanmar,Asia,Low,High,2025-07-07,0.818,0.7999633096091847,114.64
Myanmar,Asia,Low,High,2025-07-14,0.815,0.8277932991625518,116.03
Myanmar,Asia,Low,High,2025-07-21,0.832,0.8146228334568186,115.68
Myanmar,Asia,Low,High,2025-07-28,0.811,0.826763983827163,114.92
Myanmar,Asia,Low,High,2025-08-04,0.826,0.8090369457273072,114.79
Myanmar,Asia,Low,High,2025-08-11,0.815,0.8435853743883783,117.41
Myanmar,Asia,Low,High,2025-08-18,0.842,0.8169562982090147,117.69
Myanmar,Asia,Low,High,2025-08-25,0.845,0.8483446092121436,118.58
Myanmar,Asia,Low,High,2025-09-01,0.848,0.8447549135470522,118.14
Myanmar,Asia,Low,High,2025-09-08,0.843,0.8475346897427666,118.01
Myanmar,Asia,Low,High,2025-09-15,0.837,0.8475756897854884,118.59
Myanmar,Asia,Low,High,2025-09-22,0.811,0.8372554101397338,118.54
Myanmar,Asia,Low,High,2025-09-29,0.86,0.7952663243817069,116.06
Myanmar,Asia,Low,High,2025-10-06,0.836,0.8698323328772984,117.4
Myanmar,Asia,Low,High,2025-10-13,0.829,0.824971145929136,116.46
Myanmar,Asia,Low,High,2025-10-20,0.879,0.8465680720922458,118.8
Myanmar,Asia,Low,High,2025-10-27,0.853,0.8835756897854884,119.42
Myanmar,Asia,Low,High,2025-11-03,0.886,0.8525346897427666,119.31
Myanmar,Asia,Low,High,2025-11-10,0.877,0.8881421942211041,119.63
Myanmar,Asia,Low,High,2025-11-17,0.841,0.8765317015400022,119.3
Myanmar,Asia,Low,High,2025-11-24,0.864,0.8309485713526306,118.52
Myanmar,Asia,Low,High,2025-12-01,0.879,0.8650169311592227,118.57
Myanmar,Asia,Low,High,2025-12-08,0.855,0.8839200662727316,119.43
Myanmar,Asia,Low,High,2025-12-15,0.838,0.8486684509714779,118.67
Myanmar,Asia,Low,High,2025-12-22,0.832,0.8271180082264786,117.73
Myanmar,Asia,Low,High,2025-12-29,0.792,0.8266244360102022,117.1
Myanmar,Asia,Low,High,2026-01-05,0.839,0.7974415598497083,118.04
Myanmar,Asia,Low,High,2026-01-12,0.827,0.8501009985351086,119.58
Myanmar,Asia,Low,High,2026-01-19,0.901,0.8287721199167112,119.82
Myanmar,Asia,Low,High,2026-01-26,0.88,0.9047291288007544,120.32
Myanmar,Asia,Low,High,2026-02-02,0.853,0.8688947962194286,119.36
Myanmar,Asia,Low,High,2026-02-09,0.839,0.8580669285700742,120.21
Myanmar,Asia,Low,High,2026-02-16,0.849,0.8425822665034117,120.67
Myanmar,Asia,Low,High,2026-02-23,0.832,0.8370658569869247,119.62
Myanmar,Asia,Low,High,2026-03-02,0.885,0.8664189905113071,124.85
Myanmar,Asia,Low,High,2026-03-09,0.906,0.9193025225908861,130.0
Myanmar,Asia,Low,High,2026-03-16,0.896,0.9072391716734695,130.0
Myanmar,Asia,Low,High,2026-03-23,0.87,0.8964665426787002,130.0
Myanmar,Asia,Low,High,2026-03-30,0.917,0.8704665426787002,130.0
Myanmar,Asia,Low,High,2026-04-06,0.921,0.9174665426787002,130.0
Namibia,Africa,Middle,Low,2025-01-20,2.716,2.71105933858532,122.38
Namibia,Africa,Middle,Low,2025-01-27,2.673,2.665797658869662,120.18
Namibia,Africa,Middle,Low,2025-02-03,2.63,2.646392378979958,119.05
Namibia,Africa,Middle,Low,2025-02-10,2.681,2.667899736114119,120.85
Namibia,Africa,Middle,Low,2025-02-17,2.709,2.668184098407906,120.24
Namibia,Africa,Middle,Low,2025-02-24,2.664,2.6978552720142317,119.66
Namibia,Africa,Middle,Low,2025-03-03,2.648,2.666098666270807,119.84
Namibia,Africa,Middle,Low,2025-03-10,2.551,2.5981587846921763,117.71
Namibia,Africa,Middle,Low,2025-03-17,2.63,2.5736971393173875,118.64
Namibia,Africa,Middle,Low,2025-03-24,2.668,2.663369694834126,119.96
Namibia,Africa,Middle,Low,2025-03-31,2.686,2.672964540212077,120.22
Namibia,Africa,Middle,Low,2025-04-07,2.705,2.7231179390200233,122.0
Namibia,Africa,Middle,Low,2025-04-14,2.655,2.660466188331998,120.21
Namibia,Africa,Middle,Low,2025-04-21,2.669,2.702297897668767,122.22
Namibia,Africa,Middle,Low,2025-04-28,2.649,2.644160613403835,121.14
Namibia,Africa,Middle,Low,2025-05-05,2.614,2.6010267803017952,119.41
Namibia,Africa,Middle,Low,2025-05-12,2.616,2.6082089615581316,118.92
Namibia,Africa,Middle,Low,2025-05-19,2.688,2.6635211096758176,120.97
Namibia,Africa,Middle,Low,2025-05-26,2.659,2.683093839896719,120.74
Namibia,Africa,Middle,Low,2025-06-02,2.672,2.620496708699297,119.42
Namibia,Africa,Middle,Low,2025-06-09,2.593,2.6259211659151713,117.67
Namibia,Africa,Middle,Low,2025-06-16,2.58,2.587776994402935,117.34
Namibia,Africa,Middle,Low,2025-06-23,2.517,2.5165463710128746,114.75
Namibia,Africa,Middle,Low,2025-06-30,2.514,2.4707743036178282,112.99
Namibia,Africa,Middle,Low,2025-07-07,2.561,2.5508980465458753,114.64
Namibia,Africa,Middle,Low,2025-07-14,2.583,2.59433066111938,116.03
Namibia,Africa,Middle,Low,2025-07-21,2.562,2.577498052015359,115.68
Namibia,Africa,Middle,Low,2025-07-28,2.561,2.550417312502306,114.92
Namibia,Africa,Middle,Low,2025-08-04,2.556,2.559319136577757,114.79
Namibia,Africa,Middle,Low,2025-08-11,2.622,2.618622547708598,117.41
Namibia,Africa,Middle,Low,2025-08-18,2.599,2.6271487185043805,117.69
Namibia,Africa,Middle,Low,2025-08-25,2.626,2.621858925797105,118.58
Namibia,Africa,Middle,Low,2025-09-01,2.621,2.620062099260789,118.14
Namibia,Africa,Middle,Low,2025-09-08,2.652,2.6195554347131558,118.01
Namibia,Africa,Middle,Low,2025-09-15,2.645,2.6679927576165623,118.59
Namibia,Africa,Middle,Low,2025-09-22,2.609,2.644276155110123,118.54
Namibia,Africa,Middle,Low,2025-09-29,2.57,2.5577331531337695,116.06
Namibia,Africa,Middle,Low,2025-10-06,2.577,2.603369694834126,117.4
Namibia,Africa,Middle,Low,2025-10-13,2.582,2.5539625569808972,116.46
Namibia,Africa,Middle,Low,2025-10-20,2.633,2.634686835119198,118.8
Namibia,Africa,Middle,Low,2025-10-27,2.639,2.648992757616562,119.42
Namibia,Africa,Middle,Low,2025-11-03,2.634,2.6375554347131556,119.31
Namibia,Africa,Middle,Low,2025-11-10,2.626,2.6393346145164696,119.63
Namibia,Africa,Middle,Low,2025-11-17,2.644,2.620406920098542,119.3
Namibia,Africa,Middle,Low,2025-11-24,2.585,2.625580428911658,118.52
Namibia,Africa,Middle,Low,2025-12-01,2.629,2.5850376761296117,118.57
Namibia,Africa,Middle,Low,2025-12-08,2.652,2.6495097613569794,119.43
Namibia,Africa,Middle,Low,2025-12-15,2.606,2.639916180231997,118.67
Namibia,Africa,Middle,Low,2025-12-22,2.589,2.5831094192782396,117.73
Namibia,Africa,Middle,Low,2025-12-29,2.554,2.577931621723939,117.1
Namibia,Africa,Middle,Low,2026-01-05,2.618,2.576550277020045,118.04
Namibia,Africa,Middle,Low,2026-01-12,2.652,2.654025093329364,119.58
Namibia,Africa,Middle,Low,2026-01-19,2.646,2.656964540212077,119.82
Namibia,Africa,Middle,Low,2026-01-26,2.672,2.6588189778789886,120.32
Namibia,Africa,Middle,Low,2026-02-02,2.638,2.6488862072711896,119.36
Namibia,Africa,Middle,Low,2026-02-09,2.689,2.6586566236543216,120.21
Namibia,Africa,Middle,Low,2026-02-16,2.682,2.701672115581646,120.67
Namibia,Africa,Middle,Low,2026-02-23,2.679,2.6544436126077926,119.62
Namibia,Africa,Middle,Low,2026-03-02,2.77,2.7820493339982986,124.85
Namibia,Africa,Middle,Low,2026-03-09,2.849,2.8724792388540314,130.0
Namibia,Africa,Middle,Low,2026-03-16,2.881,2.848384531189019,130.0
Namibia,Africa,Middle,Low,2026-03-23,2.835,2.880682270694912,130.0
Namibia,Africa,Middle,Low,2026-03-30,2.874,2.834682270694912,130.0
Namibia,Africa,Middle,Low,2026-04-06,2.895,2.8736822706949123,130.0
Nepal,Asia,Low,Medium,2025-01-20,1.876,1.821461163692906,122.38
Nepal,Asia,Low,Medium,2025-01-27,1.806,1.8455397030981477,120.18
Nepal,Asia,Low,Medium,2025-02-03,1.801,1.7883479920642902,119.05
Nepal,Asia,Low,Medium,2025-02-10,1.837,1.8279924949456994,120.85
Nepal,Asia,Low,Medium,2025-02-17,1.792,1.82500251247922,120.24
Nepal,Asia,Low,Medium,2025-02-24,1.787,1.7807433200255292,119.66
Nepal,Asia,Low,Medium,2025-03-03,1.772,1.7886917611672755,119.84
Nepal,Asia,Low,Medium,2025-03-10,1.791,1.7437070286336753,117.71
Nepal,Asia,Low,Medium,2025-03-17,1.801,1.8059383927788109,118.64
Nepal,Asia,Low,Medium,2025-03-24,1.815,1.8211219331338977,119.96
Nepal,Asia,Low,Medium,2025-03-31,1.793,1.8187314660954255,120.22
Nepal,Asia,Low,Medium,2025-04-07,1.825,1.8192106978516038,122.0
Nepal,Asia,Low,Medium,2025-04-14,1.854,1.8014652484711378,120.21
Nepal,Asia,Low,Medium,2025-04-21,1.84,1.883956455837696,122.22
Nepal,Asia,Low,Medium,2025-04-28,1.835,1.8230034090516651,121.14
Nepal,Asia,Low,Medium,2025-05-05,1.826,1.8100690239374535,119.41
Nepal,Asia,Low,Medium,2025-05-12,1.809,1.8200970095694293,118.92
Nepal,Asia,Low,Medium,2025-05-19,1.778,1.8391796678447458,120.97
Nepal,Asia,Low,Medium,2025-05-26,1.836,1.7742541866126202,120.74
Nepal,Asia,Low,Medium,2025-06-02,1.811,1.8149543405835447,119.42
Nepal,Asia,Low,Medium,2025-06-09,1.787,1.7870330434908128,117.67
Nepal,Asia,Low,Medium,2025-06-16,1.77,1.7816650424142324,117.34
Nepal,Asia,Low,Medium,2025-06-23,1.719,1.7292090608418582,114.75
Nepal,Asia,Low,Medium,2025-06-30,1.708,1.6948861811934703,112.99
Nepal,Asia,Low,Medium,2025-07-07,1.748,1.7339908053774562,114.64
Nepal,Asia,Low,Medium,2025-07-14,1.731,1.7680828994191513,116.03
Nepal,Asia,Low,Medium,2025-07-21,1.755,1.7253861000266564,115.68
Nepal,Asia,Low,Medium,2025-07-28,1.712,1.743305360513604,114.92
Nepal,Asia,Low,Medium,2025-08-04,1.738,1.7100298216255714,114.79
Nepal,Asia,Low,Medium,2025-08-11,1.8,1.7718776685194928,117.41
Nepal,Asia,Low,Medium,2025-08-18,1.805,1.8039156443877291,117.69
Nepal,Asia,Low,Medium,2025-08-25,1.832,1.8201001792585283,118.58
Nepal,Asia,Low,Medium,2025-09-01,1.793,1.8259501472720867,118.14
Nepal,Asia,Low,Medium,2025-09-08,1.76,1.7921542763240719,118.01
Nepal,Asia,Low,Medium,2025-09-15,1.788,1.7712192123730452,118.59
Nepal,Asia,Low,Medium,2025-09-22,1.773,1.7886447855561738,118.54
Nepal,Asia,Low,Medium,2025-09-29,1.695,1.7419614202659675,116.06
Nepal,Asia,Low,Medium,2025-10-06,1.804,1.7151219331338978,117.4
Nepal,Asia,Low,Medium,2025-10-13,1.785,1.786666511395875,116.46
Nepal,Asia,Low,Medium,2025-10-20,1.783,1.8164859200515933,118.8
Nepal,Asia,Low,Medium,2025-10-27,1.807,1.7942192123730452,119.42
Nepal,Asia,Low,Medium,2025-11-03,1.822,1.8061542763240719,119.31
Nepal,Asia,Low,Medium,2025-11-10,1.832,1.8261015403998184,119.63
Nepal,Asia,Low,Medium,2025-11-17,1.803,1.8262949681098397,119.3
Nepal,Asia,Low,Medium,2025-11-24,1.786,1.787084348624447,118.52
Nepal,Asia,Low,Medium,2025-12-01,1.796,1.7874063065756625,118.57
Nepal,Asia,Low,Medium,2025-12-08,1.794,1.8096847195529202,119.43
Nepal,Asia,Low,Medium,2025-12-15,1.792,1.7818042282432944,118.67
Nepal,Asia,Low,Medium,2025-12-22,1.766,1.7748133736932177,117.73
Nepal,Asia,Low,Medium,2025-12-29,1.756,1.7548196697352367,117.1
Nepal,Asia,Low,Medium,2026-01-05,1.771,1.7707915304814683,118.04
Nepal,Asia,Low,Medium,2026-01-12,1.8,1.7946967924491688,119.58
Nepal,Asia,Low,Medium,2026-01-19,1.799,1.8037314660954256,119.82
Nepal,Asia,Low,Medium,2026-01-26,1.817,1.8081822940661616,120.32
Nepal,Asia,Low,Medium,2026-02-02,1.799,1.7995901616861674,119.36
Nepal,Asia,Low,Medium,2026-02-09,1.834,1.8128315818502627,120.21
Nepal,Asia,Low,Medium,2026-02-16,1.82,1.8430354317688191,120.67
Nepal,Asia,Low,Medium,2026-02-23,1.818,1.8017612224536637,119.62
Nepal,Asia,Low,Medium,2026-03-02,1.881,1.8733211816993036,124.85
Nepal,Asia,Low,Medium,2026-03-09,1.944,1.9356697633304127,130.0
Nepal,Asia,Low,Medium,2026-03-16,1.985,1.9450935966414393,130.0
Nepal,Asia,Low,Medium,2026-03-23,1.979,1.985733810393045,130.0
Nepal,Asia,Low,Medium,2026-03-30,1.973,1.979733810393045,130.0
Nepal,Asia,Low,Medium,2026-04-06,1.976,1.973733810393045,130.0
Netherlands,Europe,High,Low,2025-01-20,5.383,5.348948187727158,122.38
Netherlands,Europe,High,Low,2025-01-27,5.248,5.300953921335731,120.18
Netherlands,Europe,High,Low,2025-02-03,5.179,5.212404316384457,119.05
Netherlands,Europe,High,Low,2025-02-10,5.276,5.240942688671605,120.85
Netherlands,Europe,High,Low,2025-02-17,5.249,5.255233582440999,120.24
Netherlands,Europe,High,Low,2025-02-24,5.268,5.229904756047325,119.66
Netherlands,Europe,High,Low,2025-03-03,5.228,5.272508317651163,119.84
Netherlands,Europe,High,Low,2025-03-10,5.13,5.14857501193194,117.71
Netherlands,Europe,High,Low,2025-03-17,5.166,5.159791284331213,118.64
Netherlands,Europe,High,Low,2025-03-24,5.238,5.215122336982257,119.96
Netherlands,Europe,High,Low,2025-03-31,5.237,5.246003675180784,120.22
Netherlands,Europe,High,Low,2025-04-07,5.301,5.298719476664555,122.0
Netherlands,Europe,High,Low,2025-04-14,5.258,5.234818968671803,120.21
Netherlands,Europe,High,Low,2025-04-21,5.34,5.333439272932409,122.22
Netherlands,Europe,High,Low,2025-04-28,5.298,5.305059733371831,121.14
Netherlands,Europe,High,Low,2025-05-05,5.206,5.229492378078102,119.41
Netherlands,Europe,High,Low,2025-05-12,5.184,5.192258445591225,118.92
Netherlands,Europe,High,Low,2025-05-19,5.288,5.25966248493946,120.97
Netherlands,Europe,High,Low,2025-05-26,5.261,5.278183363694213,120.74
Netherlands,Europe,High,Low,2025-06-02,5.203,5.2118875321287295,119.42
Netherlands,Europe,High,Low,2025-06-09,5.13,5.136386763691478,117.67
Netherlands,Europe,High,Low,2025-06-16,5.116,5.117985191082754,117.34
Netherlands,Europe,High,Low,2025-06-23,5.02,5.010033264378747,114.75
Netherlands,Europe,High,Low,2025-06-30,4.942,4.953239901394134,112.99
Netherlands,Europe,High,Low,2025-07-07,5.02,5.002642490626709,114.64
Netherlands,Europe,High,Low,2025-07-14,5.047,5.0692420947462455,116.03
Netherlands,Europe,High,Low,2025-07-21,5.049,5.034865040173914,115.68
Netherlands,Europe,High,Low,2025-07-28,5.024,5.028951176026593,114.92
Netherlands,Europe,High,Low,2025-08-04,5.019,5.018419244640185,114.79
Netherlands,Europe,High,Low,2025-08-11,5.094,5.119027083347279,117.41
Netherlands,Europe,High,Low,2025-08-18,5.121,5.102346644951824,117.69
Netherlands,Europe,High,Low,2025-08-25,5.187,5.151111862289667,118.58
Netherlands,Europe,High,Low,2025-09-01,5.189,5.173111583293883,118.14
Netherlands,Europe,High,Low,2025-09-08,5.144,5.184078911698209,118.01
Netherlands,Europe,High,Low,2025-09-15,5.17,5.164660264932526,118.59
Netherlands,Europe,High,Low,2025-09-22,5.146,5.169308990098431,118.54
Netherlands,Europe,High,Low,2025-09-29,5.084,5.062252296047288,116.06
Netherlands,Europe,High,Low,2025-10-06,5.108,5.1331223369822565,117.4
Netherlands,Europe,High,Low,2025-10-13,5.104,5.075974494385395,116.46
Netherlands,Europe,High,Low,2025-10-20,5.149,5.186414150525116,118.8
Netherlands,Europe,High,Low,2025-10-27,5.205,5.169660264932526,119.42
Netherlands,Europe,High,Low,2025-11-03,5.237,5.200078911698209,119.31
Netherlands,Europe,High,Low,2025-11-10,5.2,5.245373749485177,119.63
Netherlands,Europe,High,Low,2025-11-17,5.182,5.187615116778361,119.3
Netherlands,Europe,High,Low,2025-11-24,5.175,5.154955500957208,118.52
Netherlands,Europe,High,Low,2025-12-01,5.16,5.17641807786876,118.57
Netherlands,Europe,High,Low,2025-12-08,5.177,5.185586119034928,119.43
Netherlands,Europe,High,Low,2025-12-15,5.192,5.156291252277546,118.67
Netherlands,Europe,High,Low,2025-12-22,5.165,5.160121356682738,117.73
Netherlands,Europe,High,Low,2025-12-29,5.115,5.145981105757032,117.1
Netherlands,Europe,High,Low,2026-01-05,5.14,5.144644422033871,118.04
Netherlands,Europe,High,Low,2026-01-12,5.229,5.198529444140517,119.58
Netherlands,Europe,High,Low,2026-01-19,5.217,5.237003675180784,119.82
Netherlands,Europe,High,Low,2026-01-26,5.245,5.233528959050677,120.32
Netherlands,Europe,High,Low,2026-02-02,5.23,5.2128981446756875,119.36
Netherlands,Europe,High,Low,2026-02-09,5.241,5.2557329813322715,120.21
Netherlands,Europe,High,Low,2026-02-16,5.257,5.257382096753334,120.67
Netherlands,Europe,High,Low,2026-02-23,5.185,5.22045555001229,119.62
Netherlands,Europe,High,Low,2026-03-02,5.411,5.343135702820751,124.85
Netherlands,Europe,High,Low,2026-03-09,5.698,5.56848428445186,130.0
Netherlands,Europe,High,Low,2026-03-16,5.645,5.697673730703499,130.0
Netherlands,Europe,High,Low,2026-03-23,5.699,5.644206533898233,130.0
Netherlands,Europe,High,Low,2026-03-30,5.67,5.698206533898233,130.0
Netherlands,Europe,High,Low,2026-04-06,5.676,5.669206533898233,130.0
New Zealand,Oceania,High,Low,2025-01-20,4.411,4.481995671658252,122.38
New Zealand,Oceania,High,Low,2025-01-27,4.365,4.340059989204998,120.18
New Zealand,Oceania,High,Low,2025-02-03,4.342,4.33145180031555,119.05
New Zealand,Oceania,High,Low,2025-02-10,4.42,4.398489947585569,120.85
New Zealand,Oceania,High,Low,2025-02-17,4.361,4.40060665438455,120.24
New Zealand,Oceania,High,Low,2025-02-24,4.308,4.3432778279908755,119.66
New Zealand,Oceania,High,Low,2025-03-03,4.362,4.311232405730543,119.84
New Zealand,Oceania,High,Low,2025-03-10,4.278,4.293681079801208,117.71
New Zealand,Oceania,High,Low,2025-03-17,4.3,4.305056941976019,118.64
New Zealand,Oceania,High,Low,2025-03-24,4.36,4.345282168591682,119.96
New Zealand,Oceania,High,Low,2025-03-31,4.34,4.366568713149263,120.22
New Zealand,Oceania,High,Low,2025-04-07,4.424,4.396266735578519,122.0
New Zealand,Oceania,High,Low,2025-04-14,4.356,4.366224173243517,120.21
New Zealand,Oceania,High,Low,2025-04-21,4.421,4.422286361610639,122.22
New Zealand,Oceania,High,Low,2025-04-28,4.396,4.388107217302926,121.14
New Zealand,Oceania,High,Low,2025-05-05,4.359,4.3358975826498165,119.41
New Zealand,Oceania,High,Low,2025-05-12,4.33,4.346631517534775,118.92
New Zealand,Oceania,High,Low,2025-05-19,4.386,4.396509573617689,120.97
New Zealand,Oceania,High,Low,2025-05-26,4.367,4.376727586079376,120.74
New Zealand,Oceania,High,Low,2025-06-02,4.331,4.321193551463483,119.42
New Zealand,Oceania,High,Low,2025-06-09,4.284,4.272791968263193,117.67
New Zealand,Oceania,High,Low,2025-06-16,4.281,4.272529413467917,117.34
New Zealand,Oceania,High,Low,2025-06-23,4.164,4.188460253351079,114.75
New Zealand,Oceania,High,Low,2025-06-30,4.113,4.105645105965849,112.99
New Zealand,Oceania,High,Low,2025-07-07,4.18,4.168189749540674,114.64
New Zealand,Oceania,High,Low,2025-07-14,4.199,4.225401926355672,116.03
New Zealand,Oceania,High,Low,2025-07-21,4.215,4.187409262559077,115.68
New Zealand,Oceania,High,Low,2025-07-28,4.186,4.1969986599576865,114.92
New Zealand,Oceania,High,Low,2025-08-04,4.19,4.180963467025348,114.79
New Zealand,Oceania,High,Low,2025-08-11,4.243,4.276699154395547,117.41
New Zealand,Oceania,High,Low,2025-08-18,4.295,4.249911682920303,117.69
New Zealand,Oceania,High,Low,2025-08-25,4.299,4.322377519934473,118.58
New Zealand,Oceania,High,Low,2025-09-01,4.3,4.286484655237433,118.14
New Zealand,Oceania,High,Low,2025-09-08,4.297,4.295623134083372,118.01
New Zealand,Oceania,High,Low,2025-09-15,4.28,4.315725860314947,118.59
New Zealand,Oceania,High,Low,2025-09-22,4.303,4.279211982958923,118.54
New Zealand,Oceania,High,Low,2025-09-29,4.207,4.231161860861956,116.06
New Zealand,Oceania,High,Low,2025-10-06,4.299,4.252282168591682,117.4
New Zealand,Oceania,High,Low,2025-10-13,4.206,4.2690219783164896,116.46
New Zealand,Oceania,High,Low,2025-10-20,4.333,4.277362565494813,118.8
New Zealand,Oceania,High,Low,2025-10-27,4.327,4.351725860314947,119.42
New Zealand,Oceania,High,Low,2025-11-03,4.304,4.322623134083372,119.31
New Zealand,Oceania,High,Low,2025-11-10,4.352,4.310938787453656,119.63
New Zealand,Oceania,High,Low,2025-11-17,4.325,4.340159339163525,119.3
New Zealand,Oceania,High,Low,2025-11-24,4.267,4.300002984888302,118.52
New Zealand,Oceania,High,Low,2025-12-01,4.345,4.2675499385473135,118.57
New Zealand,Oceania,High,Low,2025-12-08,4.344,4.368242864055364,119.43
New Zealand,Oceania,High,Low,2025-12-15,4.322,4.325338736208641,118.67
New Zealand,Oceania,High,Low,2025-12-22,4.271,4.292168840613832,117.73
New Zealand,Oceania,High,Low,2025-12-29,4.293,4.253354177700583,117.1
New Zealand,Oceania,High,Low,2026-01-05,4.288,4.319910079678677,118.04
New Zealand,Oceania,High,Low,2026-01-12,4.326,4.342332052901269,119.58
New Zealand,Oceania,High,Low,2026-01-19,4.383,4.3325687131492625,119.82
New Zealand,Oceania,High,Low,2026-01-26,4.382,4.397832818513673,120.32
New Zealand,Oceania,High,Low,2026-02-02,4.352,4.3519456286067815,119.36
New Zealand,Oceania,High,Low,2026-02-09,4.366,4.375389726352707,120.21
New Zealand,Oceania,High,Low,2026-02-16,4.399,4.38068595621633,120.67
New Zealand,Oceania,High,Low,2026-02-23,4.371,4.364503033943385,119.62
New Zealand,Oceania,High,Low,2026-03-02,4.558,4.5039978636657825,124.85
New Zealand,Oceania,High,Low,2026-03-09,4.722,4.690346445296891,130.0
New Zealand,Oceania,High,Low,2026-03-16,4.707,4.721576723563991,130.0
New Zealand,Oceania,High,Low,2026-03-23,4.694,4.706266781100075,130.0
New Zealand,Oceania,High,Low,2026-03-30,4.753,4.693266781100075,130.0
New Zealand,Oceania,High,Low,2026-04-06,4.71,4.752266781100075,130.0
Nigeria,Africa,Low,Very High,2025-01-20,0.252,0.24944754162389898,122.38
Nigeria,Africa,Low,Very High,2025-01-27,0.241,0.2507239409216077,120.18
Nigeria,Africa,Low,Very High,2025-02-03,0.209,0.22877478180036048,119.05
Nigeria,Africa,Low,Very High,2025-02-10,0.223,0.21695556485302836,120.85
Nigeria,Africa,Low,Very High,2025-02-17,0.274,0.21505852435019673,120.24
Nigeria,Africa,Low,Very High,2025-02-24,0.215,0.2677296979565222,119.66
Nigeria,Africa,Low,Very High,2025-03-03,0.237,0.21694642411138068,119.84
Nigeria,Africa,Low,Very High,2025-03-10,0.236,0.23308065233717098,117.71
Nigeria,Africa,Low,Very High,2025-03-17,0.238,0.24117233373887145,118.64
Nigeria,Africa,Low,Very High,2025-03-24,0.245,0.242818010336497,119.96
Nigeria,Africa,Low,Very High,2025-03-31,0.284,0.2474549812139501,120.22
Nigeria,Africa,Low,Very High,2025-04-07,0.247,0.2911737677589329,122.0
Nigeria,Africa,Low,Very High,2025-04-14,0.246,0.2391862206798039,120.21
Nigeria,Africa,Low,Very High,2025-04-21,0.209,0.2551605018551563,122.22
Nigeria,Africa,Low,Very High,2025-04-28,0.224,0.1974301987877355,121.14
Nigeria,Africa,Low,Very High,2025-05-05,0.25,0.2135452669510492,119.41
Nigeria,Africa,Low,Very High,2025-05-12,0.268,0.24908338750042233,118.92
Nigeria,Africa,Low,Very High,2025-05-19,0.247,0.2773837138622065,120.97
Nigeria,Africa,Low,Very High,2025-05-26,0.208,0.2469682658390092,120.74
Nigeria,Africa,Low,Very High,2025-06-02,0.238,0.19205025414210364,119.42
Nigeria,Africa,Low,Very High,2025-06-09,0.244,0.22975401569947906,117.67
Nigeria,Africa,Low,Very High,2025-06-16,0.248,0.2436514203452255,117.34
Nigeria,Africa,Low,Very High,2025-06-23,0.239,0.24374986409113478,114.75
Nigeria,Africa,Low,Very High,2025-06-30,0.249,0.23060715340213644,112.99
Nigeria,Africa,Low,Very High,2025-07-07,0.239,0.25595387528478525,114.64
Nigeria,Africa,Low,Very High,2025-07-14,0.267,0.24370555066997746,116.03
Nigeria,Africa,Low,Very High,2025-07-21,0.217,0.26629905200587645,115.68
Nigeria,Africa,Low,Very High,2025-07-28,0.26,0.21021831249282413,114.92
Nigeria,Africa,Low,Very High,2025-08-04,0.224,0.2611386220481934,114.79
Nigeria,Africa,Low,Very High,2025-08-11,0.218,0.22873810020909255,117.41
Nigeria,Africa,Low,Very High,2025-08-18,0.219,0.22056573355448073,117.69
Nigeria,Africa,Low,Very High,2025-08-25,0.279,0.22426069426681597,118.58
Nigeria,Africa,Low,Very High,2025-09-01,0.231,0.27793652520307977,118.14
Nigeria,Africa,Low,Very High,2025-09-08,0.209,0.23333650269846684,118.01
Nigeria,Africa,Low,Very High,2025-09-15,0.203,0.21315949347189295,118.59
Nigeria,Africa,Low,Very High,2025-09-22,0.278,0.205486994630036,118.54
Nigeria,Africa,Low,Very High,2025-09-29,0.246,0.27684577678152306,116.06
Nigeria,Africa,Low,Very High,2025-10-06,0.206,0.250818010336497,117.4
Nigeria,Africa,Low,Very High,2025-10-13,0.229,0.19409330113194542,116.46
Nigeria,Africa,Low,Very High,2025-10-20,0.237,0.23394983296391272,118.8
Nigeria,Africa,Low,Very High,2025-10-27,0.252,0.24115949347189294,119.42
Nigeria,Africa,Low,Very High,2025-11-03,0.233,0.2543365026984668,119.31
Nigeria,Africa,Low,Very High,2025-11-10,0.251,0.23582505551834287,119.63
Nigeria,Africa,Low,Very High,2025-11-17,0.238,0.25028134604083274,119.3
Nigeria,Africa,Low,Very High,2025-11-24,0.246,0.22707072655543994,118.52
Nigeria,Africa,Low,Very High,2025-12-01,0.203,0.2487028203675269,118.57
Nigeria,Africa,Low,Very High,2025-12-08,0.251,0.20801524801966398,119.43
Nigeria,Africa,Low,Very High,2025-12-15,0.23,0.24379060617428727,118.67
Nigeria,Africa,Low,Very High,2025-12-22,0.215,0.21824016342928806,117.73
Nigeria,Africa,Low,Very High,2025-12-29,0.231,0.2088060476662297,117.1
Nigeria,Africa,Low,Very High,2026-01-05,0.248,0.23602547144152886,118.04
Nigeria,Africa,Low,Very High,2026-01-12,0.24,0.25297806880129864,119.58
Nigeria,Africa,Low,Very High,2026-01-19,0.252,0.2424549812139501,119.82
Nigeria,Africa,Low,Very High,2026-01-26,0.285,0.25597910522695333,120.32
Nigeria,Africa,Low,Very High,2026-02-02,0.226,0.27301695142223786,119.36
Nigeria,Africa,Low,Very High,2026-02-09,0.272,0.2311621103170066,120.21
Nigeria,Africa,Low,Very High,2026-02-16,0.226,0.2758322429296107,120.67
Nigeria,Africa,Low,Very High,2026-02-23,0.262,0.21282601542819526,119.62
Nigeria,Africa,Low,Very High,2026-03-02,0.276,0.25338762633655365,124.85
Nigeria,Africa,Low,Very High,2026-03-09,0.289,0.26701187363335754,130.0
Nigeria,Africa,Low,Very High,2026-03-16,0.248,0.292192679975044,130.0
Nigeria,Africa,Low,Very High,2026-03-23,0.317,0.2508001874460452,130.0
Nigeria,Africa,Low,Very High,2026-03-30,0.288,0.3198001874460452,130.0
Nigeria,Africa,Low,Very High,2026-04-06,0.258,0.2908001874460452,130.0
Norway,Europe,High,Low,2025-01-20,5.449,5.482948187727159,122.38
Norway,Europe,High,Low,2025-01-27,5.382,5.366953921335731,120.18
Norway,Europe,High,Low,2025-02-03,5.319,5.346404316384456,119.05
Norway,Europe,High,Low,2025-02-10,5.382,5.380942688671604,120.85
Norway,Europe,High,Low,2025-02-17,5.342,5.361233582440999,120.24
Norway,Europe,High,Low,2025-02-24,5.343,5.322904756047325,119.66
Norway,Europe,High,Low,2025-03-03,5.355,5.3475083176511635,119.84
Norway,Europe,High,Low,2025-03-10,5.255,5.275575011931941,117.71
Norway,Europe,High,Low,2025-03-17,5.27,5.284791284331213,118.64
Norway,Europe,High,Low,2025-03-24,5.334,5.3191223369822564,119.96
Norway,Europe,High,Low,2025-03-31,5.38,5.342003675180783,120.22
Norway,Europe,High,Low,2025-04-07,5.48,5.441719476664555,122.0
Norway,Europe,High,Low,2025-04-14,5.35,5.413818968671803,120.21
Norway,Europe,High,Low,2025-04-21,5.45,5.425439272932409,122.22
Norway,Europe,High,Low,2025-04-28,5.404,5.415059733371831,121.14
Norway,Europe,High,Low,2025-05-05,5.341,5.335492378078102,119.41
Norway,Europe,High,Low,2025-05-12,5.321,5.327258445591225,118.92
Norway,Europe,High,Low,2025-05-19,5.385,5.396662484939459,120.97
Norway,Europe,High,Low,2025-05-26,5.377,5.375183363694212,120.74
Norway,Europe,High,Low,2025-06-02,5.355,5.327887532128729,119.42
Norway,Europe,High,Low,2025-06-09,5.252,5.288386763691478,117.67
Norway,Europe,High,Low,2025-06-16,5.242,5.239985191082754,117.34
Norway,Europe,High,Low,2025-06-23,5.114,5.136033264378748,114.75
Norway,Europe,High,Low,2025-06-30,5.024,5.047239901394135,112.99
Norway,Europe,High,Low,2025-07-07,5.148,5.084642490626709,114.64
Norway,Europe,High,Low,2025-07-14,5.197,5.197242094746246,116.03
Norway,Europe,High,Low,2025-07-21,5.153,5.184865040173914,115.68
Norway,Europe,High,Low,2025-07-28,5.148,5.132951176026592,114.92
Norway,Europe,High,Low,2025-08-04,5.106,5.142419244640185,114.79
Norway,Europe,High,Low,2025-08-11,5.23,5.206027083347279,117.41
Norway,Europe,High,Low,2025-08-18,5.244,5.238346644951824,117.69
Norway,Europe,High,Low,2025-08-25,5.302,5.274111862289667,118.58
Norway,Europe,High,Low,2025-09-01,5.279,5.288111583293882,118.14
Norway,Europe,High,Low,2025-09-08,5.281,5.274078911698209,118.01
Norway,Europe,High,Low,2025-09-15,5.304,5.301660264932526,118.59
Norway,Europe,High,Low,2025-09-22,5.29,5.303308990098431,118.54
Norway,Europe,High,Low,2025-09-29,5.133,5.206252296047288,116.06
Norway,Europe,High,Low,2025-10-06,5.235,5.182122336982257,117.4
Norway,Europe,High,Low,2025-10-13,5.196,5.202974494385396,116.46
Norway,Europe,High,Low,2025-10-20,5.316,5.278414150525116,118.8
Norway,Europe,High,Low,2025-10-27,5.322,5.336660264932526,119.42
Norway,Europe,High,Low,2025-11-03,5.337,5.317078911698209,119.31
Norway,Europe,High,Low,2025-11-10,5.342,5.3453737494851765,119.63
Norway,Europe,High,Low,2025-11-17,5.348,5.329615116778361,119.3
Norway,Europe,High,Low,2025-11-24,5.276,5.320955500957208,118.52
Norway,Europe,High,Low,2025-12-01,5.305,5.27741807786876,118.57
Norway,Europe,High,Low,2025-12-08,5.362,5.330586119034928,119.43
Norway,Europe,High,Low,2025-12-15,5.311,5.341291252277546,118.67
Norway,Europe,High,Low,2025-12-22,5.234,5.2791213566827375,117.73
Norway,Europe,High,Low,2025-12-29,5.229,5.214981105757032,117.1
Norway,Europe,High,Low,2026-01-05,5.235,5.258644422033871,118.04
Norway,Europe,High,Low,2026-01-12,5.322,5.293529444140518,119.58
Norway,Europe,High,Low,2026-01-19,5.36,5.330003675180784,119.82
Norway,Europe,High,Low,2026-01-26,5.397,5.3765289590506775,120.32
Norway,Europe,High,Low,2026-02-02,5.356,5.364898144675688,119.36
Norway,Europe,High,Low,2026-02-09,5.37,5.381732981332271,120.21
Norway,Europe,High,Low,2026-02-16,5.394,5.3863820967533345,120.67
Norway,Europe,High,Low,2026-02-23,5.36,5.357455550012291,119.62
Norway,Europe,High,Low,2026-03-02,5.569,5.518135702820752,124.85
Norway,Europe,High,Low,2026-03-09,5.791,5.72648428445186,130.0
Norway,Europe,High,Low,2026-03-16,5.859,5.790673730703499,130.0
Norway,Europe,High,Low,2026-03-23,5.835,5.858206533898233,130.0
Norway,Europe,High,Low,2026-03-30,5.79,5.834206533898233,130.0
Norway,Europe,High,Low,2026-04-06,5.831,5.789206533898233,130.0
Pakistan,Asia,Low,High,2025-01-20,0.82,0.8443253864210897,122.38
Pakistan,Asia,Low,High,2025-01-27,0.825,0.8048446072138872,120.18
Pakistan,Asia,Low,High,2025-02-03,0.794,0.8136526265975511,119.05
Pakistan,Asia,Low,High,2025-02-10,0.787,0.8079649991774278,120.85
Pakistan,Asia,Low,High,2025-02-17,0.809,0.7808072787541855,120.24
Pakistan,Asia,Low,High,2025-02-24,0.806,0.8035480863004948,119.66
Pakistan,Asia,Low,High,2025-03-03,0.824,0.8068046001926029,119.84
Pakistan,Asia,Low,High,2025-03-10,0.845,0.8080251536864805,117.71
Pakistan,Asia,Low,High,2025-03-17,0.761,0.8505884221470509,118.64
Pakistan,Asia,Low,High,2025-03-24,0.766,0.7708323328772985,119.96
Pakistan,Asia,Low,High,2025-03-31,0.788,0.7677721199167112,120.22
Pakistan,Asia,Low,High,2025-04-07,0.818,0.8011832020833324,122.0
Pakistan,Asia,Low,High,2025-04-14,0.813,0.8045568633865002,120.21
Pakistan,Asia,Low,High,2025-04-21,0.808,0.829627420434162,122.22
Pakistan,Asia,Low,High,2025-04-28,0.806,0.7973080435849262,121.14
Pakistan,Asia,Low,High,2025-05-05,0.803,0.7911606388528161,119.41
Pakistan,Asia,Low,High,2025-05-12,0.779,0.8029017758443949,118.92
Pakistan,Asia,Low,High,2025-05-19,0.822,0.7958506324412122,120.97
Pakistan,Asia,Low,High,2025-05-26,0.796,0.8190034609863456,120.74
Pakistan,Asia,Low,High,2025-06-02,0.787,0.7817363020633032,119.42
Pakistan,Asia,Low,High,2025-06-09,0.819,0.7731246584061754,117.67
Pakistan,Asia,Low,High,2025-06-16,0.79,0.8189017758443948,117.34
Pakistan,Asia,Low,High,2025-06-23,0.773,0.7670436007391913,114.75
Pakistan,Asia,Low,High,2025-06-30,0.769,0.7589777961088328,112.99
Pakistan,Asia,Low,High,2025-07-07,0.775,0.7819633096091847,114.64
Pakistan,Asia,Low,High,2025-07-14,0.793,0.7847932991625519,116.03
Pakistan,Asia,Low,High,2025-07-21,0.766,0.7926228334568187,115.68
Pakistan,Asia,Low,High,2025-07-28,0.742,0.760763983827163,114.92
Pakistan,Asia,Low,High,2025-08-04,0.754,0.7400369457273072,114.79
Pakistan,Asia,Low,High,2025-08-11,0.776,0.7715853743883784,117.41
Pakistan,Asia,Low,High,2025-08-18,0.798,0.7779562982090148,117.69
Pakistan,Asia,Low,High,2025-08-25,0.78,0.8043446092121437,118.58
Pakistan,Asia,Low,High,2025-09-01,0.802,0.7797549135470523,118.14
Pakistan,Asia,Low,High,2025-09-08,0.813,0.8015346897427666,118.01
Pakistan,Asia,Low,High,2025-09-15,0.773,0.8175756897854883,118.59
Pakistan,Asia,Low,High,2025-09-22,0.82,0.7732554101397339,118.54
Pakistan,Asia,Low,High,2025-09-29,0.759,0.8042663243817068,116.06
Pakistan,Asia,Low,High,2025-10-06,0.769,0.7688323328772985,117.4
Pakistan,Asia,Low,High,2025-10-13,0.776,0.7579711459291361,116.46
Pakistan,Asia,Low,High,2025-10-20,0.779,0.7935680720922459,118.8
Pakistan,Asia,Low,High,2025-10-27,0.79,0.7835756897854884,119.42
Pakistan,Asia,Low,High,2025-11-03,0.793,0.7895346897427666,119.31
Pakistan,Asia,Low,High,2025-11-10,0.793,0.7951421942211041,119.63
Pakistan,Asia,Low,High,2025-11-17,0.781,0.7925317015400022,119.3
Pakistan,Asia,Low,High,2025-11-24,0.772,0.7709485713526306,118.52
Pakistan,Asia,Low,High,2025-12-01,0.795,0.7730169311592228,118.57
Pakistan,Asia,Low,High,2025-12-08,0.787,0.7999200662727316,119.43
Pakistan,Asia,Low,High,2025-12-15,0.784,0.780668450971478,118.67
Pakistan,Asia,Low,High,2025-12-22,0.763,0.7731180082264787,117.73
Pakistan,Asia,Low,High,2025-12-29,0.796,0.7576244360102022,117.1
Pakistan,Asia,Low,High,2026-01-05,0.794,0.8014415598497083,118.04
Pakistan,Asia,Low,High,2026-01-12,0.829,0.8051009985351086,119.58
Pakistan,Asia,Low,High,2026-01-19,0.821,0.8307721199167112,119.82
Pakistan,Asia,Low,High,2026-01-26,0.789,0.8247291288007543,120.32
Pakistan,Asia,Low,High,2026-02-02,0.808,0.7778947962194286,119.36
Pakistan,Asia,Low,High,2026-02-09,0.798,0.8130669285700742,120.21
Pakistan,Asia,Low,High,2026-02-16,0.815,0.8015822665034118,120.67
Pakistan,Asia,Low,High,2026-02-23,0.829,0.8030658569869247,119.62
Pakistan,Asia,Low,High,2026-03-02,0.826,0.8634189905113071,124.85
Pakistan,Asia,Low,High,2026-03-09,0.873,0.860302522590886,130.0
Pakistan,Asia,Low,High,2026-03-16,0.894,0.8742391716734694,130.0
Pakistan,Asia,Low,High,2026-03-23,0.899,0.8944665426787002,130.0
Pakistan,Asia,Low,High,2026-03-30,0.929,0.8994665426787002,130.0
Pakistan,Asia,Low,High,2026-04-06,0.883,0.9294665426787002,130.0
Peru,South America,Middle,Medium,2025-01-20,2.062,2.0020374923776507,122.38
Peru,South America,Middle,Medium,2025-01-27,1.972,2.0319602285031575,120.18
Peru,South America,Middle,Medium,2025-02-03,1.994,1.954438097845323,119.05
Peru,South America,Middle,Medium,2025-02-10,1.995,2.0209128303293347,120.85
Peru,South America,Middle,Medium,2025-02-17,1.98,1.982162252200237,120.24
Peru,South America,Middle,Medium,2025-02-24,1.974,1.9688334258065623,119.66
Peru,South America,Middle,Medium,2025-03-03,2.017,1.9756120965509105,119.84
Peru,South America,Middle,Medium,2025-03-10,1.989,1.9886413311349733,117.71
Peru,South America,Middle,Medium,2025-03-17,1.968,2.003858728162446,118.64
Peru,South America,Middle,Medium,2025-03-24,1.978,1.988042268517533,119.96
Peru,South America,Middle,Medium,2025-03-31,2.007,1.9816518014790607,120.22
Peru,South America,Middle,Medium,2025-04-07,2.049,2.033131033235239,122.0
Peru,South America,Middle,Medium,2025-04-14,2.001,2.0265780659076396,120.21
Peru,South America,Middle,Medium,2025-04-21,1.994,2.030876791221331,122.22
Peru,South America,Middle,Medium,2025-04-28,1.985,1.9782063322692,121.14
Peru,South America,Middle,Medium,2025-05-05,1.955,1.9591386578774375,119.41
Peru,South America,Middle,Medium,2025-05-12,1.966,1.9491871153504625,118.92
Peru,South America,Middle,Medium,2025-05-19,2.032,1.996100003228381,120.97
Peru,South America,Middle,Medium,2025-05-26,1.979,2.027413926333637,120.74
Peru,South America,Middle,Medium,2025-06-02,1.998,1.9570239745235285,119.42
Peru,South America,Middle,Medium,2025-06-09,1.954,1.9740330434908129,117.67
Peru,South America,Middle,Medium,2025-06-16,1.968,1.9487551481952654,117.34
Peru,South America,Middle,Medium,2025-06-23,1.889,1.927143363343156,114.75
Peru,South America,Middle,Medium,2025-06-30,1.867,1.8648861811934703,112.99
Peru,South America,Middle,Medium,2025-07-07,1.891,1.8929111407610915,114.64
Peru,South America,Middle,Medium,2025-07-14,1.917,1.9110032348027863,116.03
Peru,South America,Middle,Medium,2025-07-21,1.912,1.9114762058076895,115.68
Peru,South America,Middle,Medium,2025-07-28,1.894,1.900395466294637,114.92
Peru,South America,Middle,Medium,2025-08-04,1.883,1.8930080839697063,114.79
Peru,South America,Middle,Medium,2025-08-11,1.981,1.9181214879655188,117.41
Peru,South America,Middle,Medium,2025-08-18,1.946,1.9848359797713644,117.69
Peru,South America,Middle,Medium,2025-08-25,1.946,1.9610205146421635,118.58
Peru,South America,Middle,Medium,2025-09-01,1.932,1.9400402530531198,118.14
Peru,South America,Middle,Medium,2025-09-08,1.956,1.9312443821051049,118.01
Peru,South America,Middle,Medium,2025-09-15,1.969,1.9671395477566802,118.59
Peru,South America,Middle,Medium,2025-09-22,1.97,1.9697348913372068,118.54
Peru,South America,Middle,Medium,2025-09-29,1.92,1.9388957227672654,116.06
Peru,South America,Middle,Medium,2025-10-06,1.94,1.940042268517533,117.4
Peru,South America,Middle,Medium,2025-10-13,1.918,1.922756617176908,116.46
Peru,South America,Middle,Medium,2025-10-20,1.927,1.9502944119983305,118.8
Peru,South America,Middle,Medium,2025-10-27,1.98,1.9381395477566803,119.42
Peru,South America,Middle,Medium,2025-11-03,1.986,1.979244382105105,119.31
Peru,South America,Middle,Medium,2025-11-10,1.994,1.9900218757834534,119.63
Peru,South America,Middle,Medium,2025-11-17,1.962,1.9883850738908728,119.3
Peru,South America,Middle,Medium,2025-11-24,1.954,1.94617445440548,118.52
Peru,South America,Middle,Medium,2025-12-01,1.95,1.9554964123566956,118.57
Peru,South America,Middle,Medium,2025-12-08,1.992,1.9636050549365553,119.43
Peru,South America,Middle,Medium,2025-12-15,2.01,1.9798943340243274,118.67
Peru,South America,Middle,Medium,2025-12-22,1.919,1.9929034794742504,117.73
Peru,South America,Middle,Medium,2025-12-29,1.935,1.9079097755162697,117.1
Peru,South America,Middle,Medium,2026-01-05,1.943,1.9497118658651036,118.04
Peru,South America,Middle,Medium,2026-01-12,1.958,1.9666171278328042,119.58
Peru,South America,Middle,Medium,2026-01-19,1.971,1.9616518014790607,119.82
Peru,South America,Middle,Medium,2026-01-26,1.968,1.980102629449797,120.32
Peru,South America,Middle,Medium,2026-02-02,2.017,1.9506802674672006,119.36
Peru,South America,Middle,Medium,2026-02-09,2.03,2.0307519172338977,120.21
Peru,South America,Middle,Medium,2026-02-16,1.978,2.038955767152454,120.67
Peru,South America,Middle,Medium,2026-02-23,1.968,1.9594893314731578,119.62
Peru,South America,Middle,Medium,2026-03-02,2.066,2.0293689438537656,124.85
Peru,South America,Middle,Medium,2026-03-09,2.133,2.1265231830438034,130.0
Peru,South America,Middle,Medium,2026-03-16,2.182,2.1334919499724645,130.0
Peru,South America,Middle,Medium,2026-03-23,2.165,2.1826675817762635,130.0
Peru,South America,Middle,Medium,2026-03-30,2.104,2.1656675817762636,130.0
Peru,South America,Middle,Medium,2026-04-06,2.156,2.1046675817762637,130.0
Philippines,Asia,Middle,Low,2025-01-20,2.696,2.64605933858532,122.38
Philippines,Asia,Middle,Low,2025-01-27,2.695,2.645797658869662,120.18
Philippines,Asia,Middle,Low,2025-02-03,2.619,2.668392378979958,119.05
Philippines,Asia,Middle,Low,2025-02-10,2.678,2.657069506511517,120.85
Philippines,Asia,Middle,Low,2025-02-17,2.654,2.666114464467922,120.24
Philippines,Asia,Middle,Low,2025-02-24,2.645,2.6428552720142315,119.66
Philippines,Asia,Middle,Low,2025-03-03,2.652,2.6472684366682047,119.84
Philippines,Asia,Middle,Low,2025-03-10,2.59,2.6021587846921763,117.71
Philippines,Asia,Middle,Low,2025-03-17,2.631,2.612866909714785,118.64
Philippines,Asia,Middle,Low,2025-03-24,2.632,2.664539465231524,119.96
Philippines,Asia,Middle,Low,2025-03-31,2.687,2.637134310609475,120.22
Philippines,Asia,Middle,Low,2025-04-07,2.732,2.724287709417421,122.0
Philippines,Asia,Middle,Low,2025-04-14,2.653,2.687466188331998,120.21
Philippines,Asia,Middle,Low,2025-04-21,2.711,2.7004676680661652,122.22
Philippines,Asia,Middle,Low,2025-04-28,2.661,2.686160613403835,121.14
Philippines,Asia,Middle,Low,2025-05-05,2.667,2.6139571463618116,119.41
Philippines,Asia,Middle,Low,2025-05-12,2.655,2.6612089615581316,118.92
Philippines,Asia,Middle,Low,2025-05-19,2.683,2.7026908800732152,120.97
Philippines,Asia,Middle,Low,2025-05-26,2.645,2.6790242059567344,120.74
Philippines,Asia,Middle,Low,2025-06-02,2.635,2.607427074759314,119.42
Philippines,Asia,Middle,Low,2025-06-09,2.631,2.588921165915171,117.67
Philippines,Asia,Middle,Low,2025-06-16,2.603,2.6257769944029348,117.34
Philippines,Asia,Middle,Low,2025-06-23,2.527,2.5395463710128747,114.75
Philippines,Asia,Middle,Low,2025-06-30,2.506,2.4807743036178285,112.99
Philippines,Asia,Middle,Low,2025-07-07,2.528,2.543067816943273,114.64
Philippines,Asia,Middle,Low,2025-07-14,2.57,2.5615004315167775,116.03
Philippines,Asia,Middle,Low,2025-07-21,2.589,2.5644980520153586,115.68
Philippines,Asia,Middle,Low,2025-07-28,2.557,2.5774173125023063,114.92
Philippines,Asia,Middle,Low,2025-08-04,2.549,2.555319136577757,114.79
Philippines,Asia,Middle,Low,2025-08-11,2.602,2.6121530760256375,117.41
Philippines,Asia,Middle,Low,2025-08-18,2.597,2.6073184889017784,117.69
Philippines,Asia,Middle,Low,2025-08-25,2.61,2.620028696194503,118.58
Philippines,Asia,Middle,Low,2025-09-01,2.618,2.604062099260789,118.14
Philippines,Asia,Middle,Low,2025-09-08,2.66,2.6165554347131557,118.01
Philippines,Asia,Middle,Low,2025-09-15,2.607,2.6761625280139603,118.59
Philippines,Asia,Middle,Low,2025-09-22,2.604,2.6062761551101232,118.54
Philippines,Asia,Middle,Low,2025-09-29,2.547,2.5527331531337696,116.06
Philippines,Asia,Middle,Low,2025-10-06,2.602,2.5805394652315243,117.4
Philippines,Asia,Middle,Low,2025-10-13,2.567,2.578962556980897,116.46
Philippines,Asia,Middle,Low,2025-10-20,2.646,2.6202173634362382,118.8
Philippines,Asia,Middle,Low,2025-10-27,2.621,2.66216252801396,119.42
Philippines,Asia,Middle,Low,2025-11-03,2.644,2.6195554347131558,119.31
Philippines,Asia,Middle,Low,2025-11-10,2.687,2.6495043849138677,119.63
Philippines,Asia,Middle,Low,2025-11-17,2.611,2.6814069200985418,119.3
Philippines,Asia,Middle,Low,2025-11-24,2.6,2.592580428911658,118.52
Philippines,Asia,Middle,Low,2025-12-01,2.642,2.600037676129612,118.57
Philippines,Asia,Middle,Low,2025-12-08,2.639,2.662679531754377,119.43
Philippines,Asia,Middle,Low,2025-12-15,2.613,2.6269161802319965,118.67
Philippines,Asia,Middle,Low,2025-12-22,2.641,2.5901094192782397,117.73
Philippines,Asia,Middle,Low,2025-12-29,2.598,2.629931621723939,117.1
Philippines,Asia,Middle,Low,2026-01-05,2.577,2.620720047417443,118.04
Philippines,Asia,Middle,Low,2026-01-12,2.648,2.613194863726762,119.58
Philippines,Asia,Middle,Low,2026-01-19,2.635,2.653134310609475,119.82
Philippines,Asia,Middle,Low,2026-01-26,2.641,2.6479887482763864,120.32
Philippines,Asia,Middle,Low,2026-02-02,2.648,2.6178862072711895,119.36
Philippines,Asia,Middle,Low,2026-02-09,2.638,2.66882639405172,120.21
Philippines,Asia,Middle,Low,2026-02-16,2.634,2.6508418859790437,120.67
Philippines,Asia,Middle,Low,2026-02-23,2.648,2.6068056093693315,119.62
Philippines,Asia,Middle,Low,2026-03-02,2.766,2.7515798623153387,124.85
Philippines,Asia,Middle,Low,2026-03-09,2.863,2.8687341015053764,130.0
Philippines,Asia,Middle,Low,2026-03-16,2.876,2.8620332137453808,130.0
Philippines,Asia,Middle,Low,2026-03-23,2.867,2.8753309532512747,130.0
Philippines,Asia,Middle,Low,2026-03-30,2.857,2.866330953251275,130.0
Philippines,Asia,Middle,Low,2026-04-06,2.891,2.856330953251275,130.0
Poland,Europe,Middle,Low,2025-01-20,3.245,3.269011854654226,122.38
Poland,Europe,Middle,Low,2025-01-27,3.18,3.1850096539640393,120.18
Poland,Europe,Middle,Low,2025-02-03,3.161,3.151344895048864,119.05
Poland,Europe,Middle,Low,2025-02-10,3.241,3.2037689054965632,120.85
Poland,Europe,Middle,Low,2025-02-17,3.191,3.2268110264643557,120.24
Poland,Europe,Middle,Low,2025-02-24,3.165,3.1784822000706807,119.66
Poland,Europe,Middle,Low,2025-03-03,3.157,3.1677910064878354,119.84
Poland,Europe,Middle,Low,2025-03-10,3.132,3.0973707797865537,117.71
Poland,Europe,Middle,Low,2025-03-17,3.18,3.15684790996899,118.64
Poland,Europe,Middle,Low,2025-03-24,3.203,3.2166262915211092,119.96
Poland,Europe,Middle,Low,2025-03-31,3.204,3.2088159305400064,120.22
Poland,Europe,Middle,Low,2025-04-07,3.204,3.245987108402468,122.0
Poland,Europe,Middle,Low,2025-04-14,3.198,3.1515426185226265,120.21
Poland,Europe,Middle,Low,2025-04-21,3.238,3.253867237286946,122.22
Poland,Europe,Middle,Low,2025-04-28,3.215,3.2111131294727406,121.14
Poland,Europe,Middle,Low,2025-05-05,3.182,3.1591032104924235,119.41
Poland,Europe,Middle,Low,2025-05-12,3.151,3.174835889614581,118.92
Poland,Europe,Middle,Low,2025-05-19,3.236,3.2070904492939962,120.97
Poland,Europe,Middle,Low,2025-05-26,3.234,3.2305496175115556,120.74
Poland,Europe,Middle,Low,2025-06-02,3.173,3.192190689364544,119.42
Poland,Europe,Middle,Low,2025-06-09,3.117,3.1189975961057996,117.67
Poland,Europe,Middle,Low,2025-06-16,3.129,3.1112327720177713,117.34
Poland,Europe,Middle,Low,2025-06-23,3.016,3.055855861474428,114.75
Poland,Europe,Middle,Low,2025-06-30,2.971,2.9618507338084568,112.99
Poland,Europe,Middle,Low,2025-07-07,3.037,3.0127672159283203,114.64
Poland,Europe,Middle,Low,2025-07-14,3.094,3.0735872578063623,116.03
Poland,Europe,Middle,Low,2025-07-21,3.085,3.087953829630195,115.68
Poland,Europe,Middle,Low,2025-07-28,3.039,3.0713698285712123,114.92
Poland,Europe,Middle,Low,2025-08-04,3.064,3.036774914192594,114.79
Poland,Europe,Middle,Low,2025-08-11,3.114,3.139727662876382,117.41
Poland,Europe,Middle,Low,2025-08-18,3.142,3.12000010883231,117.69
Poland,Europe,Middle,Low,2025-08-25,3.129,3.1670096964487073,118.58
Poland,Europe,Middle,Low,2025-09-01,3.157,3.121689027317238,118.14
Poland,Europe,Middle,Low,2025-09-08,3.117,3.1550112123279925,118.01
Poland,Europe,Middle,Low,2025-09-15,3.164,3.1343435905305497,118.59
Poland,Europe,Middle,Low,2025-09-22,3.155,3.163373162249631,118.54
Poland,Europe,Middle,Low,2025-09-29,3.063,3.0939630733031005,116.06
Poland,Europe,Middle,Low,2025-10-06,3.126,3.0996262915211092,117.4
Poland,Europe,Middle,Low,2025-10-13,3.083,3.1009150730498027,116.46
Poland,Europe,Middle,Low,2025-10-20,3.177,3.146515606365552,118.8
Poland,Europe,Middle,Low,2025-10-27,3.125,3.1943435905305497,119.42
Poland,Europe,Middle,Low,2025-11-03,3.17,3.1230112123279925,119.31
Poland,Europe,Middle,Low,2025-11-10,3.189,3.176186004844399,119.63
Poland,Europe,Middle,Low,2025-11-17,3.178,3.1828626977133787,119.3
Poland,Europe,Middle,Low,2025-11-24,3.131,3.157532944980564,118.52
Poland,Europe,Middle,Low,2025-12-01,3.178,3.1316075629354487,118.57
Poland,Europe,Middle,Low,2025-12-08,3.163,3.200269444632952,119.43
Poland,Europe,Middle,Low,2025-12-15,3.143,3.1488686963009025,118.67
Poland,Europe,Middle,Low,2025-12-22,3.102,3.1180619353471455,117.73
Poland,Europe,Middle,Low,2025-12-29,3.084,3.089558549780388,117.1
Poland,Europe,Middle,Low,2026-01-05,3.133,3.1087010476716475,118.04
Poland,Europe,Middle,Low,2026-01-12,3.162,3.172638912865022,119.58
Poland,Europe,Middle,Low,2026-01-19,3.191,3.1678159305400064,119.82
Poland,Europe,Middle,Low,2026-01-26,3.169,3.204931546712401,120.32
Poland,Europe,Middle,Low,2026-02-02,3.188,3.1438387233400955,119.36
Poland,Europe,Middle,Low,2026-02-09,3.18,3.2104163069302944,120.21
Poland,Europe,Middle,Low,2026-02-16,3.242,3.193784684415059,120.67
Poland,Europe,Middle,Low,2026-02-23,3.157,3.2123961286766987,119.62
Poland,Europe,Middle,Low,2026-03-02,3.337,3.2849643593693187,124.85
Poland,Europe,Middle,Low,2026-03-09,3.47,3.4641185985593563,130.0
Poland,Europe,Middle,Low,2026-03-16,3.442,3.4691302208848893,130.0
Poland,Europe,Middle,Low,2026-03-23,3.469,3.4412707060494334,130.0
Poland,Europe,Middle,Low,2026-03-30,3.441,3.468270706049433,130.0
Poland,Europe,Middle,Low,2026-04-06,3.441,3.440270706049433,130.0
Portugal,Europe,High,Low,2025-01-20,4.562,4.581948187727159,122.38
Portugal,Europe,High,Low,2025-01-27,4.493,4.479953921335731,120.18
Portugal,Europe,High,Low,2025-02-03,4.458,4.457404316384457,119.05
Portugal,Europe,High,Low,2025-02-10,4.525,4.5199426886716045,120.85
Portugal,Europe,High,Low,2025-02-17,4.511,4.504233582441,120.24
Portugal,Europe,High,Low,2025-02-24,4.474,4.491904756047325,119.66
Portugal,Europe,High,Low,2025-03-03,4.453,4.478508317651164,119.84
Portugal,Europe,High,Low,2025-03-10,4.413,4.3735750119319405,117.71
Portugal,Europe,High,Low,2025-03-17,4.405,4.442791284331213,118.64
Portugal,Europe,High,Low,2025-03-24,4.5,4.454122336982257,119.96
Portugal,Europe,High,Low,2025-03-31,4.512,4.508003675180784,120.22
Portugal,Europe,High,Low,2025-04-07,4.549,4.573719476664555,122.0
Portugal,Europe,High,Low,2025-04-14,4.529,4.482818968671803,120.21
Portugal,Europe,High,Low,2025-04-21,4.594,4.604439272932409,122.22
Portugal,Europe,High,Low,2025-04-28,4.542,4.559059733371831,121.14
Portugal,Europe,High,Low,2025-05-05,4.467,4.4734923780781015,119.41
Portugal,Europe,High,Low,2025-05-12,4.483,4.453258445591224,118.92
Portugal,Europe,High,Low,2025-05-19,4.521,4.558662484939459,120.97
Portugal,Europe,High,Low,2025-05-26,4.522,4.5111833636942125,120.74
Portugal,Europe,High,Low,2025-06-02,4.459,4.47288753212873,119.42
Portugal,Europe,High,Low,2025-06-09,4.385,4.392386763691477,117.67
Portugal,Europe,High,Low,2025-06-16,4.364,4.372985191082754,117.34
Portugal,Europe,High,Low,2025-06-23,4.282,4.2580332643787475,114.75
Portugal,Europe,High,Low,2025-06-30,4.206,4.215239901394135,112.99
Portugal,Europe,High,Low,2025-07-07,4.293,4.266642490626709,114.64
Portugal,Europe,High,Low,2025-07-14,4.31,4.342242094746246,116.03
Portugal,Europe,High,Low,2025-07-21,4.323,4.297865040173914,115.68
Portugal,Europe,High,Low,2025-07-28,4.278,4.302951176026593,114.92
Portugal,Europe,High,Low,2025-08-04,4.299,4.272419244640185,114.79
Portugal,Europe,High,Low,2025-08-11,4.333,4.3990270833472795,117.41
Portugal,Europe,High,Low,2025-08-18,4.411,4.341346644951824,117.69
Portugal,Europe,High,Low,2025-08-25,4.416,4.441111862289667,118.58
Portugal,Europe,High,Low,2025-09-01,4.435,4.402111583293883,118.14
Portugal,Europe,High,Low,2025-09-08,4.418,4.430078911698208,118.01
Portugal,Europe,High,Low,2025-09-15,4.454,4.438660264932526,118.59
Portugal,Europe,High,Low,2025-09-22,4.456,4.453308990098431,118.54
Portugal,Europe,High,Low,2025-09-29,4.309,4.3722522960472885,116.06
Portugal,Europe,High,Low,2025-10-06,4.423,4.358122336982257,117.4
Portugal,Europe,High,Low,2025-10-13,4.392,4.390974494385396,116.46
Portugal,Europe,High,Low,2025-10-20,4.423,4.474414150525116,118.8
Portugal,Europe,High,Low,2025-10-27,4.449,4.443660264932526,119.42
Portugal,Europe,High,Low,2025-11-03,4.423,4.444078911698209,119.31
Portugal,Europe,High,Low,2025-11-10,4.465,4.431373749485177,119.63
Portugal,Europe,High,Low,2025-11-17,4.435,4.452615116778361,119.3
Portugal,Europe,High,Low,2025-11-24,4.467,4.407955500957208,118.52
Portugal,Europe,High,Low,2025-12-01,4.432,4.46841807786876,118.57
Portugal,Europe,High,Low,2025-12-08,4.459,4.457586119034929,119.43
Portugal,Europe,High,Low,2025-12-15,4.48,4.438291252277546,118.67
Portugal,Europe,High,Low,2025-12-22,4.419,4.448121356682738,117.73
Portugal,Europe,High,Low,2025-12-29,4.325,4.399981105757032,117.1
Portugal,Europe,High,Low,2026-01-05,4.406,4.354644422033871,118.04
Portugal,Europe,High,Low,2026-01-12,4.46,4.464529444140517,119.58
Portugal,Europe,High,Low,2026-01-19,4.47,4.468003675180784,119.82
Portugal,Europe,High,Low,2026-01-26,4.507,4.486528959050677,120.32
Portugal,Europe,High,Low,2026-02-02,4.423,4.474898144675687,119.36
Portugal,Europe,High,Low,2026-02-09,4.489,4.448732981332271,120.21
Portugal,Europe,High,Low,2026-02-16,4.517,4.505382096753334,120.67
Portugal,Europe,High,Low,2026-02-23,4.497,4.480455550012291,119.62
Portugal,Europe,High,Low,2026-03-02,4.641,4.655135702820751,124.85
Portugal,Europe,High,Low,2026-03-09,4.86,4.7984842844518605,130.0
Portugal,Europe,High,Low,2026-03-16,4.837,4.8596737307034985,130.0
Portugal,Europe,High,Low,2026-03-23,4.83,4.836206533898233,130.0
Portugal,Europe,High,Low,2026-03-30,4.866,4.829206533898233,130.0
Portugal,Europe,High,Low,2026-04-06,4.862,4.865206533898233,130.0
Qatar,Middle East,High,Very High,2025-01-20,0.269,0.2573908694377907,122.38
Qatar,Middle East,High,Very High,2025-01-27,0.28,0.26466361436118097,120.18
Qatar,Middle East,High,Very High,2025-02-03,0.242,0.26716134685633147,119.05
Qatar,Middle East,High,Very High,2025-02-10,0.284,0.2559410408582151,120.85
Qatar,Middle East,High,Very High,2025-02-17,0.287,0.2750018521640884,120.24
Qatar,Middle East,High,Very High,2025-02-24,0.272,0.27967302577041386,119.66
Qatar,Middle East,High,Very High,2025-03-03,0.246,0.27409173011277094,119.84
Qatar,Middle East,High,Very High,2025-03-10,0.246,0.23933933253133494,117.71
Qatar,Middle East,High,Very High,2025-03-17,0.306,0.2525794399835121,118.64
Qatar,Middle East,High,Very High,2025-03-24,0.262,0.31496158590260726,119.96
Qatar,Middle East,High,Very High,2025-03-31,0.26,0.26507072069278986,120.22
Qatar,Middle East,High,Very High,2025-04-07,0.287,0.27371782885116497,122.0
Qatar,Middle East,High,Very High,2025-04-14,0.228,0.2783041744477103,120.21
Qatar,Middle East,High,Very High,2025-04-21,0.285,0.24354423033076436,122.22
Qatar,Middle East,High,Very High,2025-04-28,0.323,0.27281676384370646,121.14
Qatar,Middle East,High,Very High,2025-05-05,0.276,0.3116632207189556,119.41
Qatar,Middle East,High,Very High,2025-05-12,0.263,0.27402671531431405,118.92
Qatar,Middle East,High,Very High,2025-05-19,0.258,0.27876744233781453,120.97
Qatar,Middle East,High,Very High,2025-05-26,0.295,0.2579283608656435,120.74
Qatar,Middle East,High,Very High,2025-06-02,0.255,0.2789867099652655,119.42
Qatar,Middle East,High,Very High,2025-06-09,0.272,0.24587196946738543,117.67
Qatar,Middle East,High,Very High,2025-06-16,0.269,0.270924611247456,117.34
Qatar,Middle East,High,Very High,2025-06-23,0.257,0.25651887486566616,114.75
Qatar,Middle East,High,Very High,2025-06-30,0.25,0.2477251071700428,112.99
Qatar,Middle East,High,Very High,2025-07-07,0.241,0.2626408428133193,114.64
Qatar,Middle East,High,Very High,2025-07-14,0.279,0.2500079177148236,116.03
Qatar,Middle East,High,Very High,2025-07-21,0.26,0.2777310343868428,115.68
Qatar,Middle East,High,Very High,2025-07-28,0.265,0.25232043178545177,114.92
Qatar,Middle East,High,Very High,2025-08-04,0.261,0.26686955918022054,114.79
Qatar,Middle East,High,Very High,2025-08-11,0.247,0.27694758975293,117.41
Qatar,Middle East,High,Very High,2025-08-18,0.247,0.25034026451205643,117.69
Qatar,Middle East,High,Very High,2025-08-25,0.274,0.25382659199019253,118.58
Qatar,Middle East,High,Very High,2025-09-01,0.266,0.27187985301697143,118.14
Qatar,Middle East,High,Very High,2025-09-08,0.269,0.2686026521900171,118.01
Qatar,Middle East,High,Very High,2025-09-15,0.219,0.27490416271193135,118.59
Qatar,Middle East,High,Very High,2025-09-22,0.222,0.22142058589172048,118.54
Qatar,Middle East,High,Very High,2025-09-29,0.243,0.21746560471023435,116.06
Qatar,Middle East,High,Very High,2025-10-06,0.248,0.25196158590260725,117.4
Qatar,Middle East,High,Very High,2025-10-13,0.235,0.2354798661879164,116.46
Qatar,Middle East,High,Very High,2025-10-20,0.291,0.2462427575397899,118.8
Qatar,Middle East,High,Very High,2025-10-27,0.285,0.2969041627119313,119.42
Qatar,Middle East,High,Very High,2025-11-03,0.271,0.28760265219001707,119.31
Qatar,Middle East,High,Very High,2025-11-10,0.243,0.27444079499718266,119.63
Qatar,Middle East,High,Very High,2025-11-17,0.283,0.2415545369430632,119.3
Qatar,Middle East,High,Very High,2025-11-24,0.272,0.2710140543693316,118.52
Qatar,Middle East,High,Very High,2025-12-01,0.228,0.27521284619811254,118.57
Qatar,Middle East,High,Very High,2025-12-08,0.265,0.23475991725970238,119.43
Qatar,Middle East,High,Very High,2025-12-15,0.284,0.256733933988179,118.67
Qatar,Middle East,High,Very High,2025-12-22,0.249,0.271626728485259,117.73
Qatar,Middle East,High,Very High,2025-12-29,0.262,0.2417493754801214,117.1
Qatar,Middle East,High,Very High,2026-01-05,0.263,0.2684325776861695,118.04
Qatar,Middle East,High,Very High,2026-01-12,0.256,0.2736802929069395,119.58
Qatar,Middle East,High,Very High,2026-01-19,0.25,0.25907072069278986,119.82
Qatar,Middle East,High,Very High,2026-01-26,0.297,0.25500451240329114,120.32
Qatar,Middle East,High,Very High,2026-02-02,0.278,0.28440351647820883,119.36
Qatar,Middle East,High,Very High,2026-02-09,0.254,0.284906779557045,120.21
Qatar,Middle East,High,Very High,2026-02-16,0.276,0.2588576501059485,120.67
Qatar,Middle East,High,Very High,2026-02-23,0.254,0.26221258048416624,119.62
Qatar,Middle East,High,Very High,2026-03-02,0.247,0.25661746442498623,124.85
Qatar,Middle East,High,Very High,2026-03-09,0.271,0.24896604605609526,130.0
Qatar,Middle East,High,Very High,2026-03-16,0.267,0.2736908833128926,130.0
Qatar,Middle East,High,Very High,2026-03-23,0.307,0.2692261268662777,130.0
Qatar,Middle East,High,Very High,2026-03-30,0.287,0.3092261268662777,130.0
Qatar,Middle East,High,Very High,2026-04-06,0.321,0.2892261268662777,130.0
Romania,Europe,Middle,Low,2025-01-20,3.075,3.032011854654226,122.38
Romania,Europe,Middle,Low,2025-01-27,2.993,3.0150096539640394,120.18
Romania,Europe,Middle,Low,2025-02-03,2.938,2.9643448950488636,119.05
Romania,Europe,Middle,Low,2025-02-10,2.97,2.9807689054965634,120.85
Romania,Europe,Middle,Low,2025-02-17,2.986,2.955811026464356,120.24
Romania,Europe,Middle,Low,2025-02-24,2.965,2.973482200070681,119.66
Romania,Europe,Middle,Low,2025-03-03,2.999,2.9677910064878352,119.84
Romania,Europe,Middle,Low,2025-03-10,2.952,2.939370779786554,117.71
Romania,Europe,Middle,Low,2025-03-17,2.908,2.9768479099689897,118.64
Romania,Europe,Middle,Low,2025-03-24,2.974,2.944626291521109,119.96
Romania,Europe,Middle,Low,2025-03-31,2.972,2.9798159305400067,120.22
Romania,Europe,Middle,Low,2025-04-07,3.044,3.0139871084024676,122.0
Romania,Europe,Middle,Low,2025-04-14,3.004,2.9915426185226264,120.21
Romania,Europe,Middle,Low,2025-04-21,3.011,3.059867237286946,122.22
Romania,Europe,Middle,Low,2025-04-28,2.98,2.9841131294727408,121.14
Romania,Europe,Middle,Low,2025-05-05,2.958,2.9241032104924236,119.41
Romania,Europe,Middle,Low,2025-05-12,2.992,2.950835889614581,118.92
Romania,Europe,Middle,Low,2025-05-19,3.001,3.0480904492939964,120.97
Romania,Europe,Middle,Low,2025-05-26,2.988,2.9955496175115552,120.74
Romania,Europe,Middle,Low,2025-06-02,3.0,2.946190689364544,119.42
Romania,Europe,Middle,Low,2025-06-09,2.889,2.9459975961057996,117.67
Romania,Europe,Middle,Low,2025-06-16,2.902,2.883232772017771,117.34
Romania,Europe,Middle,Low,2025-06-23,2.842,2.828855861474428,114.75
Romania,Europe,Middle,Low,2025-06-30,2.808,2.787850733808457,112.99
Romania,Europe,Middle,Low,2025-07-07,2.794,2.84976721592832,114.64
Romania,Europe,Middle,Low,2025-07-14,2.852,2.8305872578063624,116.03
Romania,Europe,Middle,Low,2025-07-21,2.839,2.845953829630195,115.68
Romania,Europe,Middle,Low,2025-07-28,2.848,2.8253698285712123,114.92
Romania,Europe,Middle,Low,2025-08-04,2.838,2.8457749141925937,114.79
Romania,Europe,Middle,Low,2025-08-11,2.926,2.913727662876382,117.41
Romania,Europe,Middle,Low,2025-08-18,2.886,2.93200010883231,117.69
Romania,Europe,Middle,Low,2025-08-25,2.956,2.9110096964487076,118.58
Romania,Europe,Middle,Low,2025-09-01,2.895,2.948689027317238,118.14
Romania,Europe,Middle,Low,2025-09-08,2.926,2.8930112123279925,118.01
Romania,Europe,Middle,Low,2025-09-15,2.931,2.94334359053055,118.59
Romania,Europe,Middle,Low,2025-09-22,2.935,2.930373162249631,118.54
Romania,Europe,Middle,Low,2025-09-29,2.907,2.8739630733031007,116.06
Romania,Europe,Middle,Low,2025-10-06,2.89,2.943626291521109,117.4
Romania,Europe,Middle,Low,2025-10-13,2.876,2.864915073049803,116.46
Romania,Europe,Middle,Low,2025-10-20,2.956,2.9395156063655516,118.8
Romania,Europe,Middle,Low,2025-10-27,2.942,2.9733435905305496,119.42
Romania,Europe,Middle,Low,2025-11-03,2.961,2.9400112123279927,119.31
Romania,Europe,Middle,Low,2025-11-10,2.958,2.967186004844399,119.63
Romania,Europe,Middle,Low,2025-11-17,2.914,2.951862697713379,119.3
Romania,Europe,Middle,Low,2025-11-24,2.974,2.893532944980564,118.52
Romania,Europe,Middle,Low,2025-12-01,2.923,2.974607562935449,118.57
Romania,Europe,Middle,Low,2025-12-08,2.975,2.945269444632952,119.43
Romania,Europe,Middle,Low,2025-12-15,2.927,2.9608686963009028,118.67
Romania,Europe,Middle,Low,2025-12-22,2.893,2.9020619353471457,117.73
Romania,Europe,Middle,Low,2025-12-29,2.908,2.880558549780388,117.1
Romania,Europe,Middle,Low,2026-01-05,2.946,2.9327010476716473,118.04
Romania,Europe,Middle,Low,2026-01-12,2.967,2.985638912865022,119.58
Romania,Europe,Middle,Low,2026-01-19,2.969,2.9728159305400066,119.82
Romania,Europe,Middle,Low,2026-01-26,2.997,2.982931546712401,120.32
Romania,Europe,Middle,Low,2026-02-02,2.932,2.9718387233400954,119.36
Romania,Europe,Middle,Low,2026-02-09,2.99,2.9544163069302942,120.21
Romania,Europe,Middle,Low,2026-02-16,2.993,3.003784684415059,120.67
Romania,Europe,Middle,Low,2026-02-23,2.95,2.9633961286766985,119.62
Romania,Europe,Middle,Low,2026-03-02,3.097,3.077964359369319,124.85
Romania,Europe,Middle,Low,2026-03-09,3.23,3.224118598559356,130.0
Romania,Europe,Middle,Low,2026-03-16,3.236,3.229130220884889,130.0
Romania,Europe,Middle,Low,2026-03-23,3.201,3.2352707060494335,130.0
Romania,Europe,Middle,Low,2026-03-30,3.236,3.2002707060494333,130.0
Romania,Europe,Middle,Low,2026-04-06,3.206,3.2352707060494335,130.0
Russia,Europe,Middle,High,2025-01-20,0.849,0.8628542311747402,122.38
Russia,Europe,Middle,High,2025-01-27,0.836,0.8287656014354847,120.18
Russia,Europe,Middle,High,2025-02-03,0.814,0.8226952484474901,119.05
Russia,Europe,Middle,High,2025-02-10,0.803,0.8332417744477957,120.85
Russia,Europe,Middle,High,2025-02-17,0.809,0.7945939465316517,120.24
Russia,Europe,Middle,High,2025-02-24,0.827,0.8022651201379771,119.66
Russia,Europe,Middle,High,2025-03-03,0.821,0.8284172757932668,119.84
Russia,Europe,Middle,High,2025-03-10,0.809,0.7994599250043664,117.71
Russia,Europe,Middle,High,2025-03-17,0.783,0.8171467986865768,118.64
Russia,Europe,Middle,High,2025-03-24,0.81,0.7964965354522048,119.96
Russia,Europe,Middle,High,2025-03-31,0.805,0.8125438456282759,120.22
Russia,Europe,Middle,High,2025-04-07,0.872,0.8234599773537004,122.0
Russia,Europe,Middle,High,2025-04-14,0.804,0.857044013903653,120.21
Russia,Europe,Middle,High,2025-04-21,0.803,0.8289241107586226,122.22
Russia,Europe,Middle,High,2025-04-28,0.85,0.791463482871367,121.14
Russia,Europe,Middle,High,2025-05-05,0.798,0.8316046058734506,119.41
Russia,Europe,Middle,High,2025-05-12,0.778,0.7966188096818774,118.92
Russia,Europe,Middle,High,2025-05-19,0.835,0.8031473227656728,120.97
Russia,Europe,Middle,High,2025-05-26,0.809,0.830618978322199,120.74
Russia,Europe,Middle,High,2025-06-02,0.835,0.7914082128803143,119.42
Russia,Europe,Middle,High,2025-06-09,0.788,0.8184989914868263,117.67
Russia,Europe,Middle,High,2025-06-16,0.778,0.7874476592402646,117.34
Russia,Europe,Middle,High,2025-06-23,0.763,0.7495758674242532,114.75
Russia,Europe,Middle,High,2025-06-30,0.769,0.7463521291894837,112.99
Russia,Europe,Middle,High,2025-07-07,0.77,0.7872400848795527,114.64
Russia,Europe,Middle,High,2025-07-14,0.823,0.7834575017374582,116.03
Russia,Europe,Middle,High,2025-07-21,0.788,0.8221687168526883,115.68
Russia,Europe,Middle,High,2025-07-28,0.777,0.780806605677102,114.92
Russia,Europe,Middle,High,2025-08-04,0.793,0.775470985686279,114.79
Russia,Europe,Middle,High,2025-08-11,0.815,0.8228083062957776,117.41
Russia,Europe,Middle,High,2025-08-18,0.82,0.8177280239205793,117.69
Russia,Europe,Middle,High,2025-08-25,0.824,0.8289029857516694,118.58
Russia,Europe,Middle,High,2025-09-01,0.793,0.8224719473845347,118.14
Russia,Europe,Middle,High,2025-09-08,0.782,0.7920805731386363,118.01
Russia,Europe,Middle,High,2025-09-15,0.807,0.7878468580831108,118.59
Russia,Europe,Middle,High,2025-09-22,0.802,0.807442523060275,118.54
Russia,Europe,Middle,High,2025-09-29,0.767,0.7807190207745462,116.06
Russia,Europe,Middle,High,2025-10-06,0.799,0.7804965354522048,117.4
Russia,Europe,Middle,High,2025-10-13,0.805,0.7860137677790751,116.46
Russia,Europe,Middle,High,2025-10-20,0.815,0.8336515926883411,118.8
Russia,Europe,Middle,High,2025-10-27,0.807,0.8208468580831108,119.42
Russia,Europe,Middle,High,2025-11-03,0.803,0.8060805731386363,119.31
Russia,Europe,Middle,High,2025-11-10,0.783,0.8059139199326686,119.63
Russia,Europe,Middle,High,2025-11-17,0.815,0.7820775849358719,119.3
Russia,Europe,Middle,High,2025-11-24,0.797,0.8029911932025695,118.52
Russia,Europe,Middle,High,2025-12-01,0.831,0.7986769237460927,118.57
Russia,Europe,Middle,High,2025-12-08,0.799,0.8380873554366277,119.43
Russia,Europe,Middle,High,2025-12-15,0.842,0.790711072821417,118.67
Russia,Europe,Middle,High,2025-12-22,0.8,0.8291606300764176,117.73
Russia,Europe,Middle,High,2025-12-29,0.845,0.7933414698476847,117.1
Russia,Europe,Middle,High,2026-01-05,0.778,0.8529999363892341,118.04
Russia,Europe,Middle,High,2026-01-12,0.807,0.7931224239586898,119.58
Russia,Europe,Middle,High,2026-01-19,0.849,0.8095438456282759,119.82
Russia,Europe,Middle,High,2026-01-26,0.822,0.853762033017802,120.32
Russia,Europe,Middle,High,2026-02-02,0.812,0.8089374180693675,119.36
Russia,Europe,Middle,High,2026-02-09,0.819,0.8192342177339704,120.21
Russia,Europe,Middle,High,2026-02-16,0.836,0.8236151707204593,120.67
Russia,Europe,Middle,High,2026-02-23,0.782,0.8217464820753249,119.62
Russia,Europe,Middle,High,2026-03-02,0.872,0.8447557907953501,124.85
Russia,Europe,Middle,High,2026-03-09,0.901,0.9344449804338578,130.0
Russia,Europe,Middle,High,2026-03-16,0.89,0.9017345321440029,130.0
Russia,Europe,Middle,High,2026-03-23,0.854,0.8903400668600772,130.0
Russia,Europe,Middle,High,2026-03-30,0.893,0.8543400668600771,130.0
Russia,Europe,Middle,High,2026-04-06,0.904,0.8933400668600772,130.0
Rwanda,Africa,Low,Low,2025-01-20,2.864,2.866483009900575,122.38
Rwanda,Africa,Low,Low,2025-01-27,2.816,2.8139942999935545,120.18
Rwanda,Africa,Low,Low,2025-02-03,2.795,2.7893022731989245,119.05
Rwanda,Africa,Low,Low,2025-02-10,2.842,2.832809630333086,120.85
Rwanda,Africa,Low,Low,2025-02-17,2.771,2.829093992626873,120.24
Rwanda,Africa,Low,Low,2025-02-24,2.843,2.759765166233198,119.66
Rwanda,Africa,Low,Low,2025-03-03,2.786,2.8450085604897737,119.84
Rwanda,Africa,Low,Low,2025-03-10,2.752,2.7368416487197806,117.71
Rwanda,Africa,Low,Low,2025-03-17,2.763,2.774607033536354,118.64
Rwanda,Africa,Low,Low,2025-03-24,2.815,2.796279589053093,119.96
Rwanda,Africa,Low,Low,2025-03-31,2.837,2.819874434431044,120.22
Rwanda,Africa,Low,Low,2025-04-07,2.842,2.8740278332389906,122.0
Rwanda,Africa,Low,Low,2025-04-14,2.856,2.796353370895496,120.21
Rwanda,Africa,Low,Low,2025-04-21,2.894,2.903207791887734,122.22
Rwanda,Africa,Low,Low,2025-04-28,2.854,2.8679576901863,121.14
Rwanda,Africa,Low,Low,2025-05-05,2.785,2.8060267803017953,119.41
Rwanda,Africa,Low,Low,2025-05-12,2.802,2.779118855777099,118.92
Rwanda,Africa,Low,Low,2025-05-19,2.835,2.8494310038947845,120.97
Rwanda,Africa,Low,Low,2025-05-26,2.83,2.8300037341156856,120.74
Rwanda,Africa,Low,Low,2025-06-02,2.814,2.7914967086992974,119.42
Rwanda,Africa,Low,Low,2025-06-09,2.77,2.7679211659151712,117.67
Rwanda,Africa,Low,Low,2025-06-16,2.738,2.7646868886219016,117.34
Rwanda,Africa,Low,Low,2025-06-23,2.693,2.6752292350404794,114.75
Rwanda,Africa,Low,Low,2025-06-30,2.662,2.6467743036178284,112.99
Rwanda,Africa,Low,Low,2025-07-07,2.637,2.6988079407648424,114.64
Rwanda,Africa,Low,Low,2025-07-14,2.72,2.6702405553383466,116.03
Rwanda,Africa,Low,Low,2025-07-21,2.723,2.7144079462343256,115.68
Rwanda,Africa,Low,Low,2025-07-28,2.67,2.7113272067212733,114.92
Rwanda,Africa,Low,Low,2025-08-04,2.705,2.667340874233622,114.79
Rwanda,Africa,Low,Low,2025-08-11,2.727,2.765671856371846,117.41
Rwanda,Africa,Low,Low,2025-08-18,2.769,2.7320586127233475,117.69
Rwanda,Africa,Low,Low,2025-08-25,2.785,2.791768820016072,118.58
Rwanda,Africa,Low,Low,2025-09-01,2.83,2.778971993479756,118.14
Rwanda,Africa,Low,Low,2025-09-08,2.785,2.828465328932123,118.01
Rwanda,Africa,Low,Low,2025-09-15,2.803,2.8009026518355293,118.59
Rwanda,Africa,Low,Low,2025-09-22,2.755,2.80218604932909,118.54
Rwanda,Africa,Low,Low,2025-09-29,2.698,2.7044160171613743,116.06
Rwanda,Africa,Low,Low,2025-10-06,2.753,2.731279589053093,117.4
Rwanda,Africa,Low,Low,2025-10-13,2.746,2.7298724511998644,116.46
Rwanda,Africa,Low,Low,2025-10-20,2.787,2.797708572775063,118.8
Rwanda,Africa,Low,Low,2025-10-27,2.781,2.802902651835529,119.42
Rwanda,Africa,Low,Low,2025-11-03,2.808,2.779465328932123,119.31
Rwanda,Africa,Low,Low,2025-11-10,2.807,2.8132445087354365,119.63
Rwanda,Africa,Low,Low,2025-11-17,2.829,2.801316814317509,119.3
Rwanda,Africa,Low,Low,2025-11-24,2.788,2.810490323130625,118.52
Rwanda,Africa,Low,Low,2025-12-01,2.709,2.7879475703485785,118.57
Rwanda,Africa,Low,Low,2025-12-08,2.804,2.7294196555759465,119.43
Rwanda,Africa,Low,Low,2025-12-15,2.788,2.7918260744509635,118.67
Rwanda,Africa,Low,Low,2025-12-22,2.746,2.7650193134972065,117.73
Rwanda,Africa,Low,Low,2025-12-29,2.728,2.734841515942906,117.1
Rwanda,Africa,Low,Low,2026-01-05,2.799,2.750460171239012,118.04
Rwanda,Africa,Low,Low,2026-01-12,2.771,2.834934987548331,119.58
Rwanda,Africa,Low,Low,2026-01-19,2.852,2.775874434431044,119.82
Rwanda,Africa,Low,Low,2026-01-26,2.802,2.8647288720979556,120.32
Rwanda,Africa,Low,Low,2026-02-02,2.795,2.7787961014901565,119.36
Rwanda,Africa,Low,Low,2026-02-09,2.802,2.8155665178732887,120.21
Rwanda,Africa,Low,Low,2026-02-16,2.812,2.814582009800613,120.67
Rwanda,Africa,Low,Low,2026-02-23,2.788,2.7843535068267595,119.62
Rwanda,Africa,Low,Low,2026-03-02,2.932,2.8846736399137485,124.85
Rwanda,Africa,Low,Low,2026-03-09,3.036,3.0282978872105524,130.0
Rwanda,Africa,Low,Low,2026-03-16,3.02,3.035986177857993,130.0
Rwanda,Africa,Low,Low,2026-03-23,3.072,3.0197484993116936,130.0
Rwanda,Africa,Low,Low,2026-03-30,3.045,3.0717484993116937,130.0
Rwanda,Africa,Low,Low,2026-04-06,3.064,3.0447484993116936,130.0
Saudi Arabia,Middle East,High,Very High,2025-01-20,0.276,0.2493908694377907,122.38
Saudi Arabia,Middle East,High,Very High,2025-01-27,0.299,0.27166361436118097,120.18
Saudi Arabia,Middle East,High,Very High,2025-02-03,0.298,0.28616134685633143,119.05
Saudi Arabia,Middle East,High,Very High,2025-02-10,0.293,0.3119410408582151,120.85
Saudi Arabia,Middle East,High,Very High,2025-02-17,0.288,0.2840018521640884,120.24
Saudi Arabia,Middle East,High,Very High,2025-02-24,0.269,0.28067302577041386,119.66
Saudi Arabia,Middle East,High,Very High,2025-03-03,0.274,0.27109173011277093,119.84
Saudi Arabia,Middle East,High,Very High,2025-03-10,0.276,0.26733933253133496,117.71
Saudi Arabia,Middle East,High,Very High,2025-03-17,0.242,0.28257943998351215,118.64
Saudi Arabia,Middle East,High,Very High,2025-03-24,0.31,0.25096158590260725,119.96
Saudi Arabia,Middle East,High,Very High,2025-03-31,0.269,0.31307072069278985,120.22
Saudi Arabia,Middle East,High,Very High,2025-04-07,0.327,0.282717828851165,122.0
Saudi Arabia,Middle East,High,Very High,2025-04-14,0.29,0.3183041744477103,120.21
Saudi Arabia,Middle East,High,Very High,2025-04-21,0.267,0.30554423033076433,122.22
Saudi Arabia,Middle East,High,Very High,2025-04-28,0.301,0.25481676384370644,121.14
Saudi Arabia,Middle East,High,Very High,2025-05-05,0.28,0.28966322071895556,119.41
Saudi Arabia,Middle East,High,Very High,2025-05-12,0.254,0.27802671531431405,118.92
Saudi Arabia,Middle East,High,Very High,2025-05-19,0.325,0.2697674423378145,120.97
Saudi Arabia,Middle East,High,Very High,2025-05-26,0.306,0.32492836086564353,120.74
Saudi Arabia,Middle East,High,Very High,2025-06-02,0.279,0.2899867099652655,119.42
Saudi Arabia,Middle East,High,Very High,2025-06-09,0.254,0.26987196946738545,117.67
Saudi Arabia,Middle East,High,Very High,2025-06-16,0.252,0.25292461124745597,117.34
Saudi Arabia,Middle East,High,Very High,2025-06-23,0.272,0.23951887486566614,114.75
Saudi Arabia,Middle East,High,Very High,2025-06-30,0.252,0.2627251071700428,112.99
Saudi Arabia,Middle East,High,Very High,2025-07-07,0.276,0.2646408428133193,114.64
Saudi Arabia,Middle East,High,Very High,2025-07-14,0.267,0.28500791771482364,116.03
Saudi Arabia,Middle East,High,Very High,2025-07-21,0.285,0.2657310343868428,115.68
Saudi Arabia,Middle East,High,Very High,2025-07-28,0.283,0.27732043178545174,114.92
Saudi Arabia,Middle East,High,Very High,2025-08-04,0.252,0.2848695591802205,114.79
Saudi Arabia,Middle East,High,Very High,2025-08-11,0.292,0.26794758975293,117.41
Saudi Arabia,Middle East,High,Very High,2025-08-18,0.28,0.2953402645120564,117.69
Saudi Arabia,Middle East,High,Very High,2025-08-25,0.248,0.28682659199019256,118.58
Saudi Arabia,Middle East,High,Very High,2025-09-01,0.295,0.2458798530169714,118.14
Saudi Arabia,Middle East,High,Very High,2025-09-08,0.294,0.2976026521900171,118.01
Saudi Arabia,Middle East,High,Very High,2025-09-15,0.286,0.2999041627119313,118.59
Saudi Arabia,Middle East,High,Very High,2025-09-22,0.296,0.2884205858917204,118.54
Saudi Arabia,Middle East,High,Very High,2025-09-29,0.266,0.2914656047102343,116.06
Saudi Arabia,Middle East,High,Very High,2025-10-06,0.283,0.2749615859026073,117.4
Saudi Arabia,Middle East,High,Very High,2025-10-13,0.279,0.27047986618791636,116.46
Saudi Arabia,Middle East,High,Very High,2025-10-20,0.319,0.29024275753978995,118.8
Saudi Arabia,Middle East,High,Very High,2025-10-27,0.254,0.32490416271193134,119.42
Saudi Arabia,Middle East,High,Very High,2025-11-03,0.225,0.2566026521900171,119.31
Saudi Arabia,Middle East,High,Very High,2025-11-10,0.249,0.22844079499718264,119.63
Saudi Arabia,Middle East,High,Very High,2025-11-17,0.268,0.2475545369430632,119.3
Saudi Arabia,Middle East,High,Very High,2025-11-24,0.278,0.25601405436933167,118.52
Saudi Arabia,Middle East,High,Very High,2025-12-01,0.257,0.28121284619811254,118.57
Saudi Arabia,Middle East,High,Very High,2025-12-08,0.276,0.2637599172597024,119.43
Saudi Arabia,Middle East,High,Very High,2025-12-15,0.277,0.267733933988179,118.67
Saudi Arabia,Middle East,High,Very High,2025-12-22,0.298,0.26462672848525903,117.73
Saudi Arabia,Middle East,High,Very High,2025-12-29,0.314,0.29074937548012136,117.1
Saudi Arabia,Middle East,High,Very High,2026-01-05,0.288,0.3204325776861695,118.04
Saudi Arabia,Middle East,High,Very High,2026-01-12,0.263,0.2986802929069395,119.58
Saudi Arabia,Middle East,High,Very High,2026-01-19,0.282,0.26607072069278986,119.82
Saudi Arabia,Middle East,High,Very High,2026-01-26,0.255,0.2870045124032911,120.32
Saudi Arabia,Middle East,High,Very High,2026-02-02,0.282,0.24240351647820887,119.36
Saudi Arabia,Middle East,High,Very High,2026-02-09,0.299,0.28890677955704497,120.21
Saudi Arabia,Middle East,High,Very High,2026-02-16,0.297,0.3038576501059485,120.67
Saudi Arabia,Middle East,High,Very High,2026-02-23,0.264,0.2832125804841662,119.62
Saudi Arabia,Middle East,High,Very High,2026-03-02,0.295,0.26661746442498624,124.85
Saudi Arabia,Middle East,High,Very High,2026-03-09,0.317,0.2969660460560952,130.0
Saudi Arabia,Middle East,High,Very High,2026-03-16,0.333,0.3196908833128926,130.0
Saudi Arabia,Middle East,High,Very High,2026-03-23,0.295,0.33522612686627773,130.0
Saudi Arabia,Middle East,High,Very High,2026-03-30,0.333,0.2972261268662777,130.0
Saudi Arabia,Middle East,High,Very High,2026-04-06,0.309,0.33522612686627773,130.0
Senegal,Africa,Low,Medium,2025-01-20,1.702,1.725461163692906,122.38
Senegal,Africa,Low,Medium,2025-01-27,1.672,1.6715397030981478,120.18
Senegal,Africa,Low,Medium,2025-02-03,1.663,1.65434799206429,119.05
Senegal,Africa,Low,Medium,2025-02-10,1.682,1.6898227245483015,120.85
Senegal,Africa,Low,Medium,2025-02-17,1.641,1.6690721464192038,120.24
Senegal,Africa,Low,Medium,2025-02-24,1.629,1.6297433200255291,119.66
Senegal,Africa,Low,Medium,2025-03-03,1.625,1.6305219907698776,119.84
Senegal,Africa,Low,Medium,2025-03-10,1.621,1.5967070286336753,117.71
Senegal,Africa,Low,Medium,2025-03-17,1.634,1.635768622381413,118.64
Senegal,Africa,Low,Medium,2025-03-24,1.68,1.6539521627365,119.96
Senegal,Africa,Low,Medium,2025-03-31,1.673,1.6835616956980275,120.22
Senegal,Africa,Low,Medium,2025-04-07,1.707,1.6990409274542062,122.0
Senegal,Africa,Low,Medium,2025-04-14,1.692,1.6834652484711379,120.21
Senegal,Africa,Low,Medium,2025-04-21,1.668,1.721786685440298,122.22
Senegal,Africa,Low,Medium,2025-04-28,1.655,1.651003409051665,121.14
Senegal,Africa,Low,Medium,2025-05-05,1.615,1.6291386578774374,119.41
Senegal,Africa,Low,Medium,2025-05-12,1.666,1.6090970095694292,118.92
Senegal,Africa,Low,Medium,2025-05-19,1.673,1.696009897447348,120.97
Senegal,Africa,Low,Medium,2025-05-26,1.68,1.668323820552604,120.74
Senegal,Africa,Low,Medium,2025-06-02,1.653,1.6580239745235283,119.42
Senegal,Africa,Low,Medium,2025-06-09,1.611,1.629033043490813,117.67
Senegal,Africa,Low,Medium,2025-06-16,1.63,1.6056650424142325,117.34
Senegal,Africa,Low,Medium,2025-06-23,1.568,1.589209060841858,114.75
Senegal,Africa,Low,Medium,2025-06-30,1.562,1.5438861811934703,112.99
Senegal,Africa,Low,Medium,2025-07-07,1.553,1.5878210349800586,114.64
Senegal,Africa,Low,Medium,2025-07-14,1.643,1.5729131290217533,116.03
Senegal,Africa,Low,Medium,2025-07-21,1.576,1.6373861000266563,115.68
Senegal,Africa,Low,Medium,2025-07-28,1.594,1.5643053605136041,114.92
Senegal,Africa,Low,Medium,2025-08-04,1.61,1.5920298216255715,114.79
Senegal,Africa,Low,Medium,2025-08-11,1.608,1.643347140202453,117.41
Senegal,Africa,Low,Medium,2025-08-18,1.631,1.6117458739903312,117.69
Senegal,Africa,Low,Medium,2025-08-25,1.632,1.6459304088611304,118.58
Senegal,Africa,Low,Medium,2025-09-01,1.638,1.6259501472720865,118.14
Senegal,Africa,Low,Medium,2025-09-08,1.669,1.6371542763240718,118.01
Senegal,Africa,Low,Medium,2025-09-15,1.612,1.6800494419756473,118.59
Senegal,Africa,Low,Medium,2025-09-22,1.66,1.6126447855561739,118.54
Senegal,Africa,Low,Medium,2025-09-29,1.633,1.6289614202659675,116.06
Senegal,Africa,Low,Medium,2025-10-06,1.601,1.6529521627365,117.4
Senegal,Africa,Low,Medium,2025-10-13,1.629,1.583666511395875,116.46
Senegal,Africa,Low,Medium,2025-10-20,1.647,1.6599553917345535,118.8
Senegal,Africa,Low,Medium,2025-10-27,1.651,1.6580494419756473,119.42
Senegal,Africa,Low,Medium,2025-11-03,1.625,1.650154276324072,119.31
Senegal,Africa,Low,Medium,2025-11-10,1.658,1.6289317700024204,119.63
Senegal,Africa,Low,Medium,2025-11-17,1.672,1.6522949681098396,119.3
Senegal,Africa,Low,Medium,2025-11-24,1.669,1.656084348624447,118.52
Senegal,Africa,Low,Medium,2025-12-01,1.648,1.6704063065756625,118.57
Senegal,Africa,Low,Medium,2025-12-08,1.636,1.6615149491555221,119.43
Senegal,Africa,Low,Medium,2025-12-15,1.663,1.6238042282432943,118.67
Senegal,Africa,Low,Medium,2025-12-22,1.653,1.6458133736932177,117.73
Senegal,Africa,Low,Medium,2025-12-29,1.609,1.6418196697352367,117.1
Senegal,Africa,Low,Medium,2026-01-05,1.647,1.6236217600840703,118.04
Senegal,Africa,Low,Medium,2026-01-12,1.638,1.670527022051771,119.58
Senegal,Africa,Low,Medium,2026-01-19,1.658,1.6415616956980275,119.82
Senegal,Africa,Low,Medium,2026-01-26,1.672,1.6670125236687636,120.32
Senegal,Africa,Low,Medium,2026-02-02,1.635,1.6545901616861673,119.36
Senegal,Africa,Low,Medium,2026-02-09,1.678,1.6486618114528648,120.21
Senegal,Africa,Low,Medium,2026-02-16,1.674,1.6868656613714212,120.67
Senegal,Africa,Low,Medium,2026-02-23,1.671,1.6553992256921248,119.62
Senegal,Africa,Low,Medium,2026-03-02,1.729,1.7261695933429015,124.85
Senegal,Africa,Low,Medium,2026-03-09,1.779,1.7837938406397054,130.0
Senegal,Africa,Low,Medium,2026-03-16,1.797,1.7804449140850767,130.0
Senegal,Africa,Low,Medium,2026-03-23,1.805,1.7980851278366823,130.0
Senegal,Africa,Low,Medium,2026-03-30,1.826,1.8060851278366823,130.0
Senegal,Africa,Low,Medium,2026-04-06,1.762,1.8270851278366824,130.0
Singapore,Asia,High,Low,2025-01-20,5.201,5.225995671658252,122.38
Singapore,Asia,High,Low,2025-01-27,5.126,5.130059989204998,120.18
Singapore,Asia,High,Low,2025-02-03,5.069,5.09245180031555,119.05
Singapore,Asia,High,Low,2025-02-10,5.186,5.125659717982967,120.85
Singapore,Asia,High,Low,2025-02-17,5.109,5.167537020444566,120.24
Singapore,Asia,High,Low,2025-02-24,5.114,5.091277827990876,119.66
Singapore,Asia,High,Low,2025-03-03,5.138,5.117402176127941,119.84
Singapore,Asia,High,Low,2025-03-10,5.015,5.0696810798012075,117.71
Singapore,Asia,High,Low,2025-03-17,5.054,5.0422267123734175,118.64
Singapore,Asia,High,Low,2025-03-24,5.065,5.0994519389890804,119.96
Singapore,Asia,High,Low,2025-03-31,5.154,5.071738483546661,120.22
Singapore,Asia,High,Low,2025-04-07,5.196,5.210436505975917,122.0
Singapore,Asia,High,Low,2025-04-14,5.13,5.1382241732435165,120.21
Singapore,Asia,High,Low,2025-04-21,5.231,5.196456132008037,122.22
Singapore,Asia,High,Low,2025-04-28,5.171,5.198107217302925,121.14
Singapore,Asia,High,Low,2025-05-05,5.064,5.111827948709833,119.41
Singapore,Asia,High,Low,2025-05-12,5.093,5.0516315175347755,118.92
Singapore,Asia,High,Low,2025-05-19,5.143,5.159679344015087,120.97
Singapore,Asia,High,Low,2025-05-26,5.118,5.134657952139392,120.74
Singapore,Asia,High,Low,2025-06-02,5.093,5.0731239175235,119.42
Singapore,Asia,High,Low,2025-06-09,5.002,5.0347919682631925,117.67
Singapore,Asia,High,Low,2025-06-16,4.988,4.990529413467917,117.34
Singapore,Asia,High,Low,2025-06-23,4.894,4.89546025335108,114.75
Singapore,Asia,High,Low,2025-06-30,4.81,4.83564510596585,112.99
Singapore,Asia,High,Low,2025-07-07,4.838,4.865359519938071,114.64
Singapore,Asia,High,Low,2025-07-14,4.914,4.88357169675307,116.03
Singapore,Asia,High,Low,2025-07-21,4.928,4.902409262559077,115.68
Singapore,Asia,High,Low,2025-07-28,4.926,4.909998659957687,114.92
Singapore,Asia,High,Low,2025-08-04,4.9,4.920963467025349,114.79
Singapore,Asia,High,Low,2025-08-11,5.001,4.986868924792945,117.41
Singapore,Asia,High,Low,2025-08-18,4.985,5.008081453317701,117.69
Singapore,Asia,High,Low,2025-08-25,5.042,5.012547290331871,118.58
Singapore,Asia,High,Low,2025-09-01,5.017,5.029484655237432,118.14
Singapore,Asia,High,Low,2025-09-08,5.005,5.0126231340833725,118.01
Singapore,Asia,High,Low,2025-09-15,5.044,5.023895630712345,118.59
Singapore,Asia,High,Low,2025-09-22,5.008,5.043211982958923,118.54
Singapore,Asia,High,Low,2025-09-29,4.954,4.936161860861956,116.06
Singapore,Asia,High,Low,2025-10-06,5.002,4.99945193898908,117.4
Singapore,Asia,High,Low,2025-10-13,4.953,4.972021978316489,116.46
Singapore,Asia,High,Low,2025-10-20,5.043,5.024532335892211,118.8
Singapore,Asia,High,Low,2025-10-27,5.084,5.061895630712345,119.42
Singapore,Asia,High,Low,2025-11-03,5.1,5.079623134083372,119.31
Singapore,Asia,High,Low,2025-11-10,5.082,5.1071085578510536,119.63
Singapore,Asia,High,Low,2025-11-17,5.079,5.070159339163524,119.3
Singapore,Asia,High,Low,2025-11-24,5.053,5.054002984888301,118.52
Singapore,Asia,High,Low,2025-12-01,5.075,5.053549938547313,118.57
Singapore,Asia,High,Low,2025-12-08,5.073,5.098412634452762,119.43
Singapore,Asia,High,Low,2025-12-15,5.067,5.054338736208641,118.67
Singapore,Asia,High,Low,2025-12-22,5.042,5.037168840613832,117.73
Singapore,Asia,High,Low,2025-12-29,4.974,5.024354177700583,117.1
Singapore,Asia,High,Low,2026-01-05,5.063,5.001079850076075,118.04
Singapore,Asia,High,Low,2026-01-12,5.105,5.117501823298666,119.58
Singapore,Asia,High,Low,2026-01-19,5.106,5.111738483546661,119.82
Singapore,Asia,High,Low,2026-01-26,5.121,5.121002588911071,120.32
Singapore,Asia,High,Low,2026-02-02,5.087,5.090945628606782,119.36
Singapore,Asia,High,Low,2026-02-09,5.112,5.1105594967501045,120.21
Singapore,Asia,High,Low,2026-02-16,5.13,5.126855726613728,120.67
Singapore,Asia,High,Low,2026-02-23,5.065,5.095865030704924,119.62
Singapore,Asia,High,Low,2026-03-02,5.33,5.19816763406318,124.85
Singapore,Asia,High,Low,2026-03-09,5.549,5.462516215694289,130.0
Singapore,Asia,High,Low,2026-03-16,5.515,5.548576723563991,130.0
Singapore,Asia,High,Low,2026-03-23,5.544,5.5142667811000745,130.0
Singapore,Asia,High,Low,2026-03-30,5.548,5.543266781100074,130.0
Singapore,Asia,High,Low,2026-04-06,5.549,5.547266781100075,130.0
South Africa,Africa,Middle,Low,2025-01-20,2.927,2.94005933858532,122.38
South Africa,Africa,Middle,Low,2025-01-27,2.851,2.8767976588696618,120.18
South Africa,Africa,Middle,Low,2025-02-03,2.845,2.824392378979958,119.05
South Africa,Africa,Middle,Low,2025-02-10,2.884,2.882899736114119,120.85
South Africa,Africa,Middle,Low,2025-02-17,2.857,2.871184098407906,120.24
South Africa,Africa,Middle,Low,2025-02-24,2.834,2.845855272014232,119.66
South Africa,Africa,Middle,Low,2025-03-03,2.835,2.8360986662708068,119.84
South Africa,Africa,Middle,Low,2025-03-10,2.838,2.785158784692176,117.71
South Africa,Africa,Middle,Low,2025-03-17,2.798,2.8606971393173874,118.64
South Africa,Africa,Middle,Low,2025-03-24,2.889,2.8313696948341263,119.96
South Africa,Africa,Middle,Low,2025-03-31,2.885,2.893964540212077,120.22
South Africa,Africa,Middle,Low,2025-04-07,2.908,2.922117939020023,122.0
South Africa,Africa,Middle,Low,2025-04-14,2.877,2.863466188331998,120.21
South Africa,Africa,Middle,Low,2025-04-21,2.928,2.924297897668767,122.22
South Africa,Africa,Middle,Low,2025-04-28,2.898,2.903160613403835,121.14
South Africa,Africa,Middle,Low,2025-05-05,2.853,2.8500267803017953,119.41
South Africa,Africa,Middle,Low,2025-05-12,2.809,2.847208961558132,118.92
South Africa,Africa,Middle,Low,2025-05-19,2.886,2.8565211096758176,120.97
South Africa,Africa,Middle,Low,2025-05-26,2.902,2.8810938398967187,120.74
South Africa,Africa,Middle,Low,2025-06-02,2.833,2.8634967086992975,119.42
South Africa,Africa,Middle,Low,2025-06-09,2.818,2.7869211659151714,117.67
South Africa,Africa,Middle,Low,2025-06-16,2.799,2.812776994402935,117.34
South Africa,Africa,Middle,Low,2025-06-23,2.739,2.7355463710128745,114.75
South Africa,Africa,Middle,Low,2025-06-30,2.692,2.692774303617828,112.99
South Africa,Africa,Middle,Low,2025-07-07,2.709,2.7288980465458756,114.64
South Africa,Africa,Middle,Low,2025-07-14,2.758,2.74233066111938,116.03
South Africa,Africa,Middle,Low,2025-07-21,2.768,2.752498052015359,115.68
South Africa,Africa,Middle,Low,2025-07-28,2.748,2.756417312502306,114.92
South Africa,Africa,Middle,Low,2025-08-04,2.764,2.7463191365777573,114.79
South Africa,Africa,Middle,Low,2025-08-11,2.785,2.8266225477085976,117.41
South Africa,Africa,Middle,Low,2025-08-18,2.787,2.7901487185043807,117.69
South Africa,Africa,Middle,Low,2025-08-25,2.809,2.809858925797105,118.58
South Africa,Africa,Middle,Low,2025-09-01,2.837,2.803062099260789,118.14
South Africa,Africa,Middle,Low,2025-09-08,2.828,2.835555434713156,118.01
South Africa,Africa,Middle,Low,2025-09-15,2.842,2.843992757616562,118.59
South Africa,Africa,Middle,Low,2025-09-22,2.837,2.841276155110123,118.54
South Africa,Africa,Middle,Low,2025-09-29,2.766,2.7857331531337697,116.06
South Africa,Africa,Middle,Low,2025-10-06,2.795,2.7993696948341262,117.4
South Africa,Africa,Middle,Low,2025-10-13,2.789,2.771962556980897,116.46
South Africa,Africa,Middle,Low,2025-10-20,2.848,2.8416868351191984,118.8
South Africa,Africa,Middle,Low,2025-10-27,2.852,2.863992757616562,119.42
South Africa,Africa,Middle,Low,2025-11-03,2.84,2.8505554347131556,119.31
South Africa,Africa,Middle,Low,2025-11-10,2.841,2.8453346145164695,119.63
South Africa,Africa,Middle,Low,2025-11-17,2.851,2.835406920098542,119.3
South Africa,Africa,Middle,Low,2025-11-24,2.818,2.832580428911658,118.52
South Africa,Africa,Middle,Low,2025-12-01,2.836,2.8180376761296118,118.57
South Africa,Africa,Middle,Low,2025-12-08,2.826,2.856509761356979,119.43
South Africa,Africa,Middle,Low,2025-12-15,2.839,2.8139161802319967,118.67
South Africa,Africa,Middle,Low,2025-12-22,2.796,2.8161094192782397,117.73
South Africa,Africa,Middle,Low,2025-12-29,2.787,2.784931621723939,117.1
South Africa,Africa,Middle,Low,2026-01-05,2.788,2.809550277020045,118.04
South Africa,Africa,Middle,Low,2026-01-12,2.852,2.824025093329364,119.58
South Africa,Africa,Middle,Low,2026-01-19,2.874,2.856964540212077,119.82
South Africa,Africa,Middle,Low,2026-01-26,2.908,2.886818977878989,120.32
South Africa,Africa,Middle,Low,2026-02-02,2.892,2.8848862072711894,119.36
South Africa,Africa,Middle,Low,2026-02-09,2.869,2.9126566236543217,120.21
South Africa,Africa,Middle,Low,2026-02-16,2.874,2.881672115581646,120.67
South Africa,Africa,Middle,Low,2026-02-23,2.878,2.8464436126077928,119.62
South Africa,Africa,Middle,Low,2026-03-02,2.988,2.981049333998299,124.85
South Africa,Africa,Middle,Low,2026-03-09,3.112,3.0904792388540314,130.0
South Africa,Africa,Middle,Low,2026-03-16,3.077,3.1113845311890187,130.0
South Africa,Africa,Middle,Low,2026-03-23,3.102,3.076682270694912,130.0
South Africa,Africa,Middle,Low,2026-03-30,3.114,3.101682270694912,130.0
South Africa,Africa,Middle,Low,2026-04-06,3.112,3.113682270694912,130.0
South Korea,Asia,High,Low,2025-01-20,4.195,4.207995671658252,122.38
South Korea,Asia,High,Low,2025-01-27,4.114,4.124059989204999,120.18
South Korea,Asia,High,Low,2025-02-03,4.044,4.08045180031555,119.05
South Korea,Asia,High,Low,2025-02-10,4.144,4.100659717982967,120.85
South Korea,Asia,High,Low,2025-02-17,4.087,4.1255370204445665,120.24
South Korea,Asia,High,Low,2025-02-24,4.112,4.0692778279908755,119.66
South Korea,Asia,High,Low,2025-03-03,4.1,4.115402176127941,119.84
South Korea,Asia,High,Low,2025-03-10,4.07,4.031681079801207,117.71
South Korea,Asia,High,Low,2025-03-17,4.057,4.097226712373418,118.64
South Korea,Asia,High,Low,2025-03-24,4.142,4.102451938989081,119.96
South Korea,Asia,High,Low,2025-03-31,4.126,4.148738483546661,120.22
South Korea,Asia,High,Low,2025-04-07,4.154,4.182436505975917,122.0
South Korea,Asia,High,Low,2025-04-14,4.124,4.096224173243517,120.21
South Korea,Asia,High,Low,2025-04-21,4.207,4.190456132008037,122.22
South Korea,Asia,High,Low,2025-04-28,4.134,4.174107217302925,121.14
South Korea,Asia,High,Low,2025-05-05,4.079,4.074827948709833,119.41
South Korea,Asia,High,Low,2025-05-12,4.068,4.066631517534775,118.92
South Korea,Asia,High,Low,2025-05-19,4.156,4.134679344015087,120.97
South Korea,Asia,High,Low,2025-05-26,4.139,4.147657952139392,120.74
South Korea,Asia,High,Low,2025-06-02,4.089,4.0941239175235,119.42
South Korea,Asia,High,Low,2025-06-09,4.034,4.030791968263193,117.67
South Korea,Asia,High,Low,2025-06-16,4.001,4.022529413467917,117.34
South Korea,Asia,High,Low,2025-06-23,3.913,3.90846025335108,114.75
South Korea,Asia,High,Low,2025-06-30,3.871,3.8546451059658495,112.99
South Korea,Asia,High,Low,2025-07-07,3.93,3.926359519938071,114.64
South Korea,Asia,High,Low,2025-07-14,3.989,3.97557169675307,116.03
South Korea,Asia,High,Low,2025-07-21,3.957,3.9774092625590773,115.68
South Korea,Asia,High,Low,2025-07-28,3.969,3.938998659957686,114.92
South Korea,Asia,High,Low,2025-08-04,3.954,3.963963467025348,114.79
South Korea,Asia,High,Low,2025-08-11,4.043,4.040868924792944,117.41
South Korea,Asia,High,Low,2025-08-18,4.053,4.050081453317701,117.69
South Korea,Asia,High,Low,2025-08-25,4.08,4.080547290331871,118.58
South Korea,Asia,High,Low,2025-09-01,4.049,4.067484655237433,118.14
South Korea,Asia,High,Low,2025-09-08,4.012,4.0446231340833725,118.01
South Korea,Asia,High,Low,2025-09-15,4.099,4.030895630712345,118.59
South Korea,Asia,High,Low,2025-09-22,4.078,4.098211982958923,118.54
South Korea,Asia,High,Low,2025-09-29,3.962,4.0061618608619565,116.06
South Korea,Asia,High,Low,2025-10-06,3.982,4.007451938989081,117.4
South Korea,Asia,High,Low,2025-10-13,4.002,3.9520219783164894,116.46
South Korea,Asia,High,Low,2025-10-20,4.069,4.07353233589221,118.8
South Korea,Asia,High,Low,2025-10-27,4.137,4.087895630712345,119.42
South Korea,Asia,High,Low,2025-11-03,4.077,4.132623134083372,119.31
South Korea,Asia,High,Low,2025-11-10,4.112,4.084108557851054,119.63
South Korea,Asia,High,Low,2025-11-17,4.124,4.1001593391635245,119.3
South Korea,Asia,High,Low,2025-11-24,4.038,4.099002984888301,118.52
South Korea,Asia,High,Low,2025-12-01,4.092,4.038549938547313,118.57
South Korea,Asia,High,Low,2025-12-08,4.077,4.1154126344527615,119.43
South Korea,Asia,High,Low,2025-12-15,4.064,4.058338736208641,118.67
South Korea,Asia,High,Low,2025-12-22,4.033,4.034168840613832,117.73
South Korea,Asia,High,Low,2025-12-29,4.034,4.0153541777005834,117.1
South Korea,Asia,High,Low,2026-01-05,4.055,4.061079850076075,118.04
South Korea,Asia,High,Low,2026-01-12,4.108,4.109501823298666,119.58
South Korea,Asia,High,Low,2026-01-19,4.111,4.1147384835466605,119.82
South Korea,Asia,High,Low,2026-01-26,4.115,4.126002588911071,120.32
South Korea,Asia,High,Low,2026-02-02,4.107,4.084945628606782,119.36
South Korea,Asia,High,Low,2026-02-09,4.12,4.130559496750105,120.21
South Korea,Asia,High,Low,2026-02-16,4.131,4.134855726613728,120.67
South Korea,Asia,High,Low,2026-02-23,4.134,4.096865030704924,119.62
South Korea,Asia,High,Low,2026-03-02,4.28,4.26716763406318,124.85
South Korea,Asia,High,Low,2026-03-09,4.467,4.412516215694289,130.0
South Korea,Asia,High,Low,2026-03-16,4.46,4.46657672356399,130.0
South Korea,Asia,High,Low,2026-03-23,4.429,4.459266781100075,130.0
South Korea,Asia,High,Low,2026-03-30,4.435,4.428266781100075,130.0
South Korea,Asia,High,Low,2026-04-06,4.469,4.434266781100074,130.0
Spain,Europe,High,Low,2025-01-20,4.468,4.452948187727158,122.38
Spain,Europe,High,Low,2025-01-27,4.39,4.385953921335731,120.18
Spain,Europe,High,Low,2025-02-03,4.313,4.354404316384456,119.05
Spain,Europe,High,Low,2025-02-10,4.376,4.374942688671604,120.85
Spain,Europe,High,Low,2025-02-17,4.342,4.355233582441,120.24
Spain,Europe,High,Low,2025-02-24,4.359,4.322904756047325,119.66
Spain,Europe,High,Low,2025-03-03,4.349,4.3635083176511635,119.84
Spain,Europe,High,Low,2025-03-10,4.273,4.2695750119319404,117.71
Spain,Europe,High,Low,2025-03-17,4.317,4.302791284331213,118.64
Spain,Europe,High,Low,2025-03-24,4.365,4.366122336982257,119.96
Spain,Europe,High,Low,2025-03-31,4.355,4.373003675180784,120.22
Spain,Europe,High,Low,2025-04-07,4.43,4.416719476664555,122.0
Spain,Europe,High,Low,2025-04-14,4.365,4.3638189686718025,120.21
Spain,Europe,High,Low,2025-04-21,4.434,4.44043927293241,122.22
Spain,Europe,High,Low,2025-04-28,4.43,4.399059733371831,121.14
Spain,Europe,High,Low,2025-05-05,4.363,4.361492378078101,119.41
Spain,Europe,High,Low,2025-05-12,4.323,4.349258445591225,118.92
Spain,Europe,High,Low,2025-05-19,4.381,4.39866248493946,120.97
Spain,Europe,High,Low,2025-05-26,4.397,4.371183363694213,120.74
Spain,Europe,High,Low,2025-06-02,4.361,4.34788753212873,119.42
Spain,Europe,High,Low,2025-06-09,4.255,4.294386763691477,117.67
Spain,Europe,High,Low,2025-06-16,4.302,4.242985191082754,117.34
Spain,Europe,High,Low,2025-06-23,4.161,4.196033264378747,114.75
Spain,Europe,High,Low,2025-06-30,4.082,4.094239901394134,112.99
Spain,Europe,High,Low,2025-07-07,4.137,4.1426424906267085,114.64
Spain,Europe,High,Low,2025-07-14,4.247,4.1862420947462455,116.03
Spain,Europe,High,Low,2025-07-21,4.224,4.234865040173914,115.68
Spain,Europe,High,Low,2025-07-28,4.188,4.203951176026592,114.92
Spain,Europe,High,Low,2025-08-04,4.156,4.182419244640185,114.79
Spain,Europe,High,Low,2025-08-11,4.253,4.256027083347279,117.41
Spain,Europe,High,Low,2025-08-18,4.286,4.261346644951824,117.69
Spain,Europe,High,Low,2025-08-25,4.32,4.316111862289667,118.58
Spain,Europe,High,Low,2025-09-01,4.306,4.306111583293883,118.14
Spain,Europe,High,Low,2025-09-08,4.288,4.301078911698209,118.01
Spain,Europe,High,Low,2025-09-15,4.326,4.308660264932526,118.59
Spain,Europe,High,Low,2025-09-22,4.298,4.3253089900984305,118.54
Spain,Europe,High,Low,2025-09-29,4.196,4.214252296047288,116.06
Spain,Europe,High,Low,2025-10-06,4.265,4.245122336982257,117.4
Spain,Europe,High,Low,2025-10-13,4.26,4.232974494385395,116.46
Spain,Europe,High,Low,2025-10-20,4.301,4.342414150525116,118.8
Spain,Europe,High,Low,2025-10-27,4.313,4.321660264932526,119.42
Spain,Europe,High,Low,2025-11-03,4.299,4.308078911698209,119.31
Spain,Europe,High,Low,2025-11-10,4.371,4.307373749485177,119.63
Spain,Europe,High,Low,2025-11-17,4.33,4.3586151167783616,119.3
Spain,Europe,High,Low,2025-11-24,4.288,4.302955500957208,118.52
Spain,Europe,High,Low,2025-12-01,4.289,4.289418077868761,118.57
Spain,Europe,High,Low,2025-12-08,4.309,4.314586119034928,119.43
Spain,Europe,High,Low,2025-12-15,4.31,4.2882912522775465,118.67
Spain,Europe,High,Low,2025-12-22,4.257,4.278121356682737,117.73
Spain,Europe,High,Low,2025-12-29,4.232,4.237981105757032,117.1
Spain,Europe,High,Low,2026-01-05,4.264,4.261644422033871,118.04
Spain,Europe,High,Low,2026-01-12,4.345,4.3225294441405175,119.58
Spain,Europe,High,Low,2026-01-19,4.375,4.3530036751807835,119.82
Spain,Europe,High,Low,2026-01-26,4.372,4.391528959050677,120.32
Spain,Europe,High,Low,2026-02-02,4.303,4.339898144675687,119.36
Spain,Europe,High,Low,2026-02-09,4.368,4.328732981332271,120.21
Spain,Europe,High,Low,2026-02-16,4.417,4.384382096753335,120.67
Spain,Europe,High,Low,2026-02-23,4.345,4.38045555001229,119.62
Spain,Europe,High,Low,2026-03-02,4.499,4.503135702820751,124.85
Spain,Europe,High,Low,2026-03-09,4.769,4.65648428445186,130.0
Spain,Europe,High,Low,2026-03-16,4.694,4.768673730703498,130.0
Spain,Europe,High,Low,2026-03-23,4.727,4.693206533898233,130.0
Spain,Europe,High,Low,2026-03-30,4.731,4.7262065338982335,130.0
Spain,Europe,High,Low,2026-04-06,4.725,4.730206533898233,130.0
Sri Lanka,Asia,Low,Medium,2025-01-20,1.769,1.7914611636929059,122.38
Sri Lanka,Asia,Low,Medium,2025-01-27,1.743,1.738539703098148,120.18
Sri Lanka,Asia,Low,Medium,2025-02-03,1.721,1.7253479920642902,119.05
Sri Lanka,Asia,Low,Medium,2025-02-10,1.741,1.7479924949456995,120.85
Sri Lanka,Asia,Low,Medium,2025-02-17,1.735,1.72900251247922,120.24
Sri Lanka,Asia,Low,Medium,2025-02-24,1.741,1.7237433200255292,119.66
Sri Lanka,Asia,Low,Medium,2025-03-03,1.713,1.7426917611672756,119.84
Sri Lanka,Asia,Low,Medium,2025-03-10,1.737,1.6847070286336754,117.71
Sri Lanka,Asia,Low,Medium,2025-03-17,1.717,1.751938392778811,118.64
Sri Lanka,Asia,Low,Medium,2025-03-24,1.752,1.7371219331338978,119.96
Sri Lanka,Asia,Low,Medium,2025-03-31,1.734,1.7557314660954255,120.22
Sri Lanka,Asia,Low,Medium,2025-04-07,1.761,1.760210697851604,122.0
Sri Lanka,Asia,Low,Medium,2025-04-14,1.736,1.7374652484711377,120.21
Sri Lanka,Asia,Low,Medium,2025-04-21,1.787,1.765956455837696,122.22
Sri Lanka,Asia,Low,Medium,2025-04-28,1.742,1.770003409051665,121.14
Sri Lanka,Asia,Low,Medium,2025-05-05,1.7,1.7170690239374535,119.41
Sri Lanka,Asia,Low,Medium,2025-05-12,1.732,1.6940970095694292,118.92
Sri Lanka,Asia,Low,Medium,2025-05-19,1.759,1.762179667844746,120.97
Sri Lanka,Asia,Low,Medium,2025-05-26,1.751,1.7552541866126201,120.74
Sri Lanka,Asia,Low,Medium,2025-06-02,1.742,1.7299543405835445,119.42
Sri Lanka,Asia,Low,Medium,2025-06-09,1.675,1.7180330434908129,117.67
Sri Lanka,Asia,Low,Medium,2025-06-16,1.707,1.6696650424142325,117.34
Sri Lanka,Asia,Low,Medium,2025-06-23,1.672,1.6662090608418583,114.75
Sri Lanka,Asia,Low,Medium,2025-06-30,1.662,1.6478861811934702,112.99
Sri Lanka,Asia,Low,Medium,2025-07-07,1.653,1.6879908053774562,114.64
Sri Lanka,Asia,Low,Medium,2025-07-14,1.697,1.6730828994191513,116.03
Sri Lanka,Asia,Low,Medium,2025-07-21,1.64,1.6913861000266563,115.68
Sri Lanka,Asia,Low,Medium,2025-07-28,1.652,1.628305360513604,114.92
Sri Lanka,Asia,Low,Medium,2025-08-04,1.656,1.6500298216255713,114.79
Sri Lanka,Asia,Low,Medium,2025-08-11,1.688,1.6898776685194927,117.41
Sri Lanka,Asia,Low,Medium,2025-08-18,1.684,1.691915644387729,117.69
Sri Lanka,Asia,Low,Medium,2025-08-25,1.678,1.6991001792585283,118.58
Sri Lanka,Asia,Low,Medium,2025-09-01,1.712,1.6719501472720866,118.14
Sri Lanka,Asia,Low,Medium,2025-09-08,1.712,1.711154276324072,118.01
Sri Lanka,Asia,Low,Medium,2025-09-15,1.693,1.7232192123730452,118.59
Sri Lanka,Asia,Low,Medium,2025-09-22,1.707,1.6936447855561738,118.54
Sri Lanka,Asia,Low,Medium,2025-09-29,1.718,1.6759614202659676,116.06
Sri Lanka,Asia,Low,Medium,2025-10-06,1.698,1.7381219331338977,117.4
Sri Lanka,Asia,Low,Medium,2025-10-13,1.699,1.680666511395875,116.46
Sri Lanka,Asia,Low,Medium,2025-10-20,1.744,1.7304859200515934,118.8
Sri Lanka,Asia,Low,Medium,2025-10-27,1.684,1.7552192123730452,119.42
Sri Lanka,Asia,Low,Medium,2025-11-03,1.731,1.6831542763240719,119.31
Sri Lanka,Asia,Low,Medium,2025-11-10,1.743,1.7351015403998185,119.63
Sri Lanka,Asia,Low,Medium,2025-11-17,1.703,1.7372949681098397,119.3
Sri Lanka,Asia,Low,Medium,2025-11-24,1.703,1.6870843486244471,118.52
Sri Lanka,Asia,Low,Medium,2025-12-01,1.732,1.7044063065756625,118.57
Sri Lanka,Asia,Low,Medium,2025-12-08,1.716,1.7456847195529201,119.43
Sri Lanka,Asia,Low,Medium,2025-12-15,1.695,1.7038042282432944,118.67
Sri Lanka,Asia,Low,Medium,2025-12-22,1.696,1.6778133736932177,117.73
Sri Lanka,Asia,Low,Medium,2025-12-29,1.678,1.6848196697352367,117.1
Sri Lanka,Asia,Low,Medium,2026-01-05,1.69,1.6927915304814682,118.04
Sri Lanka,Asia,Low,Medium,2026-01-12,1.678,1.7136967924491688,119.58
Sri Lanka,Asia,Low,Medium,2026-01-19,1.745,1.6817314660954255,119.82
Sri Lanka,Asia,Low,Medium,2026-01-26,1.747,1.7541822940661618,120.32
Sri Lanka,Asia,Low,Medium,2026-02-02,1.743,1.7295901616861675,119.36
Sri Lanka,Asia,Low,Medium,2026-02-09,1.757,1.756831581850263,120.21
Sri Lanka,Asia,Low,Medium,2026-02-16,1.716,1.766035431768819,120.67
Sri Lanka,Asia,Low,Medium,2026-02-23,1.699,1.6977612224536636,119.62
Sri Lanka,Asia,Low,Medium,2026-03-02,1.794,1.7543211816993036,124.85
Sri Lanka,Asia,Low,Medium,2026-03-09,1.922,1.8486697633304128,130.0
Sri Lanka,Asia,Low,Medium,2026-03-16,1.87,1.9230935966414393,130.0
Sri Lanka,Asia,Low,Medium,2026-03-23,1.859,1.870733810393045,130.0
Sri Lanka,Asia,Low,Medium,2026-03-30,1.899,1.859733810393045,130.0
Sri Lanka,Asia,Low,Medium,2026-04-06,1.889,1.899733810393045,130.0
Sudan,Africa,Low,High,2025-01-20,0.65,0.6343253864210897,122.38
Sudan,Africa,Low,High,2025-01-27,0.636,0.6348446072138872,120.18
Sudan,Africa,Low,High,2025-02-03,0.584,0.6246526265975512,119.05
Sudan,Africa,Low,High,2025-02-10,0.651,0.5977952287800299,120.85
Sudan,Africa,Low,High,2025-02-17,0.616,0.6438769126941692,120.24
Sudan,Africa,Low,High,2025-02-24,0.63,0.6105480863004947,119.66
Sudan,Africa,Low,High,2025-03-03,0.616,0.630634829795205,119.84
Sudan,Africa,Low,High,2025-03-10,0.624,0.6000251536864806,117.71
Sudan,Africa,Low,High,2025-03-17,0.645,0.629418651749653,118.64
Sudan,Africa,Low,High,2025-03-24,0.637,0.6546625624799006,119.96
Sudan,Africa,Low,High,2025-03-31,0.648,0.6386023495193134,120.22
Sudan,Africa,Low,High,2025-04-07,0.64,0.6610134316859344,122.0
Sudan,Africa,Low,High,2025-04-14,0.639,0.6265568633865003,120.21
Sudan,Africa,Low,High,2025-04-21,0.651,0.6547773948551222,122.22
Sudan,Africa,Low,High,2025-04-28,0.6,0.6403080435849262,121.14
Sudan,Africa,Low,High,2025-05-05,0.649,0.5842302727927998,119.41
Sudan,Africa,Low,High,2025-05-12,0.648,0.6489017758443949,118.92
Sudan,Africa,Low,High,2025-05-19,0.651,0.6640006068621723,120.97
Sudan,Africa,Low,High,2025-05-26,0.641,0.6470730949263294,120.74
Sudan,Africa,Low,High,2025-06-02,0.668,0.625805936003287,119.42
Sudan,Africa,Low,High,2025-06-09,0.639,0.6541246584061754,117.67
Sudan,Africa,Low,High,2025-06-16,0.64,0.6389017758443949,117.34
Sudan,Africa,Low,High,2025-06-23,0.612,0.6170436007391913,114.75
Sudan,Africa,Low,High,2025-06-30,0.601,0.5979777961088327,112.99
Sudan,Africa,Low,High,2025-07-07,0.639,0.6137935392117867,114.64
Sudan,Africa,Low,High,2025-07-14,0.601,0.648623528765154,116.03
Sudan,Africa,Low,High,2025-07-21,0.609,0.6006228334568187,115.68
Sudan,Africa,Low,High,2025-07-28,0.634,0.603763983827163,114.92
Sudan,Africa,Low,High,2025-08-04,0.635,0.6320369457273072,114.79
Sudan,Africa,Low,High,2025-08-11,0.625,0.6510448387005707,117.41
Sudan,Africa,Low,High,2025-08-18,0.613,0.6267865278116169,117.69
Sudan,Africa,Low,High,2025-08-25,0.652,0.6191748388147457,118.58
Sudan,Africa,Low,High,2025-09-01,0.617,0.6517549135470523,118.14
Sudan,Africa,Low,High,2025-09-08,0.629,0.6165346897427666,118.01
Sudan,Africa,Low,High,2025-09-15,0.622,0.6334059193880904,118.59
Sudan,Africa,Low,High,2025-09-22,0.636,0.6222554101397338,118.54
Sudan,Africa,Low,High,2025-09-29,0.615,0.6202663243817068,116.06
Sudan,Africa,Low,High,2025-10-06,0.633,0.6246625624799006,117.4
Sudan,Africa,Low,High,2025-10-13,0.623,0.6219711459291362,116.46
Sudan,Africa,Low,High,2025-10-20,0.628,0.6390275364044383,118.8
Sudan,Africa,Low,High,2025-10-27,0.633,0.6324059193880904,119.42
Sudan,Africa,Low,High,2025-11-03,0.621,0.6325346897427666,119.31
Sudan,Africa,Low,High,2025-11-10,0.662,0.6229724238237061,119.63
Sudan,Africa,Low,High,2025-11-17,0.642,0.6615317015400022,119.3
Sudan,Africa,Low,High,2025-11-24,0.655,0.6319485713526306,118.52
Sudan,Africa,Low,High,2025-12-01,0.622,0.6560169311592228,118.57
Sudan,Africa,Low,High,2025-12-08,0.657,0.6267502958753337,119.43
Sudan,Africa,Low,High,2025-12-15,0.601,0.650668450971478,118.67
Sudan,Africa,Low,High,2025-12-22,0.644,0.5901180082264786,117.73
Sudan,Africa,Low,High,2025-12-29,0.606,0.6386244360102022,117.1
Sudan,Africa,Low,High,2026-01-05,0.649,0.6112717894523103,118.04
Sudan,Africa,Low,High,2026-01-12,0.64,0.6599312281377107,119.58
Sudan,Africa,Low,High,2026-01-19,0.644,0.6416023495193134,119.82
Sudan,Africa,Low,High,2026-01-26,0.672,0.6475593584033564,120.32
Sudan,Africa,Low,High,2026-02-02,0.645,0.6608947962194286,119.36
Sudan,Africa,Low,High,2026-02-09,0.664,0.6498971581726762,120.21
Sudan,Africa,Low,High,2026-02-16,0.65,0.6674124961060138,120.67
Sudan,Africa,Low,High,2026-02-23,0.643,0.6377038602253859,119.62
Sudan,Africa,Low,High,2026-03-02,0.641,0.6762573947841372,124.85
Sudan,Africa,Low,High,2026-03-09,0.665,0.674416592529411,130.0
Sudan,Africa,Low,High,2026-03-16,0.693,0.6665904891171069,130.0
Sudan,Africa,Low,High,2026-03-23,0.72,0.6938178601223376,130.0
Sudan,Africa,Low,High,2026-03-30,0.678,0.7208178601223376,130.0
Sudan,Africa,Low,High,2026-04-06,0.722,0.6788178601223377,130.0
Sweden,Europe,High,Low,2025-01-20,5.086,5.071948187727158,122.38
Sweden,Europe,High,Low,2025-01-27,4.974,5.003953921335731,120.18
Sweden,Europe,High,Low,2025-02-03,4.956,4.938404316384457,119.05
Sweden,Europe,High,Low,2025-02-10,5.028,5.017942688671605,120.85
Sweden,Europe,High,Low,2025-02-17,4.985,5.007233582440999,120.24
Sweden,Europe,High,Low,2025-02-24,4.977,4.965904756047325,119.66
Sweden,Europe,High,Low,2025-03-03,4.962,4.981508317651164,119.84
Sweden,Europe,High,Low,2025-03-10,4.917,4.88257501193194,117.71
Sweden,Europe,High,Low,2025-03-17,4.932,4.946791284331213,118.64
Sweden,Europe,High,Low,2025-03-24,4.96,4.981122336982257,119.96
Sweden,Europe,High,Low,2025-03-31,5.003,4.968003675180784,120.22
Sweden,Europe,High,Low,2025-04-07,5.06,5.064719476664555,122.0
Sweden,Europe,High,Low,2025-04-14,4.999,4.993818968671802,120.21
Sweden,Europe,High,Low,2025-04-21,5.049,5.074439272932409,122.22
Sweden,Europe,High,Low,2025-04-28,5.016,5.014059733371831,121.14
Sweden,Europe,High,Low,2025-05-05,4.932,4.947492378078102,119.41
Sweden,Europe,High,Low,2025-05-12,4.935,4.918258445591225,118.92
Sweden,Europe,High,Low,2025-05-19,4.999,5.010662484939459,120.97
Sweden,Europe,High,Low,2025-05-26,5.035,4.989183363694212,120.74
Sweden,Europe,High,Low,2025-06-02,4.954,4.9858875321287295,119.42
Sweden,Europe,High,Low,2025-06-09,4.907,4.887386763691477,117.67
Sweden,Europe,High,Low,2025-06-16,4.856,4.894985191082754,117.34
Sweden,Europe,High,Low,2025-06-23,4.768,4.7500332643787475,114.75
Sweden,Europe,High,Low,2025-06-30,4.7,4.701239901394135,112.99
Sweden,Europe,High,Low,2025-07-07,4.762,4.760642490626709,114.64
Sweden,Europe,High,Low,2025-07-14,4.817,4.8112420947462455,116.03
Sweden,Europe,High,Low,2025-07-21,4.768,4.804865040173914,115.68
Sweden,Europe,High,Low,2025-07-28,4.778,4.747951176026592,114.92
Sweden,Europe,High,Low,2025-08-04,4.74,4.772419244640185,114.79
Sweden,Europe,High,Low,2025-08-11,4.86,4.840027083347279,117.41
Sweden,Europe,High,Low,2025-08-18,4.946,4.868346644951824,117.69
Sweden,Europe,High,Low,2025-08-25,4.964,4.976111862289667,118.58
Sweden,Europe,High,Low,2025-09-01,4.899,4.950111583293883,118.14
Sweden,Europe,High,Low,2025-09-08,4.898,4.894078911698209,118.01
Sweden,Europe,High,Low,2025-09-15,4.9,4.918660264932526,118.59
Sweden,Europe,High,Low,2025-09-22,4.901,4.899308990098431,118.54
Sweden,Europe,High,Low,2025-09-29,4.804,4.817252296047288,116.06
Sweden,Europe,High,Low,2025-10-06,4.918,4.853122336982257,117.4
Sweden,Europe,High,Low,2025-10-13,4.832,4.885974494385396,116.46
Sweden,Europe,High,Low,2025-10-20,4.963,4.914414150525116,118.8
Sweden,Europe,High,Low,2025-10-27,4.969,4.983660264932526,119.42
Sweden,Europe,High,Low,2025-11-03,4.954,4.964078911698209,119.31
Sweden,Europe,High,Low,2025-11-10,5.012,4.9623737494851765,119.63
Sweden,Europe,High,Low,2025-11-17,4.946,4.999615116778361,119.3
Sweden,Europe,High,Low,2025-11-24,4.938,4.918955500957208,118.52
Sweden,Europe,High,Low,2025-12-01,4.947,4.93941807786876,118.57
Sweden,Europe,High,Low,2025-12-08,4.969,4.972586119034928,119.43
Sweden,Europe,High,Low,2025-12-15,4.919,4.948291252277547,118.67
Sweden,Europe,High,Low,2025-12-22,4.885,4.887121356682737,117.73
Sweden,Europe,High,Low,2025-12-29,4.893,4.865981105757032,117.1
Sweden,Europe,High,Low,2026-01-05,4.909,4.922644422033871,118.04
Sweden,Europe,High,Low,2026-01-12,4.973,4.967529444140517,119.58
Sweden,Europe,High,Low,2026-01-19,4.987,4.981003675180784,119.82
Sweden,Europe,High,Low,2026-01-26,4.99,5.003528959050677,120.32
Sweden,Europe,High,Low,2026-02-02,4.985,4.957898144675688,119.36
Sweden,Europe,High,Low,2026-02-09,4.988,5.010732981332271,120.21
Sweden,Europe,High,Low,2026-02-16,5.056,5.004382096753335,120.67
Sweden,Europe,High,Low,2026-02-23,4.974,5.019455550012291,119.62
Sweden,Europe,High,Low,2026-03-02,5.204,5.132135702820752,124.85
Sweden,Europe,High,Low,2026-03-09,5.429,5.36148428445186,130.0
Sweden,Europe,High,Low,2026-03-16,5.384,5.4286737307034985,130.0
Sweden,Europe,High,Low,2026-03-23,5.385,5.383206533898234,130.0
Sweden,Europe,High,Low,2026-03-30,5.403,5.384206533898233,130.0
Sweden,Europe,High,Low,2026-04-06,5.364,5.402206533898233,130.0
Switzerland,Europe,High,Low,2025-01-20,5.044,5.009948187727159,122.38
Switzerland,Europe,High,Low,2025-01-27,4.976,4.961953921335731,120.18
Switzerland,Europe,High,Low,2025-02-03,4.92,4.940404316384456,119.05
Switzerland,Europe,High,Low,2025-02-10,4.963,4.981942688671604,120.85
Switzerland,Europe,High,Low,2025-02-17,4.946,4.942233582440999,120.24
Switzerland,Europe,High,Low,2025-02-24,4.888,4.926904756047325,119.66
Switzerland,Europe,High,Low,2025-03-03,4.922,4.8925083176511635,119.84
Switzerland,Europe,High,Low,2025-03-10,4.829,4.84257501193194,117.71
Switzerland,Europe,High,Low,2025-03-17,4.871,4.858791284331213,118.64
Switzerland,Europe,High,Low,2025-03-24,4.987,4.920122336982257,119.96
Switzerland,Europe,High,Low,2025-03-31,4.956,4.995003675180784,120.22
Switzerland,Europe,High,Low,2025-04-07,5.022,5.017719476664555,122.0
Switzerland,Europe,High,Low,2025-04-14,4.921,4.955818968671803,120.21
Switzerland,Europe,High,Low,2025-04-21,5.015,4.99643927293241,122.22
Switzerland,Europe,High,Low,2025-04-28,4.947,4.980059733371831,121.14
Switzerland,Europe,High,Low,2025-05-05,4.886,4.878492378078102,119.41
Switzerland,Europe,High,Low,2025-05-12,4.902,4.872258445591225,118.92
Switzerland,Europe,High,Low,2025-05-19,4.964,4.97766248493946,120.97
Switzerland,Europe,High,Low,2025-05-26,4.959,4.954183363694213,120.74
Switzerland,Europe,High,Low,2025-06-02,4.91,4.909887532128729,119.42
Switzerland,Europe,High,Low,2025-06-09,4.855,4.843386763691478,117.67
Switzerland,Europe,High,Low,2025-06-16,4.81,4.842985191082755,117.34
Switzerland,Europe,High,Low,2025-06-23,4.752,4.704033264378747,114.75
Switzerland,Europe,High,Low,2025-06-30,4.639,4.685239901394135,112.99
Switzerland,Europe,High,Low,2025-07-07,4.696,4.699642490626709,114.64
Switzerland,Europe,High,Low,2025-07-14,4.783,4.745242094746246,116.03
Switzerland,Europe,High,Low,2025-07-21,4.76,4.7708650401739146,115.68
Switzerland,Europe,High,Low,2025-07-28,4.721,4.739951176026592,114.92
Switzerland,Europe,High,Low,2025-08-04,4.679,4.715419244640185,114.79
Switzerland,Europe,High,Low,2025-08-11,4.852,4.779027083347279,117.41
Switzerland,Europe,High,Low,2025-08-18,4.84,4.860346644951824,117.69
Switzerland,Europe,High,Low,2025-08-25,4.831,4.870111862289667,118.58
Switzerland,Europe,High,Low,2025-09-01,4.856,4.817111583293883,118.14
Switzerland,Europe,High,Low,2025-09-08,4.828,4.851078911698209,118.01
Switzerland,Europe,High,Low,2025-09-15,4.894,4.848660264932526,118.59
Switzerland,Europe,High,Low,2025-09-22,4.885,4.893308990098431,118.54
Switzerland,Europe,High,Low,2025-09-29,4.733,4.801252296047288,116.06
Switzerland,Europe,High,Low,2025-10-06,4.829,4.7821223369822565,117.4
Switzerland,Europe,High,Low,2025-10-13,4.824,4.796974494385395,116.46
Switzerland,Europe,High,Low,2025-10-20,4.888,4.906414150525116,118.8
Switzerland,Europe,High,Low,2025-10-27,4.917,4.908660264932526,119.42
Switzerland,Europe,High,Low,2025-11-03,4.932,4.912078911698209,119.31
Switzerland,Europe,High,Low,2025-11-10,4.904,4.940373749485177,119.63
Switzerland,Europe,High,Low,2025-11-17,4.97,4.891615116778361,119.3
Switzerland,Europe,High,Low,2025-11-24,4.909,4.942955500957208,118.52
Switzerland,Europe,High,Low,2025-12-01,4.884,4.91041807786876,118.57
Switzerland,Europe,High,Low,2025-12-08,4.887,4.909586119034929,119.43
Switzerland,Europe,High,Low,2025-12-15,4.884,4.866291252277546,118.67
Switzerland,Europe,High,Low,2025-12-22,4.835,4.852121356682738,117.73
Switzerland,Europe,High,Low,2025-12-29,4.802,4.815981105757032,117.1
Switzerland,Europe,High,Low,2026-01-05,4.876,4.831644422033871,118.04
Switzerland,Europe,High,Low,2026-01-12,4.905,4.934529444140518,119.58
Switzerland,Europe,High,Low,2026-01-19,4.966,4.913003675180784,119.82
Switzerland,Europe,High,Low,2026-01-26,4.95,4.982528959050677,120.32
Switzerland,Europe,High,Low,2026-02-02,4.893,4.9178981446756875,119.36
Switzerland,Europe,High,Low,2026-02-09,4.955,4.918732981332271,120.21
Switzerland,Europe,High,Low,2026-02-16,4.968,4.971382096753334,120.67
Switzerland,Europe,High,Low,2026-02-23,4.928,4.9314555500122905,119.62
Switzerland,Europe,High,Low,2026-03-02,5.121,5.0861357028207514,124.85
Switzerland,Europe,High,Low,2026-03-09,5.333,5.278484284451861,130.0
Switzerland,Europe,High,Low,2026-03-16,5.339,5.332673730703498,130.0
Switzerland,Europe,High,Low,2026-03-23,5.346,5.338206533898234,130.0
Switzerland,Europe,High,Low,2026-03-30,5.339,5.345206533898233,130.0
Switzerland,Europe,High,Low,2026-04-06,5.324,5.338206533898234,130.0
Taiwan,Asia,High,Low,2025-01-20,3.318,3.308995671658252,122.38
Taiwan,Asia,High,Low,2025-01-27,3.251,3.2470599892049985,120.18
Taiwan,Asia,High,Low,2025-02-03,3.263,3.21745180031555,119.05
Taiwan,Asia,High,Low,2025-02-10,3.267,3.3196597179829666,120.85
Taiwan,Asia,High,Low,2025-02-17,3.261,3.2485370204445663,120.24
Taiwan,Asia,High,Low,2025-02-24,3.223,3.2432778279908754,119.66
Taiwan,Asia,High,Low,2025-03-03,3.228,3.2264021761279413,119.84
Taiwan,Asia,High,Low,2025-03-10,3.192,3.1596810798012083,117.71
Taiwan,Asia,High,Low,2025-03-17,3.201,3.219226712373418,118.64
Taiwan,Asia,High,Low,2025-03-24,3.204,3.2464519389890807,119.96
Taiwan,Asia,High,Low,2025-03-31,3.273,3.2107384835466615,120.22
Taiwan,Asia,High,Low,2025-04-07,3.328,3.329436505975917,122.0
Taiwan,Asia,High,Low,2025-04-14,3.207,3.270224173243517,120.21
Taiwan,Asia,High,Low,2025-04-21,3.317,3.2734561320080364,122.22
Taiwan,Asia,High,Low,2025-04-28,3.279,3.2841072173029255,121.14
Taiwan,Asia,High,Low,2025-05-05,3.238,3.219827948709833,119.41
Taiwan,Asia,High,Low,2025-05-12,3.213,3.2256315175347754,118.92
Taiwan,Asia,High,Low,2025-05-19,3.243,3.279679344015087,120.97
Taiwan,Asia,High,Low,2025-05-26,3.258,3.234657952139392,120.74
Taiwan,Asia,High,Low,2025-06-02,3.222,3.2131239175234994,119.42
Taiwan,Asia,High,Low,2025-06-09,3.204,3.163791968263192,117.67
Taiwan,Asia,High,Low,2025-06-16,3.158,3.1925294134679176,117.34
Taiwan,Asia,High,Low,2025-06-23,3.09,3.0654602533510795,114.75
Taiwan,Asia,High,Low,2025-06-30,3.07,3.0316451059658496,112.99
Taiwan,Asia,High,Low,2025-07-07,3.112,3.125359519938071,114.64
Taiwan,Asia,High,Low,2025-07-14,3.139,3.15757169675307,116.03
Taiwan,Asia,High,Low,2025-07-21,3.13,3.1274092625590773,115.68
Taiwan,Asia,High,Low,2025-07-28,3.099,3.111998659957686,114.92
Taiwan,Asia,High,Low,2025-08-04,3.076,3.093963467025348,114.79
Taiwan,Asia,High,Low,2025-08-11,3.204,3.162868924792944,117.41
Taiwan,Asia,High,Low,2025-08-18,3.182,3.211081453317701,117.69
Taiwan,Asia,High,Low,2025-08-25,3.217,3.209547290331871,118.58
Taiwan,Asia,High,Low,2025-09-01,3.197,3.204484655237433,118.14
Taiwan,Asia,High,Low,2025-09-08,3.182,3.1926231340833717,118.01
Taiwan,Asia,High,Low,2025-09-15,3.213,3.200895630712345,118.59
Taiwan,Asia,High,Low,2025-09-22,3.169,3.212211982958923,118.54
Taiwan,Asia,High,Low,2025-09-29,3.131,3.097161860861956,116.06
Taiwan,Asia,High,Low,2025-10-06,3.185,3.1764519389890804,117.4
Taiwan,Asia,High,Low,2025-10-13,3.161,3.1550219783164892,116.46
Taiwan,Asia,High,Low,2025-10-20,3.237,3.232532335892211,118.8
Taiwan,Asia,High,Low,2025-10-27,3.217,3.2558956307123452,119.42
Taiwan,Asia,High,Low,2025-11-03,3.217,3.2126231340833717,119.31
Taiwan,Asia,High,Low,2025-11-10,3.215,3.224108557851054,119.63
Taiwan,Asia,High,Low,2025-11-17,3.266,3.2031593391635247,119.3
Taiwan,Asia,High,Low,2025-11-24,3.205,3.2410029848883015,118.52
Taiwan,Asia,High,Low,2025-12-01,3.208,3.2055499385473127,118.57
Taiwan,Asia,High,Low,2025-12-08,3.239,3.231412634452762,119.43
Taiwan,Asia,High,Low,2025-12-15,3.244,3.22033873620864,118.67
Taiwan,Asia,High,Low,2025-12-22,3.163,3.2141688406138322,117.73
Taiwan,Asia,High,Low,2025-12-29,3.156,3.145354177700583,117.1
Taiwan,Asia,High,Low,2026-01-05,3.174,3.183079850076075,118.04
Taiwan,Asia,High,Low,2026-01-12,3.222,3.228501823298666,119.58
Taiwan,Asia,High,Low,2026-01-19,3.264,3.2287384835466613,119.82
Taiwan,Asia,High,Low,2026-01-26,3.188,3.2790025889110708,120.32
Taiwan,Asia,High,Low,2026-02-02,3.241,3.157945628606782,119.36
Taiwan,Asia,High,Low,2026-02-09,3.249,3.264559496750105,120.21
Taiwan,Asia,High,Low,2026-02-16,3.278,3.2638557266137282,120.67
Taiwan,Asia,High,Low,2026-02-23,3.247,3.243865030704924,119.62
Taiwan,Asia,High,Low,2026-03-02,3.319,3.3801676340631803,124.85
Taiwan,Asia,High,Low,2026-03-09,3.495,3.4515162156942893,130.0
Taiwan,Asia,High,Low,2026-03-16,3.504,3.49457672356399,130.0
Taiwan,Asia,High,Low,2026-03-23,3.491,3.5032667811000744,130.0
Taiwan,Asia,High,Low,2026-03-30,3.505,3.4902667811000745,130.0
Taiwan,Asia,High,Low,2026-04-06,3.535,3.5042667811000743,130.0
Tanzania,Africa,Low,Low,2025-01-20,2.471,2.492483009900575,122.38
Tanzania,Africa,Low,Low,2025-01-27,2.398,2.4209942999935548,120.18
Tanzania,Africa,Low,Low,2025-02-03,2.378,2.371302273198925,119.05
Tanzania,Africa,Low,Low,2025-02-10,2.468,2.415809630333086,120.85
Tanzania,Africa,Low,Low,2025-02-17,2.423,2.455093992626873,120.24
Tanzania,Africa,Low,Low,2025-02-24,2.417,2.4117651662331983,119.66
Tanzania,Africa,Low,Low,2025-03-03,2.425,2.4190085604897735,119.84
Tanzania,Africa,Low,Low,2025-03-10,2.391,2.3758416487197804,117.71
Tanzania,Africa,Low,Low,2025-03-17,2.409,2.4136070335363544,118.64
Tanzania,Africa,Low,Low,2025-03-24,2.392,2.442279589053093,119.96
Tanzania,Africa,Low,Low,2025-03-31,2.433,2.396874434431044,120.22
Tanzania,Africa,Low,Low,2025-04-07,2.487,2.4700278332389902,122.0
Tanzania,Africa,Low,Low,2025-04-14,2.432,2.441353370895496,120.21
Tanzania,Africa,Low,Low,2025-04-21,2.472,2.479207791887734,122.22
Tanzania,Africa,Low,Low,2025-04-28,2.46,2.4459576901863,121.14
Tanzania,Africa,Low,Low,2025-05-05,2.386,2.412026780301795,119.41
Tanzania,Africa,Low,Low,2025-05-12,2.408,2.380118855777099,118.92
Tanzania,Africa,Low,Low,2025-05-19,2.455,2.4554310038947844,120.97
Tanzania,Africa,Low,Low,2025-05-26,2.446,2.4500037341156857,120.74
Tanzania,Africa,Low,Low,2025-06-02,2.437,2.4074967086992975,119.42
Tanzania,Africa,Low,Low,2025-06-09,2.38,2.390921165915171,117.67
Tanzania,Africa,Low,Low,2025-06-16,2.363,2.3746868886219015,117.34
Tanzania,Africa,Low,Low,2025-06-23,2.324,2.3002292350404794,114.75
Tanzania,Africa,Low,Low,2025-06-30,2.291,2.277774303617828,112.99
Tanzania,Africa,Low,Low,2025-07-07,2.317,2.3278079407648424,114.64
Tanzania,Africa,Low,Low,2025-07-14,2.335,2.3502405553383467,116.03
Tanzania,Africa,Low,Low,2025-07-21,2.354,2.3294079462343253,115.68
Tanzania,Africa,Low,Low,2025-07-28,2.342,2.3423272067212735,114.92
Tanzania,Africa,Low,Low,2025-08-04,2.326,2.3393408742336224,114.79
Tanzania,Africa,Low,Low,2025-08-11,2.384,2.386671856371846,117.41
Tanzania,Africa,Low,Low,2025-08-18,2.367,2.3890586127233475,117.69
Tanzania,Africa,Low,Low,2025-08-25,2.364,2.389768820016072,118.58
Tanzania,Africa,Low,Low,2025-09-01,2.351,2.357971993479756,118.14
Tanzania,Africa,Low,Low,2025-09-08,2.399,2.349465328932123,118.01
Tanzania,Africa,Low,Low,2025-09-15,2.39,2.414902651835529,118.59
Tanzania,Africa,Low,Low,2025-09-22,2.344,2.38918604932909,118.54
Tanzania,Africa,Low,Low,2025-09-29,2.356,2.293416017161374,116.06
Tanzania,Africa,Low,Low,2025-10-06,2.347,2.389279589053093,117.4
Tanzania,Africa,Low,Low,2025-10-13,2.369,2.3238724511998643,116.46
Tanzania,Africa,Low,Low,2025-10-20,2.381,2.4207085727750632,118.8
Tanzania,Africa,Low,Low,2025-10-27,2.391,2.396902651835529,119.42
Tanzania,Africa,Low,Low,2025-11-03,2.414,2.389465328932123,119.31
Tanzania,Africa,Low,Low,2025-11-10,2.42,2.419244508735437,119.63
Tanzania,Africa,Low,Low,2025-11-17,2.411,2.414316814317509,119.3
Tanzania,Africa,Low,Low,2025-11-24,2.426,2.392490323130625,118.52
Tanzania,Africa,Low,Low,2025-12-01,2.4,2.425947570348579,118.57
Tanzania,Africa,Low,Low,2025-12-08,2.431,2.4204196555759463,119.43
Tanzania,Africa,Low,Low,2025-12-15,2.348,2.4188260744509638,118.67
Tanzania,Africa,Low,Low,2025-12-22,2.391,2.3250193134972066,117.73
Tanzania,Africa,Low,Low,2025-12-29,2.396,2.379841515942906,117.1
Tanzania,Africa,Low,Low,2026-01-05,2.416,2.418460171239012,118.04
Tanzania,Africa,Low,Low,2026-01-12,2.398,2.451934987548331,119.58
Tanzania,Africa,Low,Low,2026-01-19,2.41,2.402874434431044,119.82
Tanzania,Africa,Low,Low,2026-01-26,2.426,2.422728872097956,120.32
Tanzania,Africa,Low,Low,2026-02-02,2.403,2.4027961014901567,119.36
Tanzania,Africa,Low,Low,2026-02-09,2.403,2.423566517873289,120.21
Tanzania,Africa,Low,Low,2026-02-16,2.425,2.415582009800613,120.67
Tanzania,Africa,Low,Low,2026-02-23,2.414,2.3973535068267595,119.62
Tanzania,Africa,Low,Low,2026-03-02,2.486,2.510673639913749,124.85
Tanzania,Africa,Low,Low,2026-03-09,2.596,2.5822978872105526,130.0
Tanzania,Africa,Low,Low,2026-03-16,2.626,2.595986177857993,130.0
Tanzania,Africa,Low,Low,2026-03-23,2.611,2.6257484993116935,130.0
Tanzania,Africa,Low,Low,2026-03-30,2.598,2.610748499311694,130.0
Tanzania,Africa,Low,Low,2026-04-06,2.601,2.5977484993116935,130.0
Thailand,Asia,Middle,Medium,2025-01-20,1.978,2.0380374923776508,122.38
Thailand,Asia,Middle,Medium,2025-01-27,1.999,1.9479602285031576,120.18
Thailand,Asia,Middle,Medium,2025-02-03,1.952,1.9814380978453232,119.05
Thailand,Asia,Middle,Medium,2025-02-10,2.023,1.9790826007267324,120.85
Thailand,Asia,Middle,Medium,2025-02-17,1.943,2.0110926182602533,120.24
Thailand,Asia,Middle,Medium,2025-02-24,1.98,1.9318334258065624,119.66
Thailand,Asia,Middle,Medium,2025-03-03,2.011,1.9817818669483085,119.84
Thailand,Asia,Middle,Medium,2025-03-10,1.968,1.9826413311349735,117.71
Thailand,Asia,Middle,Medium,2025-03-17,2.0,1.9830284985598439,118.64
Thailand,Asia,Middle,Medium,2025-03-24,2.008,2.0202120389149307,119.96
Thailand,Asia,Middle,Medium,2025-03-31,1.968,2.0118215718764585,120.22
Thailand,Asia,Middle,Medium,2025-04-07,2.042,1.994300803632637,122.0
Thailand,Asia,Middle,Medium,2025-04-14,2.032,2.0195780659076394,120.21
Thailand,Asia,Middle,Medium,2025-04-21,2.018,2.062046561618729,122.22
Thailand,Asia,Middle,Medium,2025-04-28,2.043,2.0022063322692,121.14
Thailand,Asia,Middle,Medium,2025-05-05,1.974,2.018069023937454,119.41
Thailand,Asia,Middle,Medium,2025-05-12,1.953,1.9681871153504624,118.92
Thailand,Asia,Middle,Medium,2025-05-19,2.006,1.9832697736257792,120.97
Thailand,Asia,Middle,Medium,2025-05-26,1.962,2.002344292393653,120.74
Thailand,Asia,Middle,Medium,2025-06-02,1.965,1.9409543405835445,119.42
Thailand,Asia,Middle,Medium,2025-06-09,1.93,1.941033043490813,117.67
Thailand,Asia,Middle,Medium,2025-06-16,1.919,1.9247551481952654,117.34
Thailand,Asia,Middle,Medium,2025-06-23,1.933,1.8781433633431561,114.75
Thailand,Asia,Middle,Medium,2025-06-30,1.848,1.9088861811934703,112.99
Thailand,Asia,Middle,Medium,2025-07-07,1.911,1.8740809111584895,114.64
Thailand,Asia,Middle,Medium,2025-07-14,1.903,1.9311730052001843,116.03
Thailand,Asia,Middle,Medium,2025-07-21,1.887,1.8974762058076895,115.68
Thailand,Asia,Middle,Medium,2025-07-28,1.945,1.875395466294637,114.92
Thailand,Asia,Middle,Medium,2025-08-04,1.913,1.9440080839697065,114.79
Thailand,Asia,Middle,Medium,2025-08-11,1.945,1.9482912583629168,117.41
Thailand,Asia,Middle,Medium,2025-08-18,1.952,1.9490057501687623,117.69
Thailand,Asia,Middle,Medium,2025-08-25,1.962,1.9671902850395613,118.58
Thailand,Asia,Middle,Medium,2025-09-01,1.951,1.9560402530531198,118.14
Thailand,Asia,Middle,Medium,2025-09-08,1.949,1.950244382105105,118.01
Thailand,Asia,Middle,Medium,2025-09-15,1.924,1.9603093181540783,118.59
Thailand,Asia,Middle,Medium,2025-09-22,1.96,1.9247348913372067,118.54
Thailand,Asia,Middle,Medium,2025-09-29,1.904,1.9288957227672654,116.06
Thailand,Asia,Middle,Medium,2025-10-06,1.944,1.9242120389149309,117.4
Thailand,Asia,Middle,Medium,2025-10-13,1.922,1.926756617176908,116.46
Thailand,Asia,Middle,Medium,2025-10-20,1.967,1.9544641823957285,118.8
Thailand,Asia,Middle,Medium,2025-10-27,1.955,1.9783093181540783,119.42
Thailand,Asia,Middle,Medium,2025-11-03,1.978,1.954244382105105,119.31
Thailand,Asia,Middle,Medium,2025-11-10,1.985,1.9821916461808513,119.63
Thailand,Asia,Middle,Medium,2025-11-17,1.968,1.979385073890873,119.3
Thailand,Asia,Middle,Medium,2025-11-24,1.957,1.95217445440548,118.52
Thailand,Asia,Middle,Medium,2025-12-01,1.963,1.9584964123566957,118.57
Thailand,Asia,Middle,Medium,2025-12-08,2.014,1.9767748253339534,119.43
Thailand,Asia,Middle,Medium,2025-12-15,1.977,2.001894334024327,118.67
Thailand,Asia,Middle,Medium,2025-12-22,1.945,1.9599034794742507,117.73
Thailand,Asia,Middle,Medium,2025-12-29,1.921,1.9339097755162697,117.1
Thailand,Asia,Middle,Medium,2026-01-05,1.99,1.9358816362625013,118.04
Thailand,Asia,Middle,Medium,2026-01-12,1.978,2.013786898230202,119.58
Thailand,Asia,Middle,Medium,2026-01-19,1.966,1.9818215718764587,119.82
Thailand,Asia,Middle,Medium,2026-01-26,1.99,1.9752723998471948,120.32
Thailand,Asia,Middle,Medium,2026-02-02,1.954,1.9726802674672006,119.36
Thailand,Asia,Middle,Medium,2026-02-09,1.978,1.9679216876312957,120.21
Thailand,Asia,Middle,Medium,2026-02-16,1.966,1.9871255375498522,120.67
Thailand,Asia,Middle,Medium,2026-02-23,1.973,1.9478513282346968,119.62
Thailand,Asia,Middle,Medium,2026-03-02,2.017,2.0345387142511635,124.85
Thailand,Asia,Middle,Medium,2026-03-09,2.138,2.0776929534412014,130.0
Thailand,Asia,Middle,Medium,2026-03-16,2.157,2.1384919499724644,130.0
Thailand,Asia,Middle,Medium,2026-03-23,2.134,2.1576675817762636,130.0
Thailand,Asia,Middle,Medium,2026-03-30,2.163,2.1346675817762635,130.0
Thailand,Asia,Middle,Medium,2026-04-06,2.125,2.1636675817762634,130.0
Tunisia,Africa,Middle,High,2025-01-20,0.734,0.7389017151058342,122.38
Tunisia,Africa,Middle,High,2025-01-27,0.741,0.7182557034510847,120.18
Tunisia,Africa,Middle,High,2025-02-03,0.762,0.7297427323785842,119.05
Tunisia,Africa,Middle,High,2025-02-10,0.8,0.7758853345610629,120.85
Tunisia,Africa,Middle,High,2025-02-17,0.754,0.7929670184752023,120.24
Tunisia,Africa,Middle,High,2025-02-24,0.717,0.7486381920815277,119.66
Tunisia,Africa,Middle,High,2025-03-03,0.759,0.7177249355762381,119.84
Tunisia,Africa,Middle,High,2025-03-10,0.747,0.7419500270199664,117.71
Tunisia,Africa,Middle,High,2025-03-17,0.739,0.752508757530686,118.64
Tunisia,Africa,Middle,High,2025-03-24,0.77,0.7487526682609337,119.96
Tunisia,Africa,Middle,High,2025-03-31,0.76,0.7716924553003464,120.22
Tunisia,Africa,Middle,High,2025-04-07,0.789,0.7731035374669675,122.0
Tunisia,Africa,Middle,High,2025-04-14,0.774,0.7766696808230021,120.21
Tunisia,Africa,Middle,High,2025-04-21,0.805,0.7898675006361553,122.22
Tunisia,Africa,Middle,High,2025-04-28,0.758,0.7955109668024611,121.14
Tunisia,Africa,Middle,High,2025-05-05,0.777,0.7422302727927999,119.41
Tunisia,Africa,Middle,High,2025-05-12,0.757,0.776991881625428,118.92
Tunisia,Africa,Middle,High,2025-05-19,0.764,0.7730907126432054,120.97
Tunisia,Africa,Middle,High,2025-05-26,0.748,0.7601632007073624,120.74
Tunisia,Africa,Middle,High,2025-06-02,0.764,0.732805936003287,119.42
Tunisia,Africa,Middle,High,2025-06-09,0.756,0.7501246584061754,117.67
Tunisia,Africa,Middle,High,2025-06-16,0.767,0.755991881625428,117.34
Tunisia,Africa,Middle,High,2025-06-23,0.687,0.7429684740726772,114.75
Tunisia,Africa,Middle,High,2025-06-30,0.746,0.6729777961088328,112.99
Tunisia,Africa,Middle,High,2025-07-07,0.738,0.7588836449928198,114.64
Tunisia,Africa,Middle,High,2025-07-14,0.75,0.747713634546187,116.03
Tunisia,Africa,Middle,High,2025-07-21,0.716,0.7497129392378518,115.68
Tunisia,Africa,Middle,High,2025-07-28,0.726,0.7108540896081961,114.92
Tunisia,Africa,Middle,High,2025-08-04,0.75,0.7250152080714423,114.79
Tunisia,Africa,Middle,High,2025-08-11,0.724,0.7658861684345796,117.41
Tunisia,Africa,Middle,High,2025-08-18,0.742,0.72587663359265,117.69
Tunisia,Africa,Middle,High,2025-08-25,0.734,0.7482649445957787,118.58
Tunisia,Africa,Middle,High,2025-09-01,0.751,0.7338450193280853,118.14
Tunisia,Africa,Middle,High,2025-09-08,0.761,0.7506247955237997,118.01
Tunisia,Africa,Middle,High,2025-09-15,0.765,0.7654960251691235,118.59
Tunisia,Africa,Middle,High,2025-09-22,0.763,0.7653455159207669,118.54
Tunisia,Africa,Middle,High,2025-09-29,0.714,0.7461911977151926,116.06
Tunisia,Africa,Middle,High,2025-10-06,0.74,0.7237526682609337,117.4
Tunisia,Africa,Middle,High,2025-10-13,0.754,0.7290612517101691,116.46
Tunisia,Africa,Middle,High,2025-10-20,0.734,0.7710057987485734,118.8
Tunisia,Africa,Middle,High,2025-10-27,0.779,0.7384960251691235,119.42
Tunisia,Africa,Middle,High,2025-11-03,0.78,0.7786247955237997,119.31
Tunisia,Africa,Middle,High,2025-11-10,0.741,0.7820625296047392,119.63
Tunisia,Africa,Middle,High,2025-11-17,0.74,0.7406218073210351,119.3
Tunisia,Africa,Middle,High,2025-11-24,0.747,0.7300386771336637,118.52
Tunisia,Africa,Middle,High,2025-12-01,0.734,0.7481070369402558,118.57
Tunisia,Africa,Middle,High,2025-12-08,0.79,0.7388404016563667,119.43
Tunisia,Africa,Middle,High,2025-12-15,0.77,0.783758556752511,118.67
Tunisia,Africa,Middle,High,2025-12-22,0.71,0.7592081140075118,117.73
Tunisia,Africa,Middle,High,2025-12-29,0.734,0.7047145417912353,117.1
Tunisia,Africa,Middle,High,2026-01-05,0.747,0.7393618952333434,118.04
Tunisia,Africa,Middle,High,2026-01-12,0.769,0.7580213339187437,119.58
Tunisia,Africa,Middle,High,2026-01-19,0.752,0.7706924553003464,119.82
Tunisia,Africa,Middle,High,2026-01-26,0.773,0.7556494641843895,120.32
Tunisia,Africa,Middle,High,2026-02-02,0.738,0.7619849020004617,119.36
Tunisia,Africa,Middle,High,2026-02-09,0.762,0.7429872639537093,120.21
Tunisia,Africa,Middle,High,2026-02-16,0.8,0.7655026018870469,120.67
Tunisia,Africa,Middle,High,2026-02-23,0.752,0.787793966006419,119.62
Tunisia,Africa,Middle,High,2026-03-02,0.776,0.789023742730916,124.85
Tunisia,Africa,Middle,High,2026-03-09,0.836,0.8129885980351187,130.0
Tunisia,Africa,Middle,High,2026-03-16,0.848,0.8369888424481322,130.0
Tunisia,Africa,Middle,High,2026-03-23,0.876,0.8487516315055561,130.0
Tunisia,Africa,Middle,High,2026-03-30,0.799,0.8767516315055561,130.0
Tunisia,Africa,Middle,High,2026-04-06,0.803,0.7997516315055562,130.0
Turkey,Europe,Middle,Low,2025-01-20,3.476,3.468011854654226,122.38
Turkey,Europe,Middle,Low,2025-01-27,3.445,3.416009653964039,120.18
Turkey,Europe,Middle,Low,2025-02-03,3.355,3.4163448950488635,119.05
Turkey,Europe,Middle,Low,2025-02-10,3.406,3.397768905496563,120.85
Turkey,Europe,Middle,Low,2025-02-17,3.405,3.3918110264643557,120.24
Turkey,Europe,Middle,Low,2025-02-24,3.371,3.3924822000706807,119.66
Turkey,Europe,Middle,Low,2025-03-03,3.374,3.3737910064878354,119.84
Turkey,Europe,Middle,Low,2025-03-10,3.339,3.314370779786554,117.71
Turkey,Europe,Middle,Low,2025-03-17,3.354,3.3638479099689897,118.64
Turkey,Europe,Middle,Low,2025-03-24,3.374,3.390626291521109,119.96
Turkey,Europe,Middle,Low,2025-03-31,3.409,3.3798159305400066,120.22
Turkey,Europe,Middle,Low,2025-04-07,3.439,3.4509871084024675,122.0
Turkey,Europe,Middle,Low,2025-04-14,3.429,3.3865426185226264,120.21
Turkey,Europe,Middle,Low,2025-04-21,3.451,3.484867237286946,122.22
Turkey,Europe,Middle,Low,2025-04-28,3.441,3.4241131294727407,121.14
Turkey,Europe,Middle,Low,2025-05-05,3.355,3.3851032104924235,119.41
Turkey,Europe,Middle,Low,2025-05-12,3.348,3.347835889614581,118.92
Turkey,Europe,Middle,Low,2025-05-19,3.459,3.4040904492939963,120.97
Turkey,Europe,Middle,Low,2025-05-26,3.42,3.4535496175115554,120.74
Turkey,Europe,Middle,Low,2025-06-02,3.366,3.378190689364544,119.42
Turkey,Europe,Middle,Low,2025-06-09,3.329,3.3119975961057997,117.67
Turkey,Europe,Middle,Low,2025-06-16,3.311,3.3232327720177715,117.34
Turkey,Europe,Middle,Low,2025-06-23,3.277,3.237855861474428,114.75
Turkey,Europe,Middle,Low,2025-06-30,3.223,3.222850733808457,112.99
Turkey,Europe,Middle,Low,2025-07-07,3.263,3.26476721592832,114.64
Turkey,Europe,Middle,Low,2025-07-14,3.251,3.2995872578063623,116.03
Turkey,Europe,Middle,Low,2025-07-21,3.253,3.244953829630195,115.68
Turkey,Europe,Middle,Low,2025-07-28,3.277,3.2393698285712125,114.92
Turkey,Europe,Middle,Low,2025-08-04,3.299,3.274774914192594,114.79
Turkey,Europe,Middle,Low,2025-08-11,3.335,3.374727662876382,117.41
Turkey,Europe,Middle,Low,2025-08-18,3.345,3.34100010883231,117.69
Turkey,Europe,Middle,Low,2025-08-25,3.311,3.3700096964487076,118.58
Turkey,Europe,Middle,Low,2025-09-01,3.369,3.303689027317238,118.14
Turkey,Europe,Middle,Low,2025-09-08,3.341,3.3670112123279927,118.01
Turkey,Europe,Middle,Low,2025-09-15,3.357,3.35834359053055,118.59
Turkey,Europe,Middle,Low,2025-09-22,3.374,3.356373162249631,118.54
Turkey,Europe,Middle,Low,2025-09-29,3.3,3.312963073303101,116.06
Turkey,Europe,Middle,Low,2025-10-06,3.309,3.336626291521109,117.4
Turkey,Europe,Middle,Low,2025-10-13,3.307,3.283915073049803,116.46
Turkey,Europe,Middle,Low,2025-10-20,3.378,3.3705156063655517,118.8
Turkey,Europe,Middle,Low,2025-10-27,3.389,3.39534359053055,119.42
Turkey,Europe,Middle,Low,2025-11-03,3.351,3.3870112123279923,119.31
Turkey,Europe,Middle,Low,2025-11-10,3.363,3.357186004844399,119.63
Turkey,Europe,Middle,Low,2025-11-17,3.358,3.3568626977133786,119.3
Turkey,Europe,Middle,Low,2025-11-24,3.361,3.337532944980564,118.52
Turkey,Europe,Middle,Low,2025-12-01,3.347,3.361607562935449,118.57
Turkey,Europe,Middle,Low,2025-12-08,3.378,3.369269444632952,119.43
Turkey,Europe,Middle,Low,2025-12-15,3.342,3.363868696300903,118.67
Turkey,Europe,Middle,Low,2025-12-22,3.338,3.3170619353471458,117.73
Turkey,Europe,Middle,Low,2025-12-29,3.37,3.3255585497803883,117.1
Turkey,Europe,Middle,Low,2026-01-05,3.357,3.3947010476716475,118.04
Turkey,Europe,Middle,Low,2026-01-12,3.392,3.396638912865022,119.58
Turkey,Europe,Middle,Low,2026-01-19,3.412,3.3978159305400064,119.82
Turkey,Europe,Middle,Low,2026-01-26,3.427,3.425931546712401,120.32
Turkey,Europe,Middle,Low,2026-02-02,3.373,3.4018387233400955,119.36
Turkey,Europe,Middle,Low,2026-02-09,3.402,3.3954163069302945,120.21
Turkey,Europe,Middle,Low,2026-02-16,3.426,3.415784684415059,120.67
Turkey,Europe,Middle,Low,2026-02-23,3.406,3.396396128676699,119.62
Turkey,Europe,Middle,Low,2026-03-02,3.575,3.533964359369319,124.85
Turkey,Europe,Middle,Low,2026-03-09,3.661,3.7021185985593563,130.0
Turkey,Europe,Middle,Low,2026-03-16,3.701,3.660130220884889,130.0
Turkey,Europe,Middle,Low,2026-03-23,3.664,3.7002707060494333,130.0
Turkey,Europe,Middle,Low,2026-03-30,3.714,3.6632707060494334,130.0
Turkey,Europe,Middle,Low,2026-04-06,3.688,3.713270706049433,130.0
UAE,Middle East,High,High,2025-01-20,1.026,0.9989290484814124,122.38
UAE,Middle East,High,High,2025-01-27,1.016,1.002818596727259,120.18
UAE,Middle East,High,High,2025-02-03,1.012,1.0046995258999534,119.05
UAE,Middle East,High,High,2025-02-10,1.056,1.0280475522850305,120.85
UAE,Middle East,High,High,2025-02-17,1.024,1.048480574754492,120.24
UAE,Middle East,High,High,2025-02-24,1.052,1.0181517483608176,119.66
UAE,Middle East,High,High,2025-03-03,1.028,1.0528702415776283,119.84
UAE,Middle East,High,High,2025-03-10,1.051,1.0043181499544431,117.71
UAE,Middle East,High,High,2025-03-17,1.018,1.0579158637753265,118.64
UAE,Middle East,High,High,2025-03-24,0.965,1.0286324495657255,119.96
UAE,Middle East,High,High,2025-03-31,1.039,0.9673081947791862,120.22
UAE,Middle East,High,High,2025-04-07,1.04,1.0548243402779802,122.0
UAE,Middle East,High,High,2025-04-14,1.018,1.0248766757071448,120.21
UAE,Middle East,High,High,2025-04-21,1.051,1.0364279708305442,122.22
UAE,Middle East,High,High,2025-04-28,1.094,1.0403549428873282,121.14
UAE,Middle East,High,High,2025-05-05,1.031,1.0765500851134444,119.41
UAE,Middle East,High,High,2025-05-12,1.015,1.0305054379047176,118.92
UAE,Middle East,High,High,2025-05-19,1.017,1.033651182837594,120.97
UAE,Middle East,High,High,2025-05-26,1.048,1.0136935241993947,120.74
UAE,Middle East,High,High,2025-06-02,1.019,1.033312620291847,119.42
UAE,Middle East,High,High,2025-06-09,1.017,1.0034444707268197,117.67
UAE,Middle East,High,High,2025-06-16,0.972,1.0168353009930564,117.34
UAE,Middle East,High,High,2025-06-23,0.976,0.9358469275875211,114.75
UAE,Middle East,High,High,2025-06-30,0.996,0.9602976084294772,112.99
UAE,Middle East,High,High,2025-07-07,0.981,1.0107473542401346,114.64
UAE,Middle East,High,High,2025-07-14,1.013,0.9917522073297149,116.03
UAE,Middle East,High,High,2025-07-21,0.994,1.0127151500842162,115.68
UAE,Middle East,High,High,2025-07-28,0.973,0.9885264373662218,114.92
UAE,Middle East,High,High,2025-08-04,0.958,0.9724282171057655,114.79
UAE,Middle East,High,High,2025-08-11,1.005,0.9818645335631709,117.41
UAE,Middle East,High,High,2025-08-18,1.033,1.0076511645502255,117.69
UAE,Middle East,High,High,2025-08-25,1.036,1.0408308423191552,118.58
UAE,Middle East,High,High,2025-09-01,1.006,1.035358575607375,118.14
UAE,Middle East,High,High,2025-09-08,1.03,1.006461173480748,118.01
UAE,Middle East,High,High,2025-09-15,1.017,1.036240694409162,118.59
UAE,Middle East,High,High,2025-09-22,1.021,1.0172791071824514,118.54
UAE,Middle East,High,High,2025-09-29,0.986,0.9969204683842164,116.06
UAE,Middle East,High,High,2025-10-06,1.022,0.9966324495657256,117.4
UAE,Middle East,High,High,2025-10-13,0.97,1.0110180452315383,116.46
UAE,Middle East,High,High,2025-10-20,1.031,0.989583287565831,118.8
UAE,Middle East,High,High,2025-10-27,1.008,1.037240694409162,119.42
UAE,Middle East,High,High,2025-11-03,1.038,1.008461173480748,119.31
UAE,Middle East,High,High,2025-11-10,1.016,1.040678269083579,119.63
UAE,Middle East,High,High,2025-11-17,1.03,1.0154652266886637,119.3
UAE,Middle East,High,High,2025-11-24,0.986,1.0195522334129534,118.52
UAE,Middle East,High,High,2025-12-01,1.002,0.9876170627708414,118.57
UAE,Middle East,High,High,2025-12-08,1.019,1.008585070896405,119.43
UAE,Middle East,High,High,2025-12-15,0.974,1.0122721130318006,118.67
UAE,Middle East,High,High,2025-12-22,0.988,0.9631649075288808,117.73
UAE,Middle East,High,High,2025-12-29,1.008,0.9822280980705251,117.1
UAE,Middle East,High,High,2026-01-05,0.996,1.014769001477984,118.04
UAE,Middle East,High,High,2026-01-12,1.026,1.0089002997431653,119.58
UAE,Middle East,High,High,2026-01-19,1.031,1.0283081947791861,119.82
UAE,Middle East,High,High,2026-01-26,1.012,1.0356748713607271,120.32
UAE,Middle East,High,High,2026-02-02,1.042,1.0009416955218307,119.36
UAE,Middle East,High,High,2026-02-09,1.0,1.0487319331937477,120.21
UAE,Middle East,High,High,2026-02-16,1.034,1.0045280090633846,120.67
UAE,Middle East,High,High,2026-02-23,1.036,1.0217507595277882,119.62
UAE,Middle East,High,High,2026-03-02,1.071,1.0814188528471753,124.85
UAE,Middle East,High,High,2026-03-09,1.12,1.1163023849267542,130.0
UAE,Middle East,High,High,2026-03-16,1.101,1.1211787982359886,130.0
UAE,Middle East,High,High,2026-03-23,1.15,1.101333905323603,130.0
UAE,Middle East,High,High,2026-03-30,1.096,1.150333905323603,130.0
UAE,Middle East,High,High,2026-04-06,1.109,1.0963339053236032,130.0
Uganda,Africa,Low,Low,2025-01-20,2.691,2.684483009900575,122.38
Uganda,Africa,Low,Low,2025-01-27,2.619,2.6409942999935545,120.18
Uganda,Africa,Low,Low,2025-02-03,2.557,2.592302273198925,119.05
Uganda,Africa,Low,Low,2025-02-10,2.633,2.594809630333086,120.85
Uganda,Africa,Low,Low,2025-02-17,2.6,2.620093992626873,120.24
Uganda,Africa,Low,Low,2025-02-24,2.606,2.5887651662331983,119.66
Uganda,Africa,Low,Low,2025-03-03,2.615,2.6080085604897736,119.84
Uganda,Africa,Low,Low,2025-03-10,2.59,2.565841648719781,117.71
Uganda,Africa,Low,Low,2025-03-17,2.554,2.6126070335363543,118.64
Uganda,Africa,Low,Low,2025-03-24,2.6,2.587279589053093,119.96
Uganda,Africa,Low,Low,2025-03-31,2.64,2.604874434431044,120.22
Uganda,Africa,Low,Low,2025-04-07,2.645,2.6770278332389905,122.0
Uganda,Africa,Low,Low,2025-04-14,2.618,2.599353370895496,120.21
Uganda,Africa,Low,Low,2025-04-21,2.674,2.665207791887734,122.22
Uganda,Africa,Low,Low,2025-04-28,2.661,2.6479576901863,121.14
Uganda,Africa,Low,Low,2025-05-05,2.585,2.6130267803017952,119.41
Uganda,Africa,Low,Low,2025-05-12,2.591,2.5791188557770988,118.92
Uganda,Africa,Low,Low,2025-05-19,2.606,2.6384310038947847,120.97
Uganda,Africa,Low,Low,2025-05-26,2.655,2.6010037341156855,120.74
Uganda,Africa,Low,Low,2025-06-02,2.591,2.616496708699297,119.42
Uganda,Africa,Low,Low,2025-06-09,2.563,2.5449211659151714,117.67
Uganda,Africa,Low,Low,2025-06-16,2.54,2.5576868886219017,117.34
Uganda,Africa,Low,Low,2025-06-23,2.514,2.4772292350404794,114.75
Uganda,Africa,Low,Low,2025-06-30,2.468,2.467774303617828,112.99
Uganda,Africa,Low,Low,2025-07-07,2.519,2.5048079407648425,114.64
Uganda,Africa,Low,Low,2025-07-14,2.557,2.5522405553383467,116.03
Uganda,Africa,Low,Low,2025-07-21,2.508,2.5514079462343253,115.68
Uganda,Africa,Low,Low,2025-07-28,2.535,2.4963272067212734,114.92
Uganda,Africa,Low,Low,2025-08-04,2.516,2.5323408742336224,114.79
Uganda,Africa,Low,Low,2025-08-11,2.536,2.576671856371846,117.41
Uganda,Africa,Low,Low,2025-08-18,2.54,2.5410586127233477,117.69
Uganda,Africa,Low,Low,2025-08-25,2.607,2.562768820016072,118.58
Uganda,Africa,Low,Low,2025-09-01,2.549,2.600971993479756,118.14
Uganda,Africa,Low,Low,2025-09-08,2.575,2.5474653289321227,118.01
Uganda,Africa,Low,Low,2025-09-15,2.586,2.5909026518355294,118.59
Uganda,Africa,Low,Low,2025-09-22,2.581,2.58518604932909,118.54
Uganda,Africa,Low,Low,2025-09-29,2.521,2.5304160171613743,116.06
Uganda,Africa,Low,Low,2025-10-06,2.523,2.554279589053093,117.4
Uganda,Africa,Low,Low,2025-10-13,2.557,2.4998724511998645,116.46
Uganda,Africa,Low,Low,2025-10-20,2.586,2.608708572775063,118.8
Uganda,Africa,Low,Low,2025-10-27,2.592,2.601902651835529,119.42
Uganda,Africa,Low,Low,2025-11-03,2.587,2.590465328932123,119.31
Uganda,Africa,Low,Low,2025-11-10,2.584,2.592244508735437,119.63
Uganda,Africa,Low,Low,2025-11-17,2.601,2.578316814317509,119.3
Uganda,Africa,Low,Low,2025-11-24,2.56,2.582490323130625,118.52
Uganda,Africa,Low,Low,2025-12-01,2.548,2.559947570348579,118.57
Uganda,Africa,Low,Low,2025-12-08,2.606,2.5684196555759464,119.43
Uganda,Africa,Low,Low,2025-12-15,2.584,2.5938260744509636,118.67
Uganda,Africa,Low,Low,2025-12-22,2.601,2.561019313497207,117.73
Uganda,Africa,Low,Low,2025-12-29,2.55,2.589841515942906,117.1
Uganda,Africa,Low,Low,2026-01-05,2.594,2.572460171239012,118.04
Uganda,Africa,Low,Low,2026-01-12,2.6,2.629934987548331,119.58
Uganda,Africa,Low,Low,2026-01-19,2.619,2.604874434431044,119.82
Uganda,Africa,Low,Low,2026-01-26,2.617,2.631728872097956,120.32
Uganda,Africa,Low,Low,2026-02-02,2.578,2.5937961014901565,119.36
Uganda,Africa,Low,Low,2026-02-09,2.599,2.5985665178732886,120.21
Uganda,Africa,Low,Low,2026-02-16,2.636,2.611582009800613,120.67
Uganda,Africa,Low,Low,2026-02-23,2.601,2.60835350682676,119.62
Uganda,Africa,Low,Low,2026-03-02,2.715,2.6976736399137486,124.85
Uganda,Africa,Low,Low,2026-03-09,2.865,2.8112978872105523,130.0
Uganda,Africa,Low,Low,2026-03-16,2.862,2.8649861778579933,130.0
Uganda,Africa,Low,Low,2026-03-23,2.87,2.8617484993116937,130.0
Uganda,Africa,Low,Low,2026-03-30,2.849,2.8697484993116937,130.0
Uganda,Africa,Low,Low,2026-04-06,2.839,2.848748499311694,130.0
Ukraine,Europe,Middle,Medium,2025-01-20,2.295,2.2929900084465564,122.38
Ukraine,Europe,Middle,Medium,2025-01-27,2.247,2.255172223597535,120.18
Ukraine,Europe,Middle,Medium,2025-02-03,2.214,2.227390613914229,119.05
Ukraine,Europe,Middle,Medium,2025-02-10,2.256,2.246269270216067,120.85
Ukraine,Europe,Middle,Medium,2025-02-17,2.243,2.241789180256686,120.24
Ukraine,Europe,Middle,Medium,2025-02-24,2.235,2.2304603538630117,119.66
Ukraine,Europe,Middle,Medium,2025-03-03,2.258,2.2373044367679396,119.84
Ukraine,Europe,Middle,Medium,2025-03-10,2.196,2.2198533262293507,117.71
Ukraine,Europe,Middle,Medium,2025-03-17,2.203,2.213496769318337,118.64
Ukraine,Europe,Middle,Medium,2025-03-24,2.217,2.226786135708804,119.96
Ukraine,Europe,Middle,Medium,2025-03-31,2.255,2.22150319180699,120.22
Ukraine,Europe,Middle,Medium,2025-04-07,2.311,2.286487473121972,122.0
Ukraine,Europe,Middle,Medium,2025-04-14,2.213,2.280654496098268,120.21
Ukraine,Europe,Middle,Medium,2025-04-21,2.269,2.2519334013437984,122.22
Ukraine,Europe,Middle,Medium,2025-04-28,2.238,2.251158848338106,121.14
Ukraine,Europe,Middle,Medium,2025-05-05,2.251,2.2042150880680658,119.41
Ukraine,Europe,Middle,Medium,2025-05-12,2.24,2.243814043406912,118.92
Ukraine,Europe,Middle,Medium,2025-05-19,2.257,2.2791566133508487,120.97
Ukraine,Europe,Middle,Medium,2025-05-26,2.269,2.251869703948474,120.74
Ukraine,Europe,Middle,Medium,2025-06-02,2.228,2.243717955188775,119.42
Ukraine,Europe,Middle,Medium,2025-06-09,2.199,2.1961094736814415,117.67
Ukraine,Europe,Middle,Medium,2025-06-16,2.228,2.193210925810102,117.34
Ukraine,Europe,Middle,Medium,2025-06-23,2.129,2.1774528538047098,114.75
Ukraine,Europe,Middle,Medium,2025-06-30,2.116,2.096962611384099,112.99
Ukraine,Europe,Middle,Medium,2025-07-07,2.103,2.1472675806478243,114.64
Ukraine,Europe,Middle,Medium,2025-07-14,2.136,2.1267471019940576,116.03
Ukraine,Europe,Middle,Medium,2025-07-21,2.178,2.129931983422526,115.68
Ukraine,Europe,Middle,Medium,2025-07-28,2.111,2.164347982363543,114.92
Ukraine,Europe,Middle,Medium,2025-08-04,2.165,2.109463861584543,114.79
Ukraine,Europe,Middle,Medium,2025-08-11,2.172,2.213353115717949,117.41
Ukraine,Europe,Middle,Medium,2025-08-18,2.204,2.1766873700992937,117.69
Ukraine,Europe,Middle,Medium,2025-08-25,2.196,2.2216585557980544,118.58
Ukraine,Europe,Middle,Medium,2025-09-01,2.176,2.1886671811095693,118.14
Ukraine,Europe,Middle,Medium,2025-09-08,2.227,2.174700159719942,118.01
Ukraine,Europe,Middle,Medium,2025-09-15,2.226,2.2394903806706674,118.59
Ukraine,Europe,Middle,Medium,2025-09-22,2.187,2.2268318984767146,118.54
Ukraine,Europe,Middle,Medium,2025-09-29,2.201,2.1461256429365965,116.06
Ukraine,Europe,Middle,Medium,2025-10-06,2.189,2.224786135708804,117.4
Ukraine,Europe,Middle,Medium,2025-10-13,2.188,2.169709133245814,116.46
Ukraine,Europe,Middle,Medium,2025-10-20,2.157,2.2312496958293306,118.8
Ukraine,Europe,Middle,Medium,2025-10-27,2.237,2.1694903806706676,119.42
Ukraine,Europe,Middle,Medium,2025-11-03,2.249,2.2357001597199417,119.31
Ukraine,Europe,Middle,Medium,2025-11-10,2.227,2.253873266111383,119.63
Ukraine,Europe,Middle,Medium,2025-11-17,2.238,2.2208408515057094,119.3
Ukraine,Europe,Middle,Medium,2025-11-24,2.199,2.220126970474386,118.52
Ukraine,Europe,Middle,Medium,2025-12-01,2.217,2.2010662991625325,118.57
Ukraine,Europe,Middle,Medium,2025-12-08,2.268,2.2328520087168164,119.43
Ukraine,Europe,Middle,Medium,2025-12-15,2.237,2.253846850093233,118.67
Ukraine,Europe,Middle,Medium,2025-12-22,2.179,2.217855995543157,117.73
Ukraine,Europe,Middle,Medium,2025-12-29,2.157,2.166536703572719,117.1
Ukraine,Europe,Middle,Medium,2026-01-05,2.202,2.174349907020994,118.04
Ukraine,Europe,Middle,Medium,2026-01-12,2.237,2.22971821787275,119.58
Ukraine,Europe,Middle,Medium,2026-01-19,2.21,2.24150319180699,119.82
Ukraine,Europe,Middle,Medium,2026-01-26,2.242,2.2202151982832095,120.32
Ukraine,Europe,Middle,Medium,2026-02-02,2.175,2.2226327835361066,119.36
Ukraine,Europe,Middle,Medium,2026-02-09,2.256,2.190998871014159,120.21
Ukraine,Europe,Middle,Medium,2026-02-16,2.237,2.2660683359858664,120.67
Ukraine,Europe,Middle,Medium,2026-02-23,2.219,2.2164418475420637,119.62
Ukraine,Europe,Middle,Medium,2026-03-02,2.351,2.3054104818094316,124.85
Ukraine,Europe,Middle,Medium,2026-03-09,2.447,2.4365647209994696,130.0
Ukraine,Europe,Middle,Medium,2026-03-16,2.418,2.447588957111973,130.0
Ukraine,Europe,Middle,Medium,2026-03-23,2.439,2.418729442276517,130.0
Ukraine,Europe,Middle,Medium,2026-03-30,2.447,2.439729442276517,130.0
Ukraine,Europe,Middle,Medium,2026-04-06,2.394,2.447729442276517,130.0
United Kingdom,Europe,High,Low,2025-01-20,4.7,4.7219481877271585,122.38
United Kingdom,Europe,High,Low,2025-01-27,4.609,4.617953921335731,120.18
United Kingdom,Europe,High,Low,2025-02-03,4.577,4.573404316384456,119.05
United Kingdom,Europe,High,Low,2025-02-10,4.659,4.638942688671604,120.85
United Kingdom,Europe,High,Low,2025-02-17,4.64,4.638233582440999,120.24
United Kingdom,Europe,High,Low,2025-02-24,4.578,4.620904756047325,119.66
United Kingdom,Europe,High,Low,2025-03-03,4.621,4.582508317651164,119.84
United Kingdom,Europe,High,Low,2025-03-10,4.512,4.541575011931941,117.71
United Kingdom,Europe,High,Low,2025-03-17,4.563,4.541791284331213,118.64
United Kingdom,Europe,High,Low,2025-03-24,4.559,4.612122336982257,119.96
United Kingdom,Europe,High,Low,2025-03-31,4.66,4.567003675180784,120.22
United Kingdom,Europe,High,Low,2025-04-07,4.679,4.721719476664555,122.0
United Kingdom,Europe,High,Low,2025-04-14,4.622,4.612818968671803,120.21
United Kingdom,Europe,High,Low,2025-04-21,4.709,4.697439272932409,122.22
United Kingdom,Europe,High,Low,2025-04-28,4.651,4.674059733371831,121.14
United Kingdom,Europe,High,Low,2025-05-05,4.587,4.5824923780781015,119.41
United Kingdom,Europe,High,Low,2025-05-12,4.607,4.573258445591224,118.92
United Kingdom,Europe,High,Low,2025-05-19,4.616,4.68266248493946,120.97
United Kingdom,Europe,High,Low,2025-05-26,4.637,4.606183363694212,120.74
United Kingdom,Europe,High,Low,2025-06-02,4.595,4.587887532128729,119.42
United Kingdom,Europe,High,Low,2025-06-09,4.484,4.528386763691477,117.67
United Kingdom,Europe,High,Low,2025-06-16,4.499,4.471985191082754,117.34
United Kingdom,Europe,High,Low,2025-06-23,4.405,4.393033264378747,114.75
United Kingdom,Europe,High,Low,2025-06-30,4.323,4.338239901394135,112.99
United Kingdom,Europe,High,Low,2025-07-07,4.401,4.383642490626709,114.64
United Kingdom,Europe,High,Low,2025-07-14,4.473,4.450242094746246,116.03
United Kingdom,Europe,High,Low,2025-07-21,4.426,4.460865040173914,115.68
United Kingdom,Europe,High,Low,2025-07-28,4.45,4.405951176026592,114.92
United Kingdom,Europe,High,Low,2025-08-04,4.413,4.444419244640185,114.79
United Kingdom,Europe,High,Low,2025-08-11,4.517,4.513027083347279,117.41
United Kingdom,Europe,High,Low,2025-08-18,4.551,4.525346644951824,117.69
United Kingdom,Europe,High,Low,2025-08-25,4.579,4.581111862289667,118.58
United Kingdom,Europe,High,Low,2025-09-01,4.563,4.5651115832938824,118.14
United Kingdom,Europe,High,Low,2025-09-08,4.519,4.558078911698209,118.01
United Kingdom,Europe,High,Low,2025-09-15,4.54,4.539660264932526,118.59
United Kingdom,Europe,High,Low,2025-09-22,4.559,4.539308990098431,118.54
United Kingdom,Europe,High,Low,2025-09-29,4.48,4.475252296047288,116.06
United Kingdom,Europe,High,Low,2025-10-06,4.511,4.529122336982257,117.4
United Kingdom,Europe,High,Low,2025-10-13,4.455,4.478974494385396,116.46
United Kingdom,Europe,High,Low,2025-10-20,4.548,4.537414150525116,118.8
United Kingdom,Europe,High,Low,2025-10-27,4.612,4.568660264932526,119.42
United Kingdom,Europe,High,Low,2025-11-03,4.557,4.607078911698209,119.31
United Kingdom,Europe,High,Low,2025-11-10,4.61,4.565373749485177,119.63
United Kingdom,Europe,High,Low,2025-11-17,4.57,4.597615116778361,119.3
United Kingdom,Europe,High,Low,2025-11-24,4.561,4.542955500957208,118.52
United Kingdom,Europe,High,Low,2025-12-01,4.505,4.56241807786876,118.57
United Kingdom,Europe,High,Low,2025-12-08,4.587,4.530586119034928,119.43
United Kingdom,Europe,High,Low,2025-12-15,4.538,4.566291252277546,118.67
United Kingdom,Europe,High,Low,2025-12-22,4.525,4.506121356682738,117.73
United Kingdom,Europe,High,Low,2025-12-29,4.499,4.505981105757033,117.1
United Kingdom,Europe,High,Low,2026-01-05,4.526,4.528644422033871,118.04
United Kingdom,Europe,High,Low,2026-01-12,4.531,4.584529444140517,119.58
United Kingdom,Europe,High,Low,2026-01-19,4.646,4.539003675180783,119.82
United Kingdom,Europe,High,Low,2026-01-26,4.58,4.662528959050677,120.32
United Kingdom,Europe,High,Low,2026-02-02,4.612,4.547898144675687,119.36
United Kingdom,Europe,High,Low,2026-02-09,4.611,4.637732981332271,120.21
United Kingdom,Europe,High,Low,2026-02-16,4.639,4.627382096753334,120.67
United Kingdom,Europe,High,Low,2026-02-23,4.597,4.602455550012291,119.62
United Kingdom,Europe,High,Low,2026-03-02,4.856,4.755135702820752,124.85
United Kingdom,Europe,High,Low,2026-03-09,5.031,5.01348428445186,130.0
United Kingdom,Europe,High,Low,2026-03-16,4.981,5.030673730703498,130.0
United Kingdom,Europe,High,Low,2026-03-23,5.0,4.980206533898233,130.0
United Kingdom,Europe,High,Low,2026-03-30,5.011,4.999206533898233,130.0
United Kingdom,Europe,High,Low,2026-04-06,4.984,5.010206533898233,130.0
United States,North America,High,Low,2025-01-20,2.67,2.654252641200233,122.38
United States,North America,High,Low,2025-01-27,2.631,2.6016254863606427,120.18
United States,North America,High,Low,2025-02-03,2.583,2.5977087698575305,119.05
United States,North America,High,Low,2025-02-10,2.646,2.636873957522509,120.85
United States,North America,High,Low,2025-02-17,2.631,2.6268636239265306,120.24
United States,North America,High,Low,2025-02-24,2.598,2.613534797532856,119.66
United States,North America,High,Low,2025-03-03,2.599,2.6002852372284746,119.84
United States,North America,High,Low,2025-03-10,2.536,2.5306810798012083,117.71
United States,North America,High,Low,2025-03-17,2.633,2.561561180106708,118.64
United States,North America,High,Low,2025-03-24,2.64,2.676732946576567,119.96
United States,North America,High,Low,2025-03-31,2.637,2.6456215446471947,120.22
United States,North America,High,Low,2025-04-07,2.678,2.6906507455154585,122.0
United States,North America,High,Low,2025-04-14,2.599,2.620224173243517,120.21
United States,North America,High,Low,2025-04-21,2.626,2.662670371547579,122.22
United States,North America,High,Low,2025-04-28,2.641,2.5933641868449056,121.14
United States,North America,High,Low,2025-05-05,2.587,2.5808975826498166,119.41
United States,North America,High,Low,2025-05-12,2.598,2.5748884870767563,118.92
United States,North America,High,Low,2025-05-19,2.606,2.6618935835546287,120.97
United States,North America,High,Low,2025-05-26,2.651,2.5969845556213564,120.74
United States,North America,High,Low,2025-06-02,2.591,2.6054505210054635,119.42
United States,North America,High,Low,2025-06-09,2.567,2.5327919682631923,117.67
United States,North America,High,Low,2025-06-16,2.564,2.5557863830098984,117.34
United States,North America,High,Low,2025-06-23,2.528,2.4792548957856293,114.75
United States,North America,High,Low,2025-06-30,2.455,2.4696451059658497,112.99
United States,North America,High,Low,2025-07-07,2.486,2.507573759477613,114.64
United States,North America,High,Low,2025-07-14,2.505,2.529852704340556,116.03
United States,North America,High,Low,2025-07-21,2.504,2.4936662321010576,115.68
United States,North America,High,Low,2025-07-28,2.535,2.486255629499667,114.92
United States,North America,High,Low,2025-08-04,2.515,2.530220436567329,114.79
United States,North America,High,Low,2025-08-11,2.549,2.595152590549051,117.41
United States,North America,High,Low,2025-08-18,2.528,2.5549645144182342,117.69
United States,North America,High,Low,2025-08-25,2.559,2.5538817580651614,118.58
United States,North America,High,Low,2025-09-01,2.582,2.546741624779414,118.14
United States,North America,High,Low,2025-09-08,2.598,2.5778801036253522,118.01
United States,North America,High,Low,2025-09-15,2.601,2.6152300984456356,118.59
United States,North America,High,Low,2025-09-22,2.583,2.6004689525009033,118.54
United States,North America,High,Low,2025-09-29,2.543,2.51509516473505,116.06
United States,North America,High,Low,2025-10-06,2.606,2.586732946576567,117.4
United States,North America,High,Low,2025-10-13,2.541,2.57627894785847,116.46
United States,North America,High,Low,2025-10-20,2.578,2.6097465754317524,118.8
United States,North America,High,Low,2025-10-27,2.604,2.5952300984456356,119.42
United States,North America,High,Low,2025-11-03,2.607,2.5998801036253525,119.31
United States,North America,High,Low,2025-11-10,2.638,2.612991618951588,119.63
United States,North America,High,Low,2025-11-17,2.573,2.626416308705505,119.3
United States,North America,High,Low,2025-11-24,2.568,2.548259954430282,118.52
United States,North America,High,Low,2025-12-01,2.552,2.5688069080892935,118.57
United States,North America,High,Low,2025-12-08,2.589,2.5737471021860525,119.43
United States,North America,High,Low,2025-12-15,2.592,2.570595705750621,118.67
United States,North America,High,Low,2025-12-22,2.561,2.562425810155813,117.73
United States,North America,High,Low,2025-12-29,2.586,2.5436111472425633,117.1
United States,North America,High,Low,2026-01-05,2.591,2.6114143178093654,118.04
United States,North America,High,Low,2026-01-12,2.63,2.643734633000605,119.58
United States,North America,High,Low,2026-01-19,2.627,2.6356215446471944,119.82
United States,North America,High,Low,2026-01-26,2.607,2.640337056644361,120.32
United States,North America,High,Low,2026-02-02,2.576,2.5772025981487627,119.36
United States,North America,High,Low,2026-02-09,2.615,2.5978939644833954,120.21
United States,North America,High,Low,2026-02-16,2.625,2.628190194347019,120.67
United States,North America,High,Low,2026-02-23,2.58,2.5907600034853653,119.62
United States,North America,High,Low,2026-03-02,2.738,2.7019155238947525,124.85
United States,North America,High,Low,2026-03-09,2.856,2.8592641055258614,130.0
United States,North America,High,Low,2026-03-16,2.843,2.8558336931059705,130.0
United States,North America,High,Low,2026-03-23,2.839,2.842523750642055,130.0
United States,North America,High,Low,2026-03-30,2.832,2.838523750642055,130.0
United States,North America,High,Low,2026-04-06,2.843,2.831523750642055,130.0
Venezuela,South America,Low,Very High,2025-01-20,0.023,0.029447541623898968,122.38
Venezuela,South America,Low,Very High,2025-01-27,0.019,0.021723940921607728,120.18
Venezuela,South America,Low,Very High,2025-02-03,0.01,0.0067747818003604885,119.05
Venezuela,South America,Low,Very High,2025-02-10,0.01,0.017955564853028357,120.85
Venezuela,South America,Low,Very High,2025-02-17,0.01,0.0020585243501967214,120.24
Venezuela,South America,Low,Very High,2025-02-24,0.01,0.0037296979565221624,119.66
Venezuela,South America,Low,Very High,2025-03-03,0.01,0.011946424111380676,119.84
Venezuela,South America,Low,Very High,2025-03-10,0.038,0.006080652337171004,117.71
Venezuela,South America,Low,Very High,2025-03-17,0.013,0.04317233373887146,118.64
Venezuela,South America,Low,Very High,2025-03-24,0.01,0.017818010336497,119.96
Venezuela,South America,Low,Very High,2025-03-31,0.019,0.012454981213950101,120.22
Venezuela,South America,Low,Very High,2025-04-07,0.01,0.026173767758932907,122.0
Venezuela,South America,Low,Very High,2025-04-14,0.019,0.002186220679803919,120.21
Venezuela,South America,Low,Very High,2025-04-21,0.01,0.028160501855156343,122.22
Venezuela,South America,Low,Very High,2025-04-28,0.01,-0.0015698012122645072,121.14
Venezuela,South America,Low,Very High,2025-05-05,0.01,-0.00045473304895080405,119.41
Venezuela,South America,Low,Very High,2025-05-12,0.01,0.009083387500422337,118.92
Venezuela,South America,Low,Very High,2025-05-19,0.01,0.019383713862206498,120.97
Venezuela,South America,Low,Very High,2025-05-26,0.02,0.00996826583900919,120.74
Venezuela,South America,Low,Very High,2025-06-02,0.01,0.004050254142103651,119.42
Venezuela,South America,Low,Very High,2025-06-09,0.01,0.001754015699479073,117.67
Venezuela,South America,Low,Very High,2025-06-16,0.01,0.00965142034522549,117.34
Venezuela,South America,Low,Very High,2025-06-23,0.01,0.00574986409113479,114.75
Venezuela,South America,Low,Very High,2025-06-30,0.015,0.0016071534021364561,112.99
Venezuela,South America,Low,Very High,2025-07-07,0.015,0.021953875284785245,114.64
Venezuela,South America,Low,Very High,2025-07-14,0.016,0.01970555066997747,116.03
Venezuela,South America,Low,Very High,2025-07-21,0.031,0.01529905200587641,115.68
Venezuela,South America,Low,Very High,2025-07-28,0.015,0.024218312492824134,114.92
Venezuela,South America,Low,Very High,2025-08-04,0.018,0.016138622048193364,114.79
Venezuela,South America,Low,Very High,2025-08-11,0.011,0.021272638321271707,117.41
Venezuela,South America,Low,Very High,2025-08-18,0.01,0.01356573355448073,117.69
Venezuela,South America,Low,Very High,2025-08-25,0.013,0.015260694266815956,118.58
Venezuela,South America,Low,Very High,2025-09-01,0.019,0.011936525203079718,118.14
Venezuela,South America,Low,Very High,2025-09-08,0.02,0.021336502698466826,118.01
Venezuela,South America,Low,Very High,2025-09-15,0.025,0.02415949347189296,118.59
Venezuela,South America,Low,Very High,2025-09-22,0.01,0.027486994630036,118.54
Venezuela,South America,Low,Very High,2025-09-29,0.029,0.00884577678152304,116.06
Venezuela,South America,Low,Very High,2025-10-06,0.036,0.033818010336497,117.4
Venezuela,South America,Low,Very High,2025-10-13,0.01,0.02409330113194543,116.46
Venezuela,South America,Low,Very High,2025-10-20,0.01,0.01464436398697878,118.8
Venezuela,South America,Low,Very High,2025-10-27,0.01,0.014159493471892961,119.42
Venezuela,South America,Low,Very High,2025-11-03,0.01,0.012336502698466825,119.31
Venezuela,South America,Low,Very High,2025-11-10,0.016,0.012825055518342876,119.63
Venezuela,South America,Low,Very High,2025-11-17,0.01,0.015281346040832717,119.3
Venezuela,South America,Low,Very High,2025-11-24,0.01,-0.0009292734445600428,118.52
Venezuela,South America,Low,Very High,2025-12-01,0.01,0.012702820367526905,118.57
Venezuela,South America,Low,Very High,2025-12-08,0.011,0.015015248019663977,119.43
Venezuela,South America,Low,Very High,2025-12-15,0.01,0.003790606174287275,118.67
Venezuela,South America,Low,Very High,2025-12-22,0.01,-0.0017598365707119437,117.73
Venezuela,South America,Low,Very High,2025-12-29,0.01,0.0038060476662296998,117.1
Venezuela,South America,Low,Very High,2026-01-05,0.01,0.015025471441528836,118.04
Venezuela,South America,Low,Very High,2026-01-12,0.042,0.014978068801298625,119.58
Venezuela,South America,Low,Very High,2026-01-19,0.01,0.044454981213950105,119.82
Venezuela,South America,Low,Very High,2026-01-26,0.022,0.013979105226953316,120.32
Venezuela,South America,Low,Very High,2026-02-02,0.015,0.010016951422237899,119.36
Venezuela,South America,Low,Very High,2026-02-09,0.022,0.020162110317006595,120.21
Venezuela,South America,Low,Very High,2026-02-16,0.01,0.025832242929610696,120.67
Venezuela,South America,Low,Very High,2026-02-23,0.01,-0.003173984571804747,119.62
Venezuela,South America,Low,Very High,2026-03-02,0.01,-0.00045677551190487047,124.85
Venezuela,South America,Low,Very High,2026-03-09,0.041,-0.0011081938807958186,130.0
Venezuela,South America,Low,Very High,2026-03-16,0.01,0.04384136253140661,130.0
Venezuela,South America,Low,Very High,2026-03-23,0.01,0.012448870002407804,130.0
Venezuela,South America,Low,Very High,2026-03-30,0.01,0.012448870002407804,130.0
Venezuela,South America,Low,Very High,2026-04-06,0.01,0.012448870002407804,130.0
Vietnam,Asia,Middle,Medium,2025-01-20,1.775,1.7840374923776505,122.38
Vietnam,Asia,Middle,Medium,2025-01-27,1.742,1.7449602285031576,120.18
Vietnam,Asia,Middle,Medium,2025-02-03,1.734,1.724438097845323,119.05
Vietnam,Asia,Middle,Medium,2025-02-10,1.752,1.7610826007267324,120.85
Vietnam,Asia,Middle,Medium,2025-02-17,1.725,1.740092618260253,120.24
Vietnam,Asia,Middle,Medium,2025-02-24,1.732,1.7138334258065624,119.66
Vietnam,Asia,Middle,Medium,2025-03-03,1.748,1.7337818669483085,119.84
Vietnam,Asia,Middle,Medium,2025-03-10,1.715,1.7196413311349734,117.71
Vietnam,Asia,Middle,Medium,2025-03-17,1.738,1.730028498559844,118.64
Vietnam,Asia,Middle,Medium,2025-03-24,1.743,1.758212038914931,119.96
Vietnam,Asia,Middle,Medium,2025-03-31,1.724,1.7468215718764588,120.22
Vietnam,Asia,Middle,Medium,2025-04-07,1.794,1.750300803632637,122.0
Vietnam,Asia,Middle,Medium,2025-04-14,1.719,1.7715780659076397,120.21
Vietnam,Asia,Middle,Medium,2025-04-21,1.783,1.749046561618729,122.22
Vietnam,Asia,Middle,Medium,2025-04-28,1.739,1.7672063322692,121.14
Vietnam,Asia,Middle,Medium,2025-05-05,1.748,1.7140690239374536,119.41
Vietnam,Asia,Middle,Medium,2025-05-12,1.705,1.7421871153504624,118.92
Vietnam,Asia,Middle,Medium,2025-05-19,1.7,1.7352697736257792,120.97
Vietnam,Asia,Middle,Medium,2025-05-26,1.764,1.6963442923936534,120.74
Vietnam,Asia,Middle,Medium,2025-06-02,1.741,1.7429543405835446,119.42
Vietnam,Asia,Middle,Medium,2025-06-09,1.719,1.717033043490813,117.67
Vietnam,Asia,Middle,Medium,2025-06-16,1.68,1.7137551481952655,117.34
Vietnam,Asia,Middle,Medium,2025-06-23,1.687,1.639143363343156,114.75
Vietnam,Asia,Middle,Medium,2025-06-30,1.622,1.6628861811934703,112.99
Vietnam,Asia,Middle,Medium,2025-07-07,1.677,1.6480809111584895,114.64
Vietnam,Asia,Middle,Medium,2025-07-14,1.698,1.6971730052001843,116.03
Vietnam,Asia,Middle,Medium,2025-07-21,1.676,1.6924762058076894,115.68
Vietnam,Asia,Middle,Medium,2025-07-28,1.699,1.664395466294637,114.92
Vietnam,Asia,Middle,Medium,2025-08-04,1.654,1.6980080839697065,114.79
Vietnam,Asia,Middle,Medium,2025-08-11,1.674,1.6892912583629167,117.41
Vietnam,Asia,Middle,Medium,2025-08-18,1.703,1.6780057501687622,117.69
Vietnam,Asia,Middle,Medium,2025-08-25,1.692,1.7181902850395614,118.58
Vietnam,Asia,Middle,Medium,2025-09-01,1.678,1.6860402530531198,118.14
Vietnam,Asia,Middle,Medium,2025-09-08,1.697,1.6772443821051048,118.01
Vietnam,Asia,Middle,Medium,2025-09-15,1.704,1.7083093181540783,118.59
Vietnam,Asia,Middle,Medium,2025-09-22,1.706,1.7047348913372067,118.54
Vietnam,Asia,Middle,Medium,2025-09-29,1.705,1.6748957227672654,116.06
Vietnam,Asia,Middle,Medium,2025-10-06,1.659,1.725212038914931,117.4
Vietnam,Asia,Middle,Medium,2025-10-13,1.687,1.641756617176908,116.46
Vietnam,Asia,Middle,Medium,2025-10-20,1.718,1.7194641823957286,118.8
Vietnam,Asia,Middle,Medium,2025-10-27,1.735,1.7293093181540782,119.42
Vietnam,Asia,Middle,Medium,2025-11-03,1.77,1.734244382105105,119.31
Vietnam,Asia,Middle,Medium,2025-11-10,1.751,1.7741916461808513,119.63
Vietnam,Asia,Middle,Medium,2025-11-17,1.714,1.7453850738908727,119.3
Vietnam,Asia,Middle,Medium,2025-11-24,1.75,1.69817445440548,118.52
Vietnam,Asia,Middle,Medium,2025-12-01,1.713,1.7514964123566956,118.57
Vietnam,Asia,Middle,Medium,2025-12-08,1.748,1.7267748253339534,119.43
Vietnam,Asia,Middle,Medium,2025-12-15,1.73,1.7358943340243274,118.67
Vietnam,Asia,Middle,Medium,2025-12-22,1.718,1.7129034794742506,117.73
Vietnam,Asia,Middle,Medium,2025-12-29,1.681,1.7069097755162697,117.1
Vietnam,Asia,Middle,Medium,2026-01-05,1.715,1.6958816362625013,118.04
Vietnam,Asia,Middle,Medium,2026-01-12,1.709,1.738786898230202,119.58
Vietnam,Asia,Middle,Medium,2026-01-19,1.717,1.7128215718764588,119.82
Vietnam,Asia,Middle,Medium,2026-01-26,1.719,1.726272399847195,120.32
Vietnam,Asia,Middle,Medium,2026-02-02,1.724,1.7016802674672007,119.36
Vietnam,Asia,Middle,Medium,2026-02-09,1.747,1.7379216876312957,120.21
Vietnam,Asia,Middle,Medium,2026-02-16,1.736,1.7561255375498523,120.67
Vietnam,Asia,Middle,Medium,2026-02-23,1.705,1.7178513282346968,119.62
Vietnam,Asia,Middle,Medium,2026-03-02,1.835,1.7665387142511637,124.85
Vietnam,Asia,Middle,Medium,2026-03-09,1.905,1.8956929534412015,130.0
Vietnam,Asia,Middle,Medium,2026-03-16,1.853,1.9054919499724647,130.0
Vietnam,Asia,Middle,Medium,2026-03-23,1.892,1.8536675817762633,130.0
Vietnam,Asia,Middle,Medium,2026-03-30,1.864,1.8926675817762633,130.0
Vietnam,Asia,Middle,Medium,2026-04-06,1.916,1.8646675817762635,130.0
Zambia,Africa,Low,Low,2025-01-20,2.872,2.891483009900575,122.38
Zambia,Africa,Low,Low,2025-01-27,2.812,2.8219942999935546,120.18
Zambia,Africa,Low,Low,2025-02-03,2.778,2.7853022731989245,119.05
Zambia,Africa,Low,Low,2025-02-10,2.792,2.815809630333086,120.85
Zambia,Africa,Low,Low,2025-02-17,2.794,2.7790939926268727,120.24
Zambia,Africa,Low,Low,2025-02-24,2.756,2.7827651662331983,119.66
Zambia,Africa,Low,Low,2025-03-03,2.79,2.7580085604897735,119.84
Zambia,Africa,Low,Low,2025-03-10,2.753,2.7408416487197806,117.71
Zambia,Africa,Low,Low,2025-03-17,2.79,2.7756070335363545,118.64
Zambia,Africa,Low,Low,2025-03-24,2.811,2.8232795890530933,119.96
Zambia,Africa,Low,Low,2025-03-31,2.805,2.815874434431044,120.22
Zambia,Africa,Low,Low,2025-04-07,2.857,2.8420278332389906,122.0
Zambia,Africa,Low,Low,2025-04-14,2.813,2.811353370895496,120.21
Zambia,Africa,Low,Low,2025-04-21,2.858,2.8602077918877344,122.22
Zambia,Africa,Low,Low,2025-04-28,2.866,2.8319576901863,121.14
Zambia,Africa,Low,Low,2025-05-05,2.806,2.8180267803017953,119.41
Zambia,Africa,Low,Low,2025-05-12,2.786,2.800118855777099,118.92
Zambia,Africa,Low,Low,2025-05-19,2.847,2.8334310038947845,120.97
Zambia,Africa,Low,Low,2025-05-26,2.787,2.8420037341156856,120.74
Zambia,Africa,Low,Low,2025-06-02,2.813,2.7484967086992973,119.42
Zambia,Africa,Low,Low,2025-06-09,2.772,2.7669211659151713,117.67
Zambia,Africa,Low,Low,2025-06-16,2.754,2.7666868886219014,117.34
Zambia,Africa,Low,Low,2025-06-23,2.713,2.6912292350404794,114.75
Zambia,Africa,Low,Low,2025-06-30,2.648,2.6667743036178284,112.99
Zambia,Africa,Low,Low,2025-07-07,2.687,2.6848079407648426,114.64
Zambia,Africa,Low,Low,2025-07-14,2.701,2.7202405553383464,116.03
Zambia,Africa,Low,Low,2025-07-21,2.722,2.6954079462343254,115.68
Zambia,Africa,Low,Low,2025-07-28,2.702,2.7103272067212734,114.92
Zambia,Africa,Low,Low,2025-08-04,2.723,2.6993408742336222,114.79
Zambia,Africa,Low,Low,2025-08-11,2.771,2.783671856371846,117.41
Zambia,Africa,Low,Low,2025-08-18,2.768,2.7760586127233475,117.69
Zambia,Africa,Low,Low,2025-08-25,2.807,2.790768820016072,118.58
Zambia,Africa,Low,Low,2025-09-01,2.743,2.800971993479756,118.14
Zambia,Africa,Low,Low,2025-09-08,2.762,2.7414653289321227,118.01
Zambia,Africa,Low,Low,2025-09-15,2.786,2.777902651835529,118.59
Zambia,Africa,Low,Low,2025-09-22,2.719,2.78518604932909,118.54
Zambia,Africa,Low,Low,2025-09-29,2.723,2.668416017161374,116.06
Zambia,Africa,Low,Low,2025-10-06,2.735,2.756279589053093,117.4
Zambia,Africa,Low,Low,2025-10-13,2.709,2.711872451199864,116.46
Zambia,Africa,Low,Low,2025-10-20,2.799,2.760708572775063,118.8
Zambia,Africa,Low,Low,2025-10-27,2.829,2.814902651835529,119.42
Zambia,Africa,Low,Low,2025-11-03,2.796,2.827465328932123,119.31
Zambia,Africa,Low,Low,2025-11-10,2.818,2.8012445087354365,119.63
Zambia,Africa,Low,Low,2025-11-17,2.827,2.812316814317509,119.3
Zambia,Africa,Low,Low,2025-11-24,2.789,2.808490323130625,118.52
Zambia,Africa,Low,Low,2025-12-01,2.765,2.788947570348579,118.57
Zambia,Africa,Low,Low,2025-12-08,2.767,2.7854196555759465,119.43
Zambia,Africa,Low,Low,2025-12-15,2.756,2.7548260744509636,118.67
Zambia,Africa,Low,Low,2025-12-22,2.741,2.7330193134972065,117.73
Zambia,Africa,Low,Low,2025-12-29,2.763,2.729841515942906,117.1
Zambia,Africa,Low,Low,2026-01-05,2.779,2.785460171239012,118.04
Zambia,Africa,Low,Low,2026-01-12,2.82,2.814934987548331,119.58
Zambia,Africa,Low,Low,2026-01-19,2.81,2.824874434431044,119.82
Zambia,Africa,Low,Low,2026-01-26,2.82,2.8227288720979558,120.32
Zambia,Africa,Low,Low,2026-02-02,2.804,2.7967961014901563,119.36
Zambia,Africa,Low,Low,2026-02-09,2.807,2.8245665178732886,120.21
Zambia,Africa,Low,Low,2026-02-16,2.808,2.819582009800613,120.67
Zambia,Africa,Low,Low,2026-02-23,2.804,2.7803535068267595,119.62
Zambia,Africa,Low,Low,2026-03-02,2.913,2.9006736399137485,124.85
Zambia,Africa,Low,Low,2026-03-09,3.027,3.0092978872105522,130.0
Zambia,Africa,Low,Low,2026-03-16,3.094,3.026986177857993,130.0
Zambia,Africa,Low,Low,2026-03-23,3.03,3.0937484993116935,130.0
Zambia,Africa,Low,Low,2026-03-30,3.048,3.0297484993116934,130.0
Zambia,Africa,Low,Low,2026-04-06,3.046,3.0477484993116937,130.0
Zimbabwe,Africa,Low,Low,2025-01-20,2.944,2.946483009900575,122.38
Zimbabwe,Africa,Low,Low,2025-01-27,2.897,2.8939942999935546,120.18
Zimbabwe,Africa,Low,Low,2025-02-03,2.89,2.8703022731989245,119.05
Zimbabwe,Africa,Low,Low,2025-02-10,2.936,2.927809630333086,120.85
Zimbabwe,Africa,Low,Low,2025-02-17,2.941,2.923093992626873,120.24
Zimbabwe,Africa,Low,Low,2025-02-24,2.897,2.929765166233198,119.66
Zimbabwe,Africa,Low,Low,2025-03-03,2.864,2.8990085604897735,119.84
Zimbabwe,Africa,Low,Low,2025-03-10,2.87,2.8148416487197805,117.71
Zimbabwe,Africa,Low,Low,2025-03-17,2.832,2.8926070335363545,118.64
Zimbabwe,Africa,Low,Low,2025-03-24,2.917,2.865279589053093,119.96
Zimbabwe,Africa,Low,Low,2025-03-31,2.889,2.921874434431044,120.22
Zimbabwe,Africa,Low,Low,2025-04-07,2.941,2.92602783323899,122.0
Zimbabwe,Africa,Low,Low,2025-04-14,2.912,2.8953533708954957,120.21
Zimbabwe,Africa,Low,Low,2025-04-21,2.963,2.959207791887734,122.22
Zimbabwe,Africa,Low,Low,2025-04-28,2.95,2.9369576901863,121.14
Zimbabwe,Africa,Low,Low,2025-05-05,2.88,2.9020267803017954,119.41
Zimbabwe,Africa,Low,Low,2025-05-12,2.869,2.8741188557770987,118.92
Zimbabwe,Africa,Low,Low,2025-05-19,2.929,2.9164310038947847,120.97
Zimbabwe,Africa,Low,Low,2025-05-26,2.917,2.9240037341156855,120.74
Zimbabwe,Africa,Low,Low,2025-06-02,2.884,2.878496708699297,119.42
Zimbabwe,Africa,Low,Low,2025-06-09,2.826,2.837921165915171,117.67
Zimbabwe,Africa,Low,Low,2025-06-16,2.834,2.8206868886219016,117.34
Zimbabwe,Africa,Low,Low,2025-06-23,2.764,2.7712292350404795,114.75
Zimbabwe,Africa,Low,Low,2025-06-30,2.786,2.717774303617828,112.99
Zimbabwe,Africa,Low,Low,2025-07-07,2.802,2.8228079407648425,114.64
Zimbabwe,Africa,Low,Low,2025-07-14,2.826,2.8352405553383466,116.03
Zimbabwe,Africa,Low,Low,2025-07-21,2.806,2.8204079462343254,115.68
Zimbabwe,Africa,Low,Low,2025-07-28,2.804,2.7943272067212734,114.92
Zimbabwe,Africa,Low,Low,2025-08-04,2.766,2.801340874233622,114.79
Zimbabwe,Africa,Low,Low,2025-08-11,2.883,2.826671856371846,117.41
Zimbabwe,Africa,Low,Low,2025-08-18,2.847,2.8880586127233476,117.69
Zimbabwe,Africa,Low,Low,2025-08-25,2.906,2.869768820016072,118.58
Zimbabwe,Africa,Low,Low,2025-09-01,2.86,2.899971993479756,118.14
Zimbabwe,Africa,Low,Low,2025-09-08,2.885,2.8584653289321227,118.01
Zimbabwe,Africa,Low,Low,2025-09-15,2.835,2.900902651835529,118.59
Zimbabwe,Africa,Low,Low,2025-09-22,2.834,2.83418604932909,118.54
Zimbabwe,Africa,Low,Low,2025-09-29,2.835,2.7834160171613744,116.06
Zimbabwe,Africa,Low,Low,2025-10-06,2.835,2.868279589053093,117.4
Zimbabwe,Africa,Low,Low,2025-10-13,2.78,2.8118724511998643,116.46
Zimbabwe,Africa,Low,Low,2025-10-20,2.884,2.831708572775063,118.8
Zimbabwe,Africa,Low,Low,2025-10-27,2.935,2.899902651835529,119.42
Zimbabwe,Africa,Low,Low,2025-11-03,2.861,2.933465328932123,119.31
Zimbabwe,Africa,Low,Low,2025-11-10,2.864,2.866244508735437,119.63
Zimbabwe,Africa,Low,Low,2025-11-17,2.908,2.858316814317509,119.3
Zimbabwe,Africa,Low,Low,2025-11-24,2.841,2.889490323130625,118.52
Zimbabwe,Africa,Low,Low,2025-12-01,2.876,2.840947570348579,118.57
Zimbabwe,Africa,Low,Low,2025-12-08,2.903,2.8964196555759463,119.43
Zimbabwe,Africa,Low,Low,2025-12-15,2.881,2.8908260744509637,118.67
Zimbabwe,Africa,Low,Low,2025-12-22,2.895,2.8580193134972065,117.73
Zimbabwe,Africa,Low,Low,2025-12-29,2.853,2.883841515942906,117.1
Zimbabwe,Africa,Low,Low,2026-01-05,2.862,2.875460171239012,118.04
Zimbabwe,Africa,Low,Low,2026-01-12,2.886,2.8979349875483313,119.58
Zimbabwe,Africa,Low,Low,2026-01-19,2.901,2.890874434431044,119.82
Zimbabwe,Africa,Low,Low,2026-01-26,2.904,2.9137288720979555,120.32
Zimbabwe,Africa,Low,Low,2026-02-02,2.91,2.8807961014901564,119.36
Zimbabwe,Africa,Low,Low,2026-02-09,2.888,2.930566517873289,120.21
Zimbabwe,Africa,Low,Low,2026-02-16,2.886,2.9005820098006128,120.67
Zimbabwe,Africa,Low,Low,2026-02-23,2.884,2.85835350682676,119.62
Zimbabwe,Africa,Low,Low,2026-03-02,3.046,2.9806736399137486,124.85
Zimbabwe,Africa,Low,Low,2026-03-09,3.14,3.1422978872105523,130.0
Zimbabwe,Africa,Low,Low,2026-03-16,3.171,3.139986177857993,130.0
Zimbabwe,Africa,Low,Low,2026-03-23,3.142,3.1707484993116934,130.0
Zimbabwe,Africa,Low,Low,2026-03-30,3.138,3.1417484993116935,130.0
Zimbabwe,Africa,Low,Low,2026-04-06,3.151,3.1377484993116935,130.0
